name,wmc,dit,noc,cbo,rfc,lcom,ca,ce,npm,lcom3,loc,dam,moa,mfa,cam,ic,cbm,amc,max_cc,avg_cc,bug,ast_seq,code_tokens
org.apache.tools.ant.taskdefs.ExecuteOn,11,4,2,14,42,29,2,12,5,0.725,395,1.0,1,0.885057471,0.232323232,3,4,34.54545455,3,1.2727,0,PackageDeclaration_org.apache.tools.ant.taskdefs ClassDeclaration_ExecuteOn FieldDeclaration_ FieldDeclaration_ FieldDeclaration_ FieldDeclaration_ MethodDeclaration_addFileset FormalParameter_set StatementExpression_ MethodInvocation_ MethodDeclaration_setParallel FormalParameter_parallel StatementExpression_ MethodDeclaration_setType FormalParameter_type StatementExpression_ MethodInvocation_ MethodDeclaration_createSrcfile IfStatement_ BlockStatement_ ThrowStatement_ StatementExpression_ MethodInvocation_ ReturnStatement_ MethodDeclaration_checkConfiguration StatementExpression_ IfStatement_ MethodInvocation_ BlockStatement_ ThrowStatement_ MethodDeclaration_runExec FormalParameter_exe TryStatement_ ForStatement_ VariableDeclaration_ MethodInvocation_ BlockStatement_ LocalVariableDeclaration_ LocalVariableDeclaration_ MethodInvocation_ LocalVariableDeclaration_ MethodInvocation_ LocalVariableDeclaration_ MethodInvocation_ IfStatement_ MethodInvocation_ BlockStatement_ LocalVariableDeclaration_ MethodInvocation_ ForStatement_ VariableDeclaration_ BlockStatement_ StatementExpression_ MethodInvocation_ IfStatement_ MethodInvocation_ BlockStatement_ LocalVariableDeclaration_ MethodInvocation_ Statement_ ForStatement_ VariableDeclaration_ BlockStatement_ StatementExpression_ MethodInvocation_ LocalVariableDeclaration_ MethodInvocation_ StatementExpression_ MethodInvocation_ LocalVariableDeclaration_ IfStatement_ BlockStatement_ LocalVariableDeclaration_ MethodInvocation_ StatementExpression_ MethodInvocation_ MethodInvocation_ StatementExpression_ MethodInvocation_ StatementExpression_ MethodInvocation_ IfStatement_ BlockStatement_ IfStatement_ BlockStatement_ ThrowStatement_ BlockStatement_ StatementExpression_ MethodInvocation_ BlockStatement_ ForStatement_ VariableDeclaration_ BlockStatement_ LocalVariableDeclaration_ MethodInvocation_ StatementExpression_ MethodInvocation_ MethodInvocation_ StatementExpression_ MethodInvocation_ StatementExpression_ MethodInvocation_ IfStatement_ BlockStatement_ IfStatement_ BlockStatement_ ThrowStatement_ BlockStatement_ StatementExpression_ MethodInvocation_ CatchClause_ CatchClauseParameter_e ThrowStatement_ StatementExpression_ MethodInvocation_ MethodDeclaration_getCommandline FormalParameter_srcFiles FormalParameter_baseDir LocalVariableDeclaration_ MethodInvocation_ LocalVariableDeclaration_ LocalVariableDeclaration_ IfStatement_ BlockStatement_ StatementExpression_ MethodInvocation_ StatementExpression_ MethodInvocation_ ForStatement_ VariableDeclaration_ BlockStatement_ StatementExpression_ MethodInvocation_ StatementExpression_ MethodInvocation_ ReturnStatement_ MethodDeclaration_getCommandline FormalParameter_srcFile FormalParameter_baseDir ReturnStatement_ MethodInvocation_ MethodDeclaration_getFiles FormalParameter_basedir FormalParameter_ds ReturnStatement_ MethodInvocation_ MethodDeclaration_getDirs FormalParameter_basedir FormalParameter_ds ReturnStatement_ MethodInvocation_ ClassDeclaration_FileDirBoth MethodDeclaration_getValues ReturnStatement_,"package org apache tools ant taskdefs import org apache tools ant import org apache tools ant types import java util Vector import java io File import java io IOException public class ExecuteOn extends ExecTask protected Vector filesets new Vector private boolean parallel false protected String type ""file"" protected Commandline Marker srcFilePos null public void addFileset FileSet set filesets addElement set public void setParallel boolean parallel this parallel parallel public void setType FileDirBoth type this type type getValue public Commandline Marker createSrcfile if srcFilePos null throw new BuildException taskType "" doesn\'t support multiple srcfile elements."" location srcFilePos cmdl createMarker return srcFilePos protected void checkConfiguration super checkConfiguration if filesets size 0 throw new BuildException ""no filesets specified"" location protected void runExec Execute exe throws BuildException try for int i 0 i filesets size i Vector v new Vector FileSet fs FileSet filesets elementAt i File base fs getDir project DirectoryScanner ds fs getDirectoryScanner project if ""dir"" equals type String s getFiles base ds for int j 0 j s length j v addElement s j if ""file"" equals type String s getDirs base ds for int j 0 j s length j v addElement s j String s new String v size v copyInto s int err 1 if parallel String command getCommandline s base log ""Executing "" Commandline toString command Project MSG_VERBOSE exe setCommandline command err exe execute if err 0 if failOnError throw new BuildException ""Exec returned: "" err location else log ""Result: "" err Project MSG_ERR else for int j 0 j s length j String command getCommandline s j base log ""Executing "" Commandline toString command Project MSG_VERBOSE exe setCommandline command err exe execute if err 0 if failOnError throw new BuildException ""Exec returned: "" err location else log ""Result: "" err Project MSG_ERR catch IOException e throw new BuildException ""Execute failed: "" e e location finally logFlush protected String getCommandline String srcFiles File baseDir String orig cmdl getCommandline String result new String orig length srcFiles length int index orig length if srcFilePos null index srcFilePos getPosition System arraycopy orig 0 result 0 index for int i 0 i srcFiles length i result index i new File baseDir srcFiles i getAbsolutePath System arraycopy orig index result index srcFiles length orig length index return result protected String getCommandline String srcFile File baseDir return getCommandline new String srcFile baseDir protected String getFiles File basedir DirectoryScanner ds return ds getIncludedFiles protected String getDirs File basedir DirectoryScanner ds return ds getIncludedDirectories public static class FileDirBoth extends EnumeratedAttribute public String getValues return new String ""file"" ""dir"" ""both"""
org.apache.tools.ant.DefaultLogger,14,1,1,8,32,49,4,4,12,0.835164835,257,1.0,0,0.0,0.307692308,0,0,16.85714286,6,1.6429,2,PackageDeclaration_org.apache.tools.ant ClassDeclaration_DefaultLogger FieldDeclaration_ FieldDeclaration_ FieldDeclaration_ FieldDeclaration_ FieldDeclaration_ MethodInvocation_ FieldDeclaration_ MethodInvocation_ FieldDeclaration_ MethodDeclaration_setMessageOutputLevel FormalParameter_level StatementExpression_ MethodDeclaration_setOutputPrintStream FormalParameter_output StatementExpression_ MethodDeclaration_setErrorPrintStream FormalParameter_err StatementExpression_ MethodDeclaration_setEmacsMode FormalParameter_emacsMode StatementExpression_ MethodDeclaration_buildStarted FormalParameter_event StatementExpression_ MethodInvocation_ MethodDeclaration_buildFinished FormalParameter_event LocalVariableDeclaration_ MethodInvocation_ IfStatement_ BlockStatement_ StatementExpression_ MethodInvocation_ BlockStatement_ StatementExpression_ MethodInvocation_ StatementExpression_ MethodInvocation_ StatementExpression_ MethodInvocation_ MethodInvocation_ MethodInvocation_ MethodDeclaration_targetStarted FormalParameter_event IfStatement_ BlockStatement_ StatementExpression_ MethodInvocation_ MethodInvocation_ MethodInvocation_ MethodDeclaration_targetFinished FormalParameter_event MethodDeclaration_taskStarted FormalParameter_event MethodDeclaration_taskFinished FormalParameter_event MethodDeclaration_messageLogged FormalParameter_event LocalVariableDeclaration_ MethodInvocation_ IfStatement_ MethodInvocation_ BlockStatement_ IfStatement_ MethodInvocation_ BlockStatement_ LocalVariableDeclaration_ MethodInvocation_ MethodInvocation_ IfStatement_ BlockStatement_ LocalVariableDeclaration_ ForStatement_ VariableDeclaration_ MethodInvocation_ BlockStatement_ StatementExpression_ MethodInvocation_ StatementExpression_ MethodInvocation_ StatementExpression_ MethodInvocation_ MethodInvocation_ MethodDeclaration_formatTime FormalParameter_millis LocalVariableDeclaration_ LocalVariableDeclaration_ IfStatement_ BlockStatement_ ReturnStatement_ MethodInvocation_ MethodInvocation_ BlockStatement_ ReturnStatement_ MethodInvocation_,"package org apache tools ant import java io public class DefaultLogger implements BuildLogger private static int LEFT_COLUMN_SIZE 12 protected PrintStream out protected PrintStream err protected int msgOutputLevel Project MSG_ERR private long startTime System currentTimeMillis protected static String lSep System getProperty ""line.separator"" protected boolean emacsMode false public void setMessageOutputLevel int level this msgOutputLevel level public void setOutputPrintStream PrintStream output this out output public void setErrorPrintStream PrintStream err this err err public void setEmacsMode boolean emacsMode this emacsMode emacsMode public void buildStarted BuildEvent event startTime System currentTimeMillis public void buildFinished BuildEvent event Throwable error event getException if error null out println lSep ""BUILD SUCCESSFUL"" else err println lSep ""BUILD FAILED"" lSep error printStackTrace err out println lSep ""Total time: "" formatTime System currentTimeMillis startTime public void targetStarted BuildEvent event if Project MSG_INFO msgOutputLevel out println lSep event getTarget getName "":"" public void targetFinished BuildEvent event public void taskStarted BuildEvent event public void taskFinished BuildEvent event public void messageLogged BuildEvent event PrintStream logTo event getPriority Project MSG_ERR err out if event getPriority msgOutputLevel if event getTask null String name event getTask getTaskName if emacsMode String msg ""["" name ""] "" for int i 0 i LEFT_COLUMN_SIZE msg length i logTo print "" "" logTo print msg logTo println event getMessage protected static String formatTime long millis long seconds millis 1000 long minutes seconds 60 if minutes 0 return Long toString minutes "" minute"" minutes 1 "" "" ""s "" Long toString seconds 60 "" second"" seconds 60 1 """" ""s"" else return Long toString seconds "" second"" seconds 60 1 """" ""s"""
org.apache.tools.ant.taskdefs.TaskOutputStream,3,2,0,1,9,0,0,1,1,0.0,58,1.0,1,0.714285714,0.666666667,1,1,17.33333333,1,0.6667,0,PackageDeclaration_org.apache.tools.ant.taskdefs ClassDeclaration_TaskOutputStream FieldDeclaration_ FieldDeclaration_ FieldDeclaration_ ConstructorDeclaration_TaskOutputStream FormalParameter_task FormalParameter_msgOutputLevel StatementExpression_ StatementExpression_ StatementExpression_ MethodDeclaration_write FormalParameter_c LocalVariableDeclaration_ IfStatement_ BlockStatement_ IfStatement_ MethodInvocation_ BlockStatement_ StatementExpression_ MethodInvocation_ BlockStatement_ StatementExpression_ MethodInvocation_ MethodDeclaration_processLine LocalVariableDeclaration_ MethodInvocation_ StatementExpression_ MethodInvocation_ StatementExpression_,package org apache tools ant taskdefs import org apache tools ant import java io public class TaskOutputStream extends OutputStream private Task task private StringBuffer line private int msgOutputLevel TaskOutputStream Task task int msgOutputLevel this task task this msgOutputLevel msgOutputLevel line new StringBuffer public void write int c throws IOException char cc char c if cc '\r' cc '\n' if line length 0 processLine else line append cc private void processLine String s line toString task log s msgOutputLevel line new StringBuffer
org.apache.tools.ant.taskdefs.Cvs,12,3,0,12,37,32,0,12,12,0.858585859,310,1.0,1,0.770833333,0.458333333,0,0,24.08333333,3,1.4167,0,PackageDeclaration_org.apache.tools.ant.taskdefs ClassDeclaration_Cvs FieldDeclaration_ FieldDeclaration_ FieldDeclaration_ FieldDeclaration_ FieldDeclaration_ FieldDeclaration_ FieldDeclaration_ FieldDeclaration_ FieldDeclaration_ MethodDeclaration_execute LocalVariableDeclaration_ StatementExpression_ MethodInvocation_ IfStatement_ BlockStatement_ StatementExpression_ MethodInvocation_ MethodInvocation_ StatementExpression_ MethodInvocation_ MethodInvocation_ IfStatement_ BlockStatement_ StatementExpression_ MethodInvocation_ MethodInvocation_ IfStatement_ BlockStatement_ StatementExpression_ MethodInvocation_ MethodInvocation_ StatementExpression_ MethodInvocation_ MethodInvocation_ StatementExpression_ MethodInvocation_ MethodInvocation_ IfStatement_ BlockStatement_ StatementExpression_ MethodInvocation_ MethodInvocation_ LocalVariableDeclaration_ LocalVariableDeclaration_ LocalVariableDeclaration_ IfStatement_ BlockStatement_ StatementExpression_ BlockStatement_ IfStatement_ BlockStatement_ TryStatement_ StatementExpression_ CatchClause_ CatchClauseParameter_e ThrowStatement_ BlockStatement_ StatementExpression_ IfStatement_ BlockStatement_ TryStatement_ StatementExpression_ CatchClause_ CatchClauseParameter_e ThrowStatement_ BlockStatement_ StatementExpression_ StatementExpression_ LocalVariableDeclaration_ StatementExpression_ MethodInvocation_ IfStatement_ StatementExpression_ MethodInvocation_ StatementExpression_ MethodInvocation_ StatementExpression_ MethodInvocation_ MethodInvocation_ TryStatement_ StatementExpression_ MethodInvocation_ CatchClause_ CatchClauseParameter_e ThrowStatement_ IfStatement_ BlockStatement_ TryStatement_ StatementExpression_ MethodInvocation_ CatchClause_ CatchClauseParameter_e IfStatement_ BlockStatement_ TryStatement_ StatementExpression_ MethodInvocation_ CatchClause_ CatchClauseParameter_e MethodDeclaration_setCvsRoot FormalParameter_root IfStatement_ BlockStatement_ IfStatement_ MethodInvocation_ MethodInvocation_ StatementExpression_ StatementExpression_ MethodDeclaration_setDest FormalParameter_dest StatementExpression_ MethodDeclaration_setPackage FormalParameter_p StatementExpression_ MethodDeclaration_setTag FormalParameter_p IfStatement_ MethodInvocation_ MethodInvocation_ BlockStatement_ StatementExpression_ MethodInvocation_ MethodInvocation_ StatementExpression_ MethodInvocation_ MethodInvocation_ MethodDeclaration_setDate FormalParameter_p IfStatement_ MethodInvocation_ MethodInvocation_ BlockStatement_ StatementExpression_ MethodInvocation_ MethodInvocation_ StatementExpression_ MethodInvocation_ MethodInvocation_ MethodDeclaration_setCommand FormalParameter_c StatementExpression_ MethodDeclaration_setQuiet FormalParameter_q StatementExpression_ MethodDeclaration_setNoexec FormalParameter_ne StatementExpression_ MethodDeclaration_setOutput FormalParameter_output StatementExpression_ MethodDeclaration_setError FormalParameter_error StatementExpression_,"package org apache tools ant taskdefs import org apache tools ant import org apache tools ant types Commandline import java io public class Cvs extends Task private Commandline cmd new Commandline private String cvsRoot private String pack private String command ""checkout"" private boolean quiet false private boolean noexec false private File dest private File output private File error public void execute throws BuildException Commandline toExecute new Commandline toExecute setExecutable ""cvs"" if cvsRoot null toExecute createArgument setValue ""-d"" toExecute createArgument setValue cvsRoot if noexec toExecute createArgument setValue ""-n"" if quiet toExecute createArgument setValue ""-q"" toExecute createArgument setLine command toExecute addArguments cmd getCommandline if pack null toExecute createArgument setLine pack ExecuteStreamHandler streamhandler null OutputStream outputstream null OutputStream errorstream null if error null output null streamhandler new LogStreamHandler this Project MSG_INFO Project MSG_WARN else if output null try outputstream new PrintStream new BufferedOutputStream new FileOutputStream output catch IOException e throw new BuildException e location else outputstream new LogOutputStream this Project MSG_INFO if error null try errorstream new PrintStream new BufferedOutputStream new FileOutputStream error catch IOException e throw new BuildException e location else errorstream new LogOutputStream this Project MSG_WARN streamhandler new PumpStreamHandler outputstream errorstream Execute exe new Execute streamhandler null exe setAntRun project if dest null dest project getBaseDir exe setWorkingDirectory dest exe setCommandline toExecute getCommandline try exe execute catch IOException e throw new BuildException e location finally if output null try outputstream close catch IOException e if error null try errorstream close catch IOException e public void setCvsRoot String root if root null if root trim equals """" root null this cvsRoot root public void setDest File dest this dest dest public void setPackage String p this pack p public void setTag String p if p null p trim length 0 cmd createArgument setValue ""-r"" cmd createArgument setValue p public void setDate String p if p null p trim length 0 cmd createArgument setValue ""-D"" cmd createArgument setValue p public void setCommand String c this command c public void setQuiet boolean q quiet q public void setNoexec boolean ne noexec ne public void setOutput File output this output output public void setError File error this error error"
org.apache.tools.ant.taskdefs.Copyfile,6,3,0,4,21,1,0,4,6,0.7,136,1.0,0,0.880952381,0.416666667,2,2,21.0,1,0.8333,0,PackageDeclaration_org.apache.tools.ant.taskdefs ClassDeclaration_Copyfile FieldDeclaration_ FieldDeclaration_ FieldDeclaration_ FieldDeclaration_ MethodDeclaration_setSrc FormalParameter_src StatementExpression_ MethodDeclaration_setForceoverwrite FormalParameter_force StatementExpression_ MethodDeclaration_setDest FormalParameter_dest StatementExpression_ MethodDeclaration_setFiltering FormalParameter_filter StatementExpression_ MethodInvocation_ MethodDeclaration_execute StatementExpression_ MethodInvocation_ IfStatement_ BlockStatement_ ThrowStatement_ IfStatement_ MethodInvocation_ BlockStatement_ ThrowStatement_ MethodInvocation_ IfStatement_ BlockStatement_ ThrowStatement_ IfStatement_ MethodInvocation_ BlockStatement_ StatementExpression_ MethodInvocation_ IfStatement_ MethodInvocation_ MethodInvocation_ BlockStatement_ TryStatement_ StatementExpression_ MethodInvocation_ CatchClause_ CatchClauseParameter_ioe LocalVariableDeclaration_ MethodInvocation_ MethodInvocation_ ThrowStatement_,"package org apache tools ant taskdefs import java io import java util import org apache tools ant public class Copyfile extends Task private File srcFile private File destFile private boolean filtering false private boolean forceOverwrite false public void setSrc File src srcFile src public void setForceoverwrite boolean force forceOverwrite force public void setDest File dest destFile dest public void setFiltering String filter filtering Project toBoolean filter public void execute throws BuildException log ""DEPRECATED - The copyfile task is deprecated.  Use copy instead."" if srcFile null throw new BuildException ""The src attribute must be present."" location if srcFile exists throw new BuildException ""src "" srcFile toString "" does not exist."" location if destFile null throw new BuildException ""The dest attribute must be present."" location if srcFile equals destFile log ""Warning: src == dest"" if forceOverwrite srcFile lastModified destFile lastModified try project copyFile srcFile destFile filtering forceOverwrite catch IOException ioe String msg ""Error copying file: "" srcFile getAbsolutePath "" due to "" ioe getMessage throw new BuildException msg"
org.apache.tools.ant.util.GlobPatternMapper,5,1,0,3,15,0,2,1,4,0.5,137,1.0,0,0.0,0.9,0,0,25.2,4,1.8,0,PackageDeclaration_org.apache.tools.ant.util ClassDeclaration_GlobPatternMapper FieldDeclaration_ FieldDeclaration_ FieldDeclaration_ FieldDeclaration_ FieldDeclaration_ FieldDeclaration_ MethodDeclaration_setFrom FormalParameter_from LocalVariableDeclaration_ MethodInvocation_ IfStatement_ BlockStatement_ StatementExpression_ StatementExpression_ BlockStatement_ StatementExpression_ MethodInvocation_ StatementExpression_ MethodInvocation_ StatementExpression_ MethodInvocation_ StatementExpression_ MethodInvocation_ MethodDeclaration_setTo FormalParameter_to LocalVariableDeclaration_ MethodInvocation_ IfStatement_ BlockStatement_ StatementExpression_ StatementExpression_ BlockStatement_ StatementExpression_ MethodInvocation_ StatementExpression_ MethodInvocation_ MethodDeclaration_mapFileName FormalParameter_sourceFileName IfStatement_ MethodInvocation_ MethodInvocation_ BlockStatement_ ReturnStatement_ ReturnStatement_ MethodInvocation_ MethodDeclaration_extractVariablePart FormalParameter_name ReturnStatement_ MethodInvocation_ MethodInvocation_,"package org apache tools ant util public class GlobPatternMapper implements FileNameMapper protected String fromPrefix null protected String fromPostfix null protected int prefixLength protected int postfixLength protected String toPrefix null protected String toPostfix null public void setFrom String from int index from lastIndexOf ""*"" if index 1 fromPrefix from fromPostfix """" else fromPrefix from substring 0 index fromPostfix from substring index 1 prefixLength fromPrefix length postfixLength fromPostfix length public void setTo String to int index to lastIndexOf ""*"" if index 1 toPrefix to toPostfix """" else toPrefix to substring 0 index toPostfix to substring index 1 public String mapFileName String sourceFileName if fromPrefix null sourceFileName startsWith fromPrefix sourceFileName endsWith fromPostfix return null return new String toPrefix extractVariablePart sourceFileName toPostfix protected String extractVariablePart String name return name substring prefixLength name length postfixLength"
org.apache.tools.ant.taskdefs.Move,4,4,0,6,32,6,0,6,1,2.0,325,0.0,0,0.963855422,0.75,3,5,80.25,11,5.25,0,PackageDeclaration_org.apache.tools.ant.taskdefs ClassDeclaration_Move ConstructorDeclaration_Move StatementExpression_ StatementExpression_ MethodDeclaration_doFileOperations IfStatement_ MethodInvocation_ BlockStatement_ StatementExpression_ MethodInvocation_ MethodInvocation_ MethodInvocation_ LocalVariableDeclaration_ MethodInvocation_ WhileStatement_ MethodInvocation_ BlockStatement_ LocalVariableDeclaration_ MethodInvocation_ LocalVariableDeclaration_ MethodInvocation_ TryStatement_ StatementExpression_ MethodInvocation_ StatementExpression_ MethodInvocation_ LocalVariableDeclaration_ IfStatement_ MethodInvocation_ BlockStatement_ ThrowStatement_ MethodInvocation_ CatchClause_ CatchClauseParameter_ioe LocalVariableDeclaration_ MethodInvocation_ ThrowStatement_ IfStatement_ BlockStatement_ LocalVariableDeclaration_ MethodInvocation_ LocalVariableDeclaration_ WhileStatement_ MethodInvocation_ BlockStatement_ LocalVariableDeclaration_ MethodInvocation_ IfStatement_ MethodInvocation_ BlockStatement_ IfStatement_ MethodInvocation_ BlockStatement_ StatementExpression_ MethodInvocation_ MethodInvocation_ BlockStatement_ StatementExpression_ IfStatement_ BlockStatement_ StatementExpression_ MethodInvocation_ MethodInvocation_ IfStatement_ MethodInvocation_ BlockStatement_ LocalVariableDeclaration_ MethodInvocation_ WhileStatement_ MethodInvocation_ BlockStatement_ LocalVariableDeclaration_ MethodInvocation_ LocalVariableDeclaration_ MethodInvocation_ IfStatement_ MethodInvocation_ BlockStatement_ StatementExpression_ MethodInvocation_ MethodDeclaration_okToDelete FormalParameter_d LocalVariableDeclaration_ MethodInvocation_ IfStatement_ ReturnStatement_ ForStatement_ VariableDeclaration_ BlockStatement_ LocalVariableDeclaration_ LocalVariableDeclaration_ IfStatement_ MethodInvocation_ BlockStatement_ IfStatement_ MethodInvocation_ ReturnStatement_ BlockStatement_ ReturnStatement_ ReturnStatement_ MethodDeclaration_deleteDir FormalParameter_d LocalVariableDeclaration_ MethodInvocation_ IfStatement_ ReturnStatement_ ForStatement_ VariableDeclaration_ BlockStatement_ LocalVariableDeclaration_ LocalVariableDeclaration_ IfStatement_ MethodInvocation_ BlockStatement_ StatementExpression_ MethodInvocation_ BlockStatement_ ThrowStatement_ MethodInvocation_ StatementExpression_ MethodInvocation_ MethodInvocation_ IfStatement_ MethodInvocation_ BlockStatement_ ThrowStatement_ MethodInvocation_,"package org apache tools ant taskdefs import org apache tools ant import org apache tools ant types import java io import java util public class Move extends Copy public Move super forceOverwrite true protected void doFileOperations if fileCopyMap size 0 log ""Moving "" fileCopyMap size "" files to "" destDir getAbsolutePath Enumeration e fileCopyMap keys while e hasMoreElements String fromFile String e nextElement String toFile String fileCopyMap get fromFile try log ""Moving "" fromFile "" to "" toFile verbosity project copyFile fromFile toFile filtering forceOverwrite File f new File fromFile if f delete throw new BuildException ""Unable to delete file "" f getAbsolutePath catch IOException ioe String msg ""Failed to copy "" fromFile "" to "" toFile "" due to "" ioe getMessage throw new BuildException msg ioe location if includeEmpty Enumeration e dirCopyMap elements int count 0 while e hasMoreElements File d new File String e nextElement if d exists if d mkdirs log ""Unable to create directory "" d getAbsolutePath Project MSG_ERR else count if count 0 log ""Moved "" count "" empty directories to "" destDir getAbsolutePath if filesets size 0 Enumeration e filesets elements while e hasMoreElements FileSet fs FileSet e nextElement File dir fs getDir project if okToDelete dir deleteDir dir protected boolean okToDelete File d String list d list if list null return false for int i 0 i list length i String s list i File f new File d s if f isDirectory if okToDelete f return false else return false return true protected void deleteDir File d String list d list if list null return for int i 0 i list length i String s list i File f new File d s if f isDirectory deleteDir f else throw new BuildException ""UNEXPECTED ERROR - The file "" f getAbsolutePath "" should not exist!"" log ""Deleting directory "" d getAbsolutePath verbosity if d delete throw new BuildException ""Unable to delete directory "" d getAbsolutePath"
org.apache.tools.tar.TarInputStream,16,3,0,3,40,84,1,2,16,0.658333333,604,1.0,2,0.580645161,0.291666667,2,7,36.25,1,0.8125,0,PackageDeclaration_org.apache.tools.tar ClassDeclaration_TarInputStream FieldDeclaration_ FieldDeclaration_ FieldDeclaration_ FieldDeclaration_ FieldDeclaration_ FieldDeclaration_ FieldDeclaration_ FieldDeclaration_ ConstructorDeclaration_TarInputStream FormalParameter_is StatementExpression_ ConstructorDeclaration_TarInputStream FormalParameter_is FormalParameter_blockSize StatementExpression_ ConstructorDeclaration_TarInputStream FormalParameter_is FormalParameter_blockSize FormalParameter_recordSize StatementExpression_ StatementExpression_ StatementExpression_ StatementExpression_ StatementExpression_ StatementExpression_ MethodDeclaration_setDebug FormalParameter_debug StatementExpression_ StatementExpression_ MethodInvocation_ MethodDeclaration_close StatementExpression_ MethodInvocation_ MethodDeclaration_getRecordSize ReturnStatement_ MethodInvocation_ MethodDeclaration_available ReturnStatement_ MethodDeclaration_skip FormalParameter_numToSkip LocalVariableDeclaration_ ForStatement_ VariableDeclaration_ BlockStatement_ LocalVariableDeclaration_ MethodInvocation_ IfStatement_ BlockStatement_ BreakStatement_ StatementExpression_ MethodDeclaration_markSupported ReturnStatement_ MethodDeclaration_mark FormalParameter_markLimit MethodDeclaration_reset MethodDeclaration_getNextEntry IfStatement_ BlockStatement_ ReturnStatement_ IfStatement_ BlockStatement_ LocalVariableDeclaration_ IfStatement_ BlockStatement_ StatementExpression_ MethodInvocation_ MethodInvocation_ IfStatement_ BlockStatement_ StatementExpression_ MethodInvocation_ StatementExpression_ LocalVariableDeclaration_ MethodInvocation_ IfStatement_ BlockStatement_ IfStatement_ BlockStatement_ StatementExpression_ MethodInvocation_ StatementExpression_ IfStatement_ MethodInvocation_ BlockStatement_ IfStatement_ BlockStatement_ StatementExpression_ MethodInvocation_ StatementExpression_ IfStatement_ BlockStatement_ StatementExpression_ BlockStatement_ StatementExpression_ IfStatement_ BlockStatement_ StatementExpression_ StatementExpression_ StatementExpression_ ThrowStatement_ MethodInvocation_ MethodInvocation_ IfStatement_ BlockStatement_ StatementExpression_ MethodInvocation_ MethodInvocation_ MethodInvocation_ StatementExpression_ StatementExpression_ MethodInvocation_ IfStatement_ MethodInvocation_ BlockStatement_ LocalVariableDeclaration_ LocalVariableDeclaration_ LocalVariableDeclaration_ WhileStatement_ MethodInvocation_ BlockStatement_ StatementExpression_ MethodInvocation_ StatementExpression_ MethodInvocation_ StatementExpression_ MethodInvocation_ MethodInvocation_ ReturnStatement_ MethodDeclaration_read LocalVariableDeclaration_ MethodInvocation_ IfStatement_ BlockStatement_ ReturnStatement_ BlockStatement_ ReturnStatement_ MethodDeclaration_read FormalParameter_buf ReturnStatement_ MethodInvocation_ MethodDeclaration_read FormalParameter_buf FormalParameter_offset FormalParameter_numToRead LocalVariableDeclaration_ IfStatement_ BlockStatement_ ReturnStatement_ IfStatement_ BlockStatement_ StatementExpression_ IfStatement_ BlockStatement_ LocalVariableDeclaration_ StatementExpression_ MethodInvocation_ IfStatement_ BlockStatement_ StatementExpression_ BlockStatement_ LocalVariableDeclaration_ LocalVariableDeclaration_ StatementExpression_ MethodInvocation_ StatementExpression_ StatementExpression_ StatementExpression_ StatementExpression_ WhileStatement_ BlockStatement_ LocalVariableDeclaration_ MethodInvocation_ IfStatement_ BlockStatement_ ThrowStatement_ LocalVariableDeclaration_ LocalVariableDeclaration_ IfStatement_ BlockStatement_ StatementExpression_ MethodInvocation_ StatementExpression_ StatementExpression_ MethodInvocation_ BlockStatement_ StatementExpression_ StatementExpression_ MethodInvocation_ StatementExpression_ StatementExpression_ StatementExpression_ StatementExpression_ ReturnStatement_ MethodDeclaration_copyEntryContents FormalParameter_out LocalVariableDeclaration_ WhileStatement_ BlockStatement_ LocalVariableDeclaration_ MethodInvocation_ IfStatement_ BlockStatement_ BreakStatement_ StatementExpression_ MethodInvocation_,"package org apache tools tar import java io public class TarInputStream extends FilterInputStream protected boolean debug protected boolean hasHitEOF protected int entrySize protected int entryOffset protected byte oneBuf protected byte readBuf protected TarBuffer buffer protected TarEntry currEntry public TarInputStream InputStream is this is TarBuffer DEFAULT_BLKSIZE TarBuffer DEFAULT_RCDSIZE public TarInputStream InputStream is int blockSize this is blockSize TarBuffer DEFAULT_RCDSIZE public TarInputStream InputStream is int blockSize int recordSize super is this buffer new TarBuffer is blockSize recordSize this readBuf null this oneBuf new byte 1 this debug false this hasHitEOF false public void setDebug boolean debug this debug debug this buffer setDebug debug public void close throws IOException this buffer close public int getRecordSize return this buffer getRecordSize public int available throws IOException return this entrySize this entryOffset public void skip int numToSkip throws IOException byte skipBuf new byte 8 1024 for int num numToSkip num 0 int numRead this read skipBuf 0 num skipBuf length skipBuf length num if numRead 1 break num numRead public boolean markSupported return false public void mark int markLimit public void reset public TarEntry getNextEntry throws IOException if this hasHitEOF return null if this currEntry null int numToSkip this entrySize this entryOffset if this debug System err println ""TarInputStream: SKIP currENTRY '"" this currEntry getName ""' SZ "" this entrySize "" OFF "" this entryOffset ""  skipping "" numToSkip "" bytes"" if numToSkip 0 this skip numToSkip this readBuf null byte headerBuf this buffer readRecord if headerBuf null if this debug System err println ""READ NULL RECORD"" this hasHitEOF true else if this buffer isEOFRecord headerBuf if this debug System err println ""READ EOF RECORD"" this hasHitEOF true if this hasHitEOF this currEntry null else this currEntry new TarEntry headerBuf if headerBuf 257 'u' headerBuf 258 's' headerBuf 259 't' headerBuf 260 'a' headerBuf 261 'r' this entrySize 0 this entryOffset 0 this currEntry null throw new IOException ""bad header in block "" this buffer getCurrentBlockNum "" record "" this buffer getCurrentRecordNum "", "" ""header magic is not 'ustar', but '"" headerBuf 257 headerBuf 258 headerBuf 259 headerBuf 260 headerBuf 261 ""', or (dec) "" int headerBuf 257 "", "" int headerBuf 258 "", "" int headerBuf 259 "", "" int headerBuf 260 "", "" int headerBuf 261 if this debug System err println ""TarInputStream: SET CURRENTRY '"" this currEntry getName ""' size = "" this currEntry getSize this entryOffset 0 this entrySize int this currEntry getSize if this currEntry null this currEntry isGNULongNameEntry StringBuffer longName new StringBuffer byte buffer new byte 256 int length 0 while length read buffer 0 longName append new String buffer 0 length getNextEntry this currEntry setName longName toString return this currEntry public int read throws IOException int num this read this oneBuf 0 1 if num 1 return num else return int this oneBuf 0 public int read byte buf throws IOException return this read buf 0 buf length public int read byte buf int offset int numToRead throws IOException int totalRead 0 if this entryOffset this entrySize return 1 if numToRead this entryOffset this entrySize numToRead this entrySize this entryOffset if this readBuf null int sz numToRead this readBuf length this readBuf length numToRead System arraycopy this readBuf 0 buf offset sz if sz this readBuf length this readBuf null else int newLen this readBuf length sz byte newBuf new byte newLen System arraycopy this readBuf sz newBuf 0 newLen this readBuf newBuf totalRead sz numToRead sz offset sz while numToRead 0 byte rec this buffer readRecord if rec null throw new IOException ""unexpected EOF with "" numToRead "" bytes unread"" int sz numToRead int recLen rec length if recLen sz System arraycopy rec 0 buf offset sz this readBuf new byte recLen sz System arraycopy rec sz this readBuf 0 recLen sz else sz recLen System arraycopy rec 0 buf offset recLen totalRead sz numToRead sz offset sz this entryOffset totalRead return totalRead public void copyEntryContents OutputStream out throws IOException byte buf new byte 32 1024 while true int numRead this read buf 0 buf length if numRead 1 break out write buf 0 numRead"
org.apache.tools.ant.taskdefs.CompileTask,4,5,0,5,21,0,0,5,4,0.333333333,87,1.0,0,0.98089172,1.0,1,1,20.5,3,1.25,0,PackageDeclaration_org.apache.tools.ant.taskdefs ClassDeclaration_CompileTask FieldDeclaration_ MethodDeclaration_createTaskdef LocalVariableDeclaration_ StatementExpression_ MethodInvocation_ ReturnStatement_ MethodDeclaration_init StatementExpression_ MethodInvocation_ StatementExpression_ MethodInvocation_ ForStatement_ VariableDeclaration_ MethodInvocation_ MethodInvocation_ BlockStatement_ LocalVariableDeclaration_ MethodInvocation_ LocalVariableDeclaration_ MethodInvocation_ MethodInvocation_ LocalVariableDeclaration_ StatementExpression_ MethodInvocation_ StatementExpression_ StatementExpression_ ForStatement_ VariableDeclaration_ MethodInvocation_ MethodInvocation_ BlockStatement_ LocalVariableDeclaration_ MethodInvocation_ StatementExpression_ MethodInvocation_ MethodDeclaration_execute,"package org apache tools ant taskdefs import org apache tools ant import org apache tools ant types PatternSet import java util public class CompileTask extends Javac protected Vector taskList new Vector public Taskdef createTaskdef Taskdef task new Taskdef taskList addElement task return task public void init log ""!! CompileTask is deprecated. !!"" log ""Use <taskdef> elements nested into <target>s instead"" for Enumeration e taskList elements e hasMoreElements Taskdef task Taskdef e nextElement String source task getClassname replace '.' '/' "".java"" PatternSet NameEntry include super createInclude include setName ""**/"" source super init super execute for Enumeration e taskList elements e hasMoreElements Taskdef task Taskdef e nextElement task init public void execute"
org.apache.tools.ant.types.PatternSet,17,3,0,10,55,76,5,6,11,0.59375,461,1.0,0,0.652173913,0.285714286,1,1,25.88235294,6,2.6471,1,PackageDeclaration_org.apache.tools.ant.types ClassDeclaration_PatternSet FieldDeclaration_ FieldDeclaration_ FieldDeclaration_ FieldDeclaration_ ClassDeclaration_NameEntry FieldDeclaration_ FieldDeclaration_ FieldDeclaration_ MethodDeclaration_setName FormalParameter_name StatementExpression_ MethodDeclaration_setIf FormalParameter_cond StatementExpression_ MethodDeclaration_setUnless FormalParameter_cond StatementExpression_ MethodDeclaration_getName ReturnStatement_ MethodDeclaration_evalName FormalParameter_p ReturnStatement_ MethodInvocation_ MethodDeclaration_valid FormalParameter_p IfStatement_ MethodInvocation_ BlockStatement_ ReturnStatement_ IfStatement_ MethodInvocation_ BlockStatement_ ReturnStatement_ ReturnStatement_ ConstructorDeclaration_PatternSet StatementExpression_ MethodDeclaration_setRefid FormalParameter_r IfStatement_ MethodInvocation_ MethodInvocation_ BlockStatement_ ThrowStatement_ MethodInvocation_ StatementExpression_ MethodDeclaration_createInclude IfStatement_ MethodInvocation_ BlockStatement_ ThrowStatement_ MethodInvocation_ ReturnStatement_ MethodInvocation_ MethodDeclaration_createExclude IfStatement_ MethodInvocation_ BlockStatement_ ThrowStatement_ MethodInvocation_ ReturnStatement_ MethodInvocation_ MethodDeclaration_setIncludes FormalParameter_includes IfStatement_ MethodInvocation_ BlockStatement_ ThrowStatement_ MethodInvocation_ IfStatement_ MethodInvocation_ BlockStatement_ LocalVariableDeclaration_ WhileStatement_ MethodInvocation_ BlockStatement_ StatementExpression_ MethodInvocation_ MethodInvocation_ MethodInvocation_ MethodDeclaration_setExcludes FormalParameter_excludes IfStatement_ MethodInvocation_ BlockStatement_ ThrowStatement_ MethodInvocation_ IfStatement_ MethodInvocation_ BlockStatement_ LocalVariableDeclaration_ WhileStatement_ MethodInvocation_ BlockStatement_ StatementExpression_ MethodInvocation_ MethodInvocation_ MethodInvocation_ MethodDeclaration_addPatternToList FormalParameter_list LocalVariableDeclaration_ StatementExpression_ MethodInvocation_ ReturnStatement_ MethodDeclaration_setIncludesfile FormalParameter_incl IfStatement_ MethodInvocation_ BlockStatement_ ThrowStatement_ MethodInvocation_ IfStatement_ MethodInvocation_ BlockStatement_ ThrowStatement_ MethodInvocation_ StatementExpression_ MethodDeclaration_setExcludesfile FormalParameter_excl IfStatement_ MethodInvocation_ BlockStatement_ ThrowStatement_ MethodInvocation_ IfStatement_ MethodInvocation_ BlockStatement_ ThrowStatement_ MethodInvocation_ StatementExpression_ MethodDeclaration_readPatterns FormalParameter_patternfile FormalParameter_patternlist FormalParameter_p TryStatement_ LocalVariableDeclaration_ LocalVariableDeclaration_ MethodInvocation_ WhileStatement_ BlockStatement_ IfStatement_ MethodInvocation_ BlockStatement_ StatementExpression_ MethodInvocation_ MethodInvocation_ StatementExpression_ MethodInvocation_ MethodInvocation_ StatementExpression_ MethodInvocation_ CatchClause_ CatchClauseParameter_ioe LocalVariableDeclaration_ ThrowStatement_ MethodDeclaration_append FormalParameter_other FormalParameter_p IfStatement_ MethodInvocation_ BlockStatement_ ThrowStatement_ LocalVariableDeclaration_ MethodInvocation_ IfStatement_ BlockStatement_ ForStatement_ VariableDeclaration_ BlockStatement_ StatementExpression_ MethodInvocation_ MethodInvocation_ LocalVariableDeclaration_ MethodInvocation_ IfStatement_ BlockStatement_ ForStatement_ VariableDeclaration_ BlockStatement_ StatementExpression_ MethodInvocation_ MethodInvocation_ MethodDeclaration_getIncludePatterns FormalParameter_p IfStatement_ MethodInvocation_ BlockStatement_ ReturnStatement_ MethodInvocation_ MethodInvocation_ BlockStatement_ StatementExpression_ MethodInvocation_ ReturnStatement_ MethodInvocation_ MethodDeclaration_getExcludePatterns FormalParameter_p IfStatement_ MethodInvocation_ BlockStatement_ ReturnStatement_ MethodInvocation_ MethodInvocation_ BlockStatement_ StatementExpression_ MethodInvocation_ ReturnStatement_ MethodInvocation_ MethodDeclaration_hasPatterns ReturnStatement_ MethodInvocation_ MethodInvocation_ MethodDeclaration_getRef FormalParameter_p IfStatement_ BlockStatement_ LocalVariableDeclaration_ StatementExpression_ MethodInvocation_ StatementExpression_ MethodInvocation_ LocalVariableDeclaration_ MethodInvocation_ IfStatement_ BlockStatement_ LocalVariableDeclaration_ MethodInvocation_ ThrowStatement_ BlockStatement_ ReturnStatement_ MethodDeclaration_makeArray FormalParameter_list FormalParameter_p IfStatement_ MethodInvocation_ ReturnStatement_ LocalVariableDeclaration_ ForStatement_ VariableDeclaration_ MethodInvocation_ MethodInvocation_ BlockStatement_ LocalVariableDeclaration_ MethodInvocation_ LocalVariableDeclaration_ MethodInvocation_ IfStatement_ MethodInvocation_ BlockStatement_ StatementExpression_ MethodInvocation_ LocalVariableDeclaration_ MethodInvocation_ StatementExpression_ MethodInvocation_ ReturnStatement_ MethodDeclaration_readFiles FormalParameter_p IfStatement_ BlockStatement_ StatementExpression_ MethodInvocation_ StatementExpression_ IfStatement_ BlockStatement_ StatementExpression_ MethodInvocation_ StatementExpression_,"package org apache tools ant types import org apache tools ant Project import org apache tools ant ProjectHelper import org apache tools ant BuildException import java io import java util Enumeration import java util Stack import java util StringTokenizer import java util Vector public class PatternSet extends DataType private Vector includeList new Vector private Vector excludeList new Vector private File incl null private File excl null public class NameEntry private String name private String ifCond private String unlessCond public void setName String name this name name public void setIf String cond ifCond cond public void setUnless String cond unlessCond cond public String getName return name public String evalName Project p return valid p name null private boolean valid Project p if ifCond null p getProperty ifCond null return false else if unlessCond null p getProperty unlessCond null return false return true public PatternSet super public void setRefid Reference r throws BuildException if includeList isEmpty excludeList isEmpty throw tooManyAttributes super setRefid r public NameEntry createInclude if isReference throw noChildrenAllowed return addPatternToList includeList public NameEntry createExclude if isReference throw noChildrenAllowed return addPatternToList excludeList public void setIncludes String includes if isReference throw tooManyAttributes if includes null includes length 0 StringTokenizer tok new StringTokenizer includes "", "" false while tok hasMoreTokens createInclude setName tok nextToken public void setExcludes String excludes if isReference throw tooManyAttributes if excludes null excludes length 0 StringTokenizer tok new StringTokenizer excludes "", "" false while tok hasMoreTokens createExclude setName tok nextToken private NameEntry addPatternToList Vector list NameEntry result new NameEntry list addElement result return result public void setIncludesfile File incl throws BuildException if isReference throw tooManyAttributes if incl exists throw new BuildException ""Includesfile "" incl getAbsolutePath "" not found."" this incl incl public void setExcludesfile File excl throws BuildException if isReference throw tooManyAttributes if excl exists throw new BuildException ""Excludesfile "" excl getAbsolutePath "" not found."" this excl excl private void readPatterns File patternfile Vector patternlist Project p throws BuildException try BufferedReader patternReader new BufferedReader new FileReader patternfile String line patternReader readLine while line null if line length 0 line ProjectHelper replaceProperties p line p getProperties addPatternToList patternlist setName line line patternReader readLine catch IOException ioe String msg ""An error occured while reading from pattern file: "" patternfile throw new BuildException msg ioe public void append PatternSet other Project p if isReference throw new BuildException ""Cannot append to a reference"" String incl other getIncludePatterns p if incl null for int i 0 i incl length i createInclude setName incl i String excl other getExcludePatterns p if excl null for int i 0 i excl length i createExclude setName excl i public String getIncludePatterns Project p if isReference return getRef p getIncludePatterns p else readFiles p return makeArray includeList p public String getExcludePatterns Project p if isReference return getRef p getExcludePatterns p else readFiles p return makeArray excludeList p boolean hasPatterns return incl null excl null includeList size 0 excludeList size 0 private PatternSet getRef Project p if checked Stack stk new Stack stk push this dieOnCircularReference stk p Object o ref getReferencedObject p if o instanceof PatternSet String msg ref getRefId "" doesn\'t denote a patternset"" throw new BuildException msg else return PatternSet o private String makeArray Vector list Project p if list size 0 return null Vector tmpNames new Vector for Enumeration e list elements e hasMoreElements NameEntry ne NameEntry e nextElement String pattern ne evalName p if pattern null pattern length 0 tmpNames addElement pattern String result new String tmpNames size tmpNames copyInto result return result private void readFiles Project p if incl null readPatterns incl includeList p incl null if excl null readPatterns excl excludeList p excl null"
org.apache.tools.ant.taskdefs.Patch,9,3,0,9,29,0,0,9,9,0.583333333,168,1.0,1,0.822222222,0.444444444,0,0,17.33333333,2,1.4444,0,PackageDeclaration_org.apache.tools.ant.taskdefs ClassDeclaration_Patch FieldDeclaration_ FieldDeclaration_ FieldDeclaration_ MethodDeclaration_setOriginalfile FormalParameter_file StatementExpression_ MethodDeclaration_setPatchfile FormalParameter_file IfStatement_ MethodInvocation_ BlockStatement_ ThrowStatement_ StatementExpression_ MethodInvocation_ MethodInvocation_ StatementExpression_ MethodInvocation_ MethodInvocation_ StatementExpression_ MethodDeclaration_setBackups FormalParameter_backups IfStatement_ BlockStatement_ StatementExpression_ MethodInvocation_ MethodInvocation_ MethodDeclaration_setIgnorewhitespace FormalParameter_ignore IfStatement_ BlockStatement_ StatementExpression_ MethodInvocation_ MethodInvocation_ MethodDeclaration_setStrip FormalParameter_num IfStatement_ BlockStatement_ ThrowStatement_ StatementExpression_ MethodInvocation_ MethodInvocation_ MethodDeclaration_setQuiet FormalParameter_q IfStatement_ BlockStatement_ StatementExpression_ MethodInvocation_ MethodInvocation_ MethodDeclaration_setReverse FormalParameter_r IfStatement_ BlockStatement_ StatementExpression_ MethodInvocation_ MethodInvocation_ MethodDeclaration_execute IfStatement_ BlockStatement_ ThrowStatement_ LocalVariableDeclaration_ MethodInvocation_ StatementExpression_ MethodInvocation_ IfStatement_ BlockStatement_ StatementExpression_ MethodInvocation_ MethodInvocation_ LocalVariableDeclaration_ StatementExpression_ MethodInvocation_ MethodInvocation_ TryStatement_ StatementExpression_ MethodInvocation_ CatchClause_ CatchClauseParameter_e ThrowStatement_,"package org apache tools ant taskdefs import org apache tools ant import org apache tools ant types Commandline import java io File import java io IOException public class Patch extends Task private File originalFile private boolean havePatchfile false private Commandline cmd new Commandline public void setOriginalfile File file originalFile file public void setPatchfile File file if file exists throw new BuildException ""patchfile "" file "" doesn\'t exist"" location cmd createArgument setValue ""-i"" cmd createArgument setFile file havePatchfile true public void setBackups boolean backups if backups cmd createArgument setValue ""-b"" public void setIgnorewhitespace boolean ignore if ignore cmd createArgument setValue ""-l"" public void setStrip int num throws BuildException if num 0 throw new BuildException ""strip has to be >= 0"" location cmd createArgument setValue ""-p"" num public void setQuiet boolean q if q cmd createArgument setValue ""-s"" public void setReverse boolean r if r cmd createArgument setValue ""-R"" public void execute throws BuildException if havePatchfile throw new BuildException ""patchfile argument is required"" location Commandline toExecute Commandline cmd clone toExecute setExecutable ""patch"" if originalFile null toExecute createArgument setFile originalFile Execute exe new Execute new LogStreamHandler this Project MSG_INFO Project MSG_WARN null exe setCommandline toExecute getCommandline try exe execute catch IOException e throw new BuildException e location"
org.apache.tools.ant.taskdefs.Mkdir,3,3,0,3,14,1,0,3,3,0.5,84,1.0,0,0.948717949,0.666666667,1,1,26.66666667,1,0.6667,1,PackageDeclaration_org.apache.tools.ant.taskdefs ClassDeclaration_Mkdir FieldDeclaration_ MethodDeclaration_execute IfStatement_ BlockStatement_ ThrowStatement_ IfStatement_ MethodInvocation_ BlockStatement_ ThrowStatement_ MethodInvocation_ IfStatement_ MethodInvocation_ BlockStatement_ LocalVariableDeclaration_ MethodInvocation_ IfStatement_ BlockStatement_ LocalVariableDeclaration_ MethodInvocation_ ThrowStatement_ StatementExpression_ MethodInvocation_ MethodInvocation_ MethodDeclaration_setDir FormalParameter_dir StatementExpression_,"package org apache tools ant taskdefs import org apache tools ant import java io File public class Mkdir extends Task private File dir public void execute throws BuildException if dir null throw new BuildException ""dir attribute is required"" location if dir isFile throw new BuildException ""Unable to create directory as a file already exists with that name: "" dir getAbsolutePath if dir exists boolean result dir mkdirs if result false String msg ""Directory "" dir getAbsolutePath "" creation was not "" ""succesful for an unknown reason"" throw new BuildException msg location log ""Created dir: "" dir getAbsolutePath public void setDir File dir this dir dir"
org.apache.tools.ant.taskdefs.Exec,10,3,0,5,41,21,1,5,7,0.793650794,360,1.0,0,0.804347826,0.45,0,0,34.3,2,1.1,0,PackageDeclaration_org.apache.tools.ant.taskdefs ClassDeclaration_Exec FieldDeclaration_ FieldDeclaration_ FieldDeclaration_ FieldDeclaration_ FieldDeclaration_ FieldDeclaration_ FieldDeclaration_ MethodDeclaration_execute StatementExpression_ MethodInvocation_ MethodDeclaration_run FormalParameter_command LocalVariableDeclaration_ LocalVariableDeclaration_ MethodInvocation_ StatementExpression_ MethodInvocation_ IfStatement_ MethodInvocation_ BlockStatement_ StatementExpression_ MethodInvocation_ ReturnStatement_ IfStatement_ StatementExpression_ MethodInvocation_ IfStatement_ MethodInvocation_ MethodInvocation_ BlockStatement_ IfStatement_ MethodInvocation_ MethodInvocation_ BlockStatement_ IfStatement_ MethodInvocation_ MethodInvocation_ BlockStatement_ StatementExpression_ BlockStatement_ LocalVariableDeclaration_ MethodInvocation_ IfStatement_ BlockStatement_ ThrowStatement_ LocalVariableDeclaration_ MethodInvocation_ MethodInvocation_ StatementExpression_ BlockStatement_ LocalVariableDeclaration_ MethodInvocation_ IfStatement_ ThrowStatement_ LocalVariableDeclaration_ MethodInvocation_ MethodInvocation_ StatementExpression_ TryStatement_ StatementExpression_ MethodInvocation_ LocalVariableDeclaration_ MethodInvocation_ MethodInvocation_ IfStatement_ BlockStatement_ StatementExpression_ StatementExpression_ MethodInvocation_ LocalVariableDeclaration_ MethodInvocation_ LocalVariableDeclaration_ MethodInvocation_ StatementExpression_ MethodInvocation_ StatementExpression_ MethodInvocation_ StatementExpression_ MethodInvocation_ StatementExpression_ MethodInvocation_ StatementExpression_ MethodInvocation_ StatementExpression_ MethodInvocation_ StatementExpression_ MethodInvocation_ StatementExpression_ MethodInvocation_ IfStatement_ BlockStatement_ IfStatement_ BlockStatement_ ThrowStatement_ BlockStatement_ StatementExpression_ MethodInvocation_ CatchClause_ CatchClauseParameter_ioe ThrowStatement_ CatchClause_ CatchClauseParameter_ex ReturnStatement_ MethodDeclaration_setDir FormalParameter_d StatementExpression_ MethodInvocation_ MethodDeclaration_setOs FormalParameter_os StatementExpression_ MethodDeclaration_setCommand FormalParameter_command StatementExpression_ MethodDeclaration_setOutput FormalParameter_out StatementExpression_ MethodDeclaration_setFailonerror FormalParameter_fail StatementExpression_ MethodDeclaration_outputLog FormalParameter_line FormalParameter_messageLevel IfStatement_ BlockStatement_ StatementExpression_ MethodInvocation_ BlockStatement_ StatementExpression_ MethodInvocation_ MethodDeclaration_logFlush IfStatement_ StatementExpression_ MethodInvocation_ ClassDeclaration_StreamPumper FieldDeclaration_ FieldDeclaration_ FieldDeclaration_ FieldDeclaration_ FieldDeclaration_ ConstructorDeclaration_StreamPumper FormalParameter_is FormalParameter_messageLevel FormalParameter_parent StatementExpression_ StatementExpression_ StatementExpression_ MethodDeclaration_pumpStream LocalVariableDeclaration_ IfStatement_ BlockStatement_ LocalVariableDeclaration_ MethodInvocation_ IfStatement_ BlockStatement_ StatementExpression_ MethodInvocation_ BlockStatement_ StatementExpression_ MethodDeclaration_run TryStatement_ TryStatement_ WhileStatement_ BlockStatement_ StatementExpression_ MethodInvocation_ StatementExpression_ MethodInvocation_ CatchClause_ CatchClauseParameter_ie StatementExpression_ MethodInvocation_ CatchClause_ CatchClauseParameter_ioe,"package org apache tools ant taskdefs import org apache tools ant import java io public class Exec extends Task private String os private String out private File dir private String command protected PrintWriter fos null private boolean failOnError false private static final int BUFFER_SIZE 512 public void execute throws BuildException run command protected int run String command throws BuildException int err 1 String myos System getProperty ""os.name"" log ""Myos = "" myos Project MSG_VERBOSE if os null os indexOf myos 0 log ""Not found in "" os Project MSG_VERBOSE return 0 if dir null dir project getBaseDir if myos toLowerCase indexOf ""windows"" 0 if dir equals project resolveFile ""."" if myos toLowerCase indexOf ""nt"" 0 command ""cmd /c cd "" dir "" && "" command else String ant project getProperty ""ant.home"" if ant null throw new BuildException ""Property 'ant.home' not found"" location String antRun project resolveFile ant ""/bin/antRun.bat"" toString command antRun "" "" dir "" "" command else String ant project getProperty ""ant.home"" if ant null throw new BuildException ""Property 'ant.home' not found"" location String antRun project resolveFile ant ""/bin/antRun"" toString command antRun "" "" dir "" "" command try log command Project MSG_VERBOSE Process proc Runtime getRuntime exec command if out null fos new PrintWriter new FileWriter out log ""Output redirected to "" out Project MSG_VERBOSE StreamPumper inputPumper new StreamPumper proc getInputStream Project MSG_INFO this StreamPumper errorPumper new StreamPumper proc getErrorStream Project MSG_WARN this inputPumper start errorPumper start proc waitFor inputPumper join errorPumper join proc destroy logFlush err proc exitValue if err 0 if failOnError throw new BuildException ""Exec returned: "" err location else log ""Result: "" err Project MSG_ERR catch IOException ioe throw new BuildException ""Error exec: "" command ioe location catch InterruptedException ex return err public void setDir String d this dir project resolveFile d public void setOs String os this os os public void setCommand String command this command command public void setOutput String out this out out public void setFailonerror boolean fail failOnError fail protected void outputLog String line int messageLevel if fos null log line messageLevel else fos println line protected void logFlush if fos null fos close class StreamPumper extends Thread private BufferedReader din private int messageLevel private boolean endOfStream false private int SLEEP_TIME 5 private Exec parent public StreamPumper InputStream is int messageLevel Exec parent this din new BufferedReader new InputStreamReader is this messageLevel messageLevel this parent parent public void pumpStream throws IOException byte buf new byte BUFFER_SIZE if endOfStream String line din readLine if line null outputLog line messageLevel else endOfStream true public void run try try while endOfStream pumpStream sleep SLEEP_TIME catch InterruptedException ie din close catch IOException ioe"
org.apache.tools.ant.AntClassLoader,17,2,0,9,64,76,7,2,9,0.879166667,713,0.6,2,0.708333333,0.339285714,1,3,40.05882353,9,1.4118,2,PackageDeclaration_org.apache.tools.ant ClassDeclaration_AntClassLoader FieldDeclaration_ FieldDeclaration_ FieldDeclaration_ FieldDeclaration_ FieldDeclaration_ FieldDeclaration_ FieldDeclaration_ FieldDeclaration_ FieldDeclaration_ TryStatement_ StatementExpression_ MethodInvocation_ LocalVariableDeclaration_ MethodInvocation_ LocalVariableDeclaration_ StatementExpression_ MethodInvocation_ CatchClause_ CatchClauseParameter_e ConstructorDeclaration_AntClassLoader FormalParameter_project FormalParameter_classpath StatementExpression_ StatementExpression_ MethodInvocation_ StatementExpression_ MethodInvocation_ StatementExpression_ MethodInvocation_ ConstructorDeclaration_AntClassLoader FormalParameter_project FormalParameter_classpath FormalParameter_systemFirst StatementExpression_ StatementExpression_ MethodDeclaration_setIsolated FormalParameter_isolated StatementExpression_ MethodDeclaration_addSystemPackageRoot FormalParameter_packageRoot StatementExpression_ MethodInvocation_ MethodDeclaration_addLoaderPackageRoot FormalParameter_packageRoot StatementExpression_ MethodInvocation_ MethodDeclaration_forceLoadClass FormalParameter_classname StatementExpression_ MethodInvocation_ LocalVariableDeclaration_ MethodInvocation_ IfStatement_ BlockStatement_ StatementExpression_ MethodInvocation_ ReturnStatement_ MethodDeclaration_forceLoadSystemClass FormalParameter_classname StatementExpression_ MethodInvocation_ LocalVariableDeclaration_ MethodInvocation_ IfStatement_ BlockStatement_ StatementExpression_ MethodInvocation_ ReturnStatement_ MethodDeclaration_getResourceAsStream FormalParameter_name LocalVariableDeclaration_ LocalVariableDeclaration_ MethodInvocation_ ForStatement_ VariableDeclaration_ BlockStatement_ LocalVariableDeclaration_ MethodInvocation_ StatementExpression_ MethodInvocation_ ReturnStatement_ MethodDeclaration_getResourceStream FormalParameter_file FormalParameter_resourceName TryStatement_ IfStatement_ MethodInvocation_ BlockStatement_ ReturnStatement_ IfStatement_ MethodInvocation_ BlockStatement_ LocalVariableDeclaration_ IfStatement_ MethodInvocation_ BlockStatement_ ReturnStatement_ BlockStatement_ LocalVariableDeclaration_ TryStatement_ StatementExpression_ LocalVariableDeclaration_ MethodInvocation_ IfStatement_ BlockStatement_ LocalVariableDeclaration_ LocalVariableDeclaration_ LocalVariableDeclaration_ LocalVariableDeclaration_ MethodInvocation_ WhileStatement_ MethodInvocation_ BlockStatement_ StatementExpression_ MethodInvocation_ ReturnStatement_ MethodInvocation_ IfStatement_ BlockStatement_ StatementExpression_ MethodInvocation_ CatchClause_ CatchClauseParameter_e StatementExpression_ MethodInvocation_ ReturnStatement_ MethodDeclaration_loadClass FormalParameter_classname FormalParameter_resolve LocalVariableDeclaration_ ForStatement_ VariableDeclaration_ MethodInvocation_ MethodInvocation_ BlockStatement_ LocalVariableDeclaration_ MethodInvocation_ IfStatement_ MethodInvocation_ BlockStatement_ StatementExpression_ BreakStatement_ ForStatement_ VariableDeclaration_ MethodInvocation_ MethodInvocation_ BlockStatement_ LocalVariableDeclaration_ MethodInvocation_ IfStatement_ MethodInvocation_ BlockStatement_ StatementExpression_ BreakStatement_ LocalVariableDeclaration_ MethodInvocation_ IfStatement_ BlockStatement_ IfStatement_ BlockStatement_ TryStatement_ StatementExpression_ MethodInvocation_ StatementExpression_ MethodInvocation_ CatchClause_ CatchClauseParameter_cnfe StatementExpression_ MethodInvocation_ StatementExpression_ MethodInvocation_ BlockStatement_ TryStatement_ StatementExpression_ MethodInvocation_ StatementExpression_ MethodInvocation_ CatchClause_ CatchClauseParameter_cnfe IfStatement_ BlockStatement_ ThrowStatement_ StatementExpression_ MethodInvocation_ StatementExpression_ MethodInvocation_ IfStatement_ BlockStatement_ StatementExpression_ MethodInvocation_ ReturnStatement_ MethodDeclaration_getClassFilename FormalParameter_classname ReturnStatement_ MethodInvocation_ MethodDeclaration_getClassFromStream FormalParameter_stream FormalParameter_classname LocalVariableDeclaration_ LocalVariableDeclaration_ LocalVariableDeclaration_ WhileStatement_ MethodInvocation_ BlockStatement_ StatementExpression_ MethodInvocation_ LocalVariableDeclaration_ MethodInvocation_ IfStatement_ BlockStatement_ TryStatement_ LocalVariableDeclaration_ MethodInvocation_ LocalVariableDeclaration_ ReturnStatement_ MethodInvocation_ CatchClause_ CatchClauseParameter_ite LocalVariableDeclaration_ MethodInvocation_ IfStatement_ BlockStatement_ ThrowStatement_ BlockStatement_ ThrowStatement_ MethodInvocation_ CatchClause_ CatchClauseParameter_e ThrowStatement_ MethodInvocation_ BlockStatement_ ReturnStatement_ MethodInvocation_ MethodDeclaration_findClass FormalParameter_name StatementExpression_ MethodInvocation_ TryStatement_ ReturnStatement_ MethodInvocation_ CatchClause_ CatchClauseParameter_e ThrowStatement_ MethodDeclaration_findClass FormalParameter_name FormalParameter_path LocalVariableDeclaration_ LocalVariableDeclaration_ MethodInvocation_ TryStatement_ LocalVariableDeclaration_ MethodInvocation_ ForStatement_ VariableDeclaration_ BlockStatement_ LocalVariableDeclaration_ MethodInvocation_ StatementExpression_ MethodInvocation_ IfStatement_ BlockStatement_ ThrowStatement_ ReturnStatement_ MethodInvocation_ CatchClause_ CatchClauseParameter_ioe StatementExpression_ MethodInvocation_ ThrowStatement_ TryStatement_ IfStatement_ BlockStatement_ StatementExpression_ MethodInvocation_ CatchClause_ CatchClauseParameter_e MethodDeclaration_findBaseClass FormalParameter_name LocalVariableDeclaration_ MethodInvocation_ IfStatement_ BlockStatement_ ReturnStatement_ MethodInvocation_ BlockStatement_ ReturnStatement_ MethodInvocation_,"package org apache tools ant import java lang reflect import java util import java util zip import java io import org apache tools ant types Path public class AntClassLoader extends ClassLoader static private final int BUFFER_SIZE 1024 private Path classpath private Project project private boolean systemFirst true private Vector systemPackages new Vector private Vector loaderPackages new Vector private boolean ignoreBase false private static Method getProtectionDomain null private static Method defineClassProtectionDomain null static try getProtectionDomain Class class getMethod ""getProtectionDomain"" new Class 0 Class protectionDomain Class forName ""java.security.ProtectionDomain"" Class args new Class String class byte class Integer TYPE Integer TYPE protectionDomain defineClassProtectionDomain ClassLoader class getDeclaredMethod ""defineClass"" args catch Exception e public AntClassLoader Project project Path classpath this project project this classpath classpath concatSystemClasspath ""ignore"" addSystemPackageRoot ""java"" addSystemPackageRoot ""javax"" public AntClassLoader Project project Path classpath boolean systemFirst this project classpath this systemFirst systemFirst public void setIsolated boolean isolated ignoreBase isolated public void addSystemPackageRoot String packageRoot systemPackages addElement packageRoot ""."" public void addLoaderPackageRoot String packageRoot loaderPackages addElement packageRoot ""."" public Class forceLoadClass String classname throws ClassNotFoundException project log ""force loading "" classname Project MSG_DEBUG Class theClass findLoadedClass classname if theClass null theClass findClass classname return theClass public Class forceLoadSystemClass String classname throws ClassNotFoundException project log ""force system loading "" classname Project MSG_DEBUG Class theClass findLoadedClass classname if theClass null theClass findBaseClass classname return theClass public InputStream getResourceAsStream String name InputStream stream null String pathElements classpath list for int i 0 i pathElements length stream null i File pathComponent project resolveFile String pathElements i stream getResourceStream pathComponent name return stream private InputStream getResourceStream File file String resourceName try if file exists return null if file isDirectory File resource new File file resourceName if resource exists return new FileInputStream resource else ZipFile zipFile null try zipFile new ZipFile file ZipEntry entry zipFile getEntry resourceName if entry null ByteArrayOutputStream baos new ByteArrayOutputStream byte buffer new byte BUFFER_SIZE int bytesRead InputStream stream zipFile getInputStream entry while bytesRead stream read buffer 0 BUFFER_SIZE 1 baos write buffer 0 bytesRead return new ByteArrayInputStream baos toByteArray finally if zipFile null zipFile close catch Exception e e printStackTrace return null protected Class loadClass String classname boolean resolve throws ClassNotFoundException boolean useSystemFirst systemFirst for Enumeration e systemPackages elements e hasMoreElements String packageName String e nextElement if classname startsWith packageName useSystemFirst true break for Enumeration e loaderPackages elements e hasMoreElements String packageName String e nextElement if classname startsWith packageName useSystemFirst false break Class theClass findLoadedClass classname if theClass null if useSystemFirst try theClass findBaseClass classname project log ""Class "" classname "" loaded from system loader"" Project MSG_DEBUG catch ClassNotFoundException cnfe theClass findClass classname project log ""Class "" classname "" loaded from ant loader"" Project MSG_DEBUG else try theClass findClass classname project log ""Class "" classname "" loaded from ant loader"" Project MSG_DEBUG catch ClassNotFoundException cnfe if ignoreBase throw cnfe theClass findBaseClass classname project log ""Class "" classname "" loaded from system loader"" Project MSG_DEBUG if resolve resolveClass theClass return theClass private String getClassFilename String classname return classname replace '.' '/' "".class"" private Class getClassFromStream InputStream stream String classname throws IOException ByteArrayOutputStream baos new ByteArrayOutputStream int bytesRead 1 byte buffer new byte 1024 while bytesRead stream read buffer 0 1024 1 baos write buffer 0 bytesRead byte classData baos toByteArray if defineClassProtectionDomain null try Object domain getProtectionDomain invoke Project class new Object 0 Object args new Object classname classData new Integer 0 new Integer classData length domain return Class defineClassProtectionDomain invoke this args catch InvocationTargetException ite Throwable t ite getTargetException if t instanceof ClassFormatError throw ClassFormatError t else throw new IOException t toString catch Exception e throw new IOException e toString else return defineClass classname classData 0 classData length public Class findClass String name throws ClassNotFoundException project log ""Finding class "" name Project MSG_DEBUG try return findClass name classpath catch ClassNotFoundException e throw e private Class findClass String name Path path throws ClassNotFoundException InputStream stream null String classFilename getClassFilename name try String pathElements path list for int i 0 i pathElements length stream null i File pathComponent project resolveFile String pathElements i stream getResourceStream pathComponent classFilename if stream null throw new ClassNotFoundException return getClassFromStream stream name catch IOException ioe ioe printStackTrace throw new ClassNotFoundException finally try if stream null stream close catch IOException e private Class findBaseClass String name throws ClassNotFoundException ClassLoader base AntClassLoader class getClassLoader if base null return findSystemClass name else return base loadClass name"
org.apache.tools.ant.types.EnumeratedAttribute,5,1,5,12,11,8,11,1,5,0.75,59,1.0,0,0.0,0.7,0,0,10.6,5,1.6,0,PackageDeclaration_org.apache.tools.ant.types ClassDeclaration_EnumeratedAttribute FieldDeclaration_ MethodDeclaration_getValues ConstructorDeclaration_EnumeratedAttribute MethodDeclaration_setValue FormalParameter_value IfStatement_ MethodInvocation_ BlockStatement_ ThrowStatement_ StatementExpression_ MethodDeclaration_containsValue FormalParameter_value LocalVariableDeclaration_ MethodInvocation_ IfStatement_ BlockStatement_ ReturnStatement_ ForStatement_ VariableDeclaration_ BlockStatement_ IfStatement_ MethodInvocation_ BlockStatement_ ReturnStatement_ ReturnStatement_ MethodDeclaration_getValue ReturnStatement_,"package org apache tools ant types import org apache tools ant BuildException public abstract class EnumeratedAttribute protected String value public abstract String getValues public EnumeratedAttribute public final void setValue String value throws BuildException if containsValue value throw new BuildException value "" is not a legal value for this attribute"" this value value public final boolean containsValue String value String values getValues if values null value null return false for int i 0 i values length i if value equals values i return true return false public final String getValue return value"
org.apache.tools.ant.XmlLogger,10,1,0,9,49,1,0,9,8,0.920634921,382,1.0,0,0.0,0.833333333,0,0,35.1,4,1.9,0,PackageDeclaration_org.apache.tools.ant ClassDeclaration_XmlLogger FieldDeclaration_ MethodInvocation_ MethodDeclaration_getDocumentBuilder TryStatement_ ReturnStatement_ MethodInvocation_ MethodInvocation_ CatchClause_ CatchClauseParameter_exc ThrowStatement_ FieldDeclaration_ FieldDeclaration_ FieldDeclaration_ FieldDeclaration_ FieldDeclaration_ FieldDeclaration_ FieldDeclaration_ FieldDeclaration_ FieldDeclaration_ FieldDeclaration_ FieldDeclaration_ FieldDeclaration_ FieldDeclaration_ FieldDeclaration_ FieldDeclaration_ FieldDeclaration_ FieldDeclaration_ FieldDeclaration_ FieldDeclaration_ FieldDeclaration_ ConstructorDeclaration_XmlLogger MethodDeclaration_buildStarted FormalParameter_event StatementExpression_ MethodInvocation_ StatementExpression_ MethodInvocation_ StatementExpression_ MethodInvocation_ MethodDeclaration_buildFinished FormalParameter_event LocalVariableDeclaration_ MethodInvocation_ StatementExpression_ MethodInvocation_ MethodInvocation_ IfStatement_ MethodInvocation_ BlockStatement_ StatementExpression_ MethodInvocation_ MethodInvocation_ MethodInvocation_ TryStatement_ LocalVariableDeclaration_ MethodInvocation_ MethodInvocation_ IfStatement_ BlockStatement_ StatementExpression_ LocalVariableDeclaration_ StatementExpression_ MethodInvocation_ StatementExpression_ MethodInvocation_ StatementExpression_ MethodInvocation_ StatementExpression_ MethodInvocation_ CatchClause_ CatchClauseParameter_exc ThrowStatement_ StatementExpression_ MethodDeclaration_targetStarted FormalParameter_event IfStatement_ BlockStatement_ StatementExpression_ MethodInvocation_ StatementExpression_ MethodInvocation_ StatementExpression_ MethodInvocation_ StatementExpression_ MethodInvocation_ StatementExpression_ MethodInvocation_ MethodInvocation_ MethodInvocation_ MethodDeclaration_targetFinished FormalParameter_event LocalVariableDeclaration_ MethodInvocation_ StatementExpression_ MethodInvocation_ MethodInvocation_ IfStatement_ BlockStatement_ StatementExpression_ MethodInvocation_ BlockStatement_ StatementExpression_ MethodInvocation_ StatementExpression_ IfStatement_ MethodInvocation_ BlockStatement_ StatementExpression_ MethodInvocation_ StatementExpression_ MethodInvocation_ MethodDeclaration_taskStarted FormalParameter_event IfStatement_ BlockStatement_ StatementExpression_ MethodInvocation_ StatementExpression_ MethodInvocation_ StatementExpression_ MethodInvocation_ StatementExpression_ MethodInvocation_ LocalVariableDeclaration_ MethodInvocation_ MethodInvocation_ MethodInvocation_ LocalVariableDeclaration_ MethodInvocation_ IfStatement_ BlockStatement_ StatementExpression_ MethodInvocation_ StatementExpression_ MethodInvocation_ StatementExpression_ MethodInvocation_ MethodInvocation_ MethodInvocation_ MethodInvocation_ MethodDeclaration_taskFinished FormalParameter_event LocalVariableDeclaration_ MethodInvocation_ StatementExpression_ MethodInvocation_ MethodInvocation_ StatementExpression_ MethodInvocation_ StatementExpression_ IfStatement_ MethodInvocation_ BlockStatement_ StatementExpression_ MethodInvocation_ StatementExpression_ MethodInvocation_ MethodDeclaration_messageLogged FormalParameter_event LocalVariableDeclaration_ MethodInvocation_ LocalVariableDeclaration_ SwitchStatement_ MethodInvocation_ StatementExpression_ BreakStatement_ StatementExpression_ BreakStatement_ StatementExpression_ BreakStatement_ StatementExpression_ BreakStatement_ StatementExpression_ MethodInvocation_ LocalVariableDeclaration_ MethodInvocation_ MethodInvocation_ StatementExpression_ MethodInvocation_ IfStatement_ BlockStatement_ StatementExpression_ MethodInvocation_ IfStatement_ BlockStatement_ StatementExpression_ MethodInvocation_ BlockStatement_ StatementExpression_ MethodInvocation_,"package org apache tools ant import java io import java util import javax xml parsers import org w3c dom import org apache tools ant util DOMElementWriter public class XmlLogger implements BuildListener private static final DocumentBuilder builder getDocumentBuilder private static DocumentBuilder getDocumentBuilder try return DocumentBuilderFactory newInstance newDocumentBuilder catch Exception exc throw new ExceptionInInitializerError exc private static final String BUILD_TAG ""build"" private static final String TARGET_TAG ""target"" private static final String TASK_TAG ""task"" private static final String MESSAGE_TAG ""message"" private static final String NAME_ATTR ""name"" private static final String TIME_ATTR ""time"" private static final String PRIORITY_ATTR ""priority"" private static final String LOCATION_ATTR ""location"" private static final String ERROR_ATTR ""error"" private Document doc private Element buildElement private Element targetElement private Element taskElement private long buildStartTime private long targetStartTime private long taskStartTime private Stack targetTimeStack new Stack private Stack targetStack new Stack private Stack taskTimeStack new Stack private Stack taskStack new Stack public XmlLogger public void buildStarted BuildEvent event buildStartTime System currentTimeMillis doc builder newDocument buildElement doc createElement BUILD_TAG public void buildFinished BuildEvent event long totalTime System currentTimeMillis buildStartTime buildElement setAttribute TIME_ATTR DefaultLogger formatTime totalTime if event getException null buildElement setAttribute ERROR_ATTR event getException toString try String outFilename event getProject getProperty ""XmlLogger.file"" if outFilename null outFilename ""log.xml"" Writer out new FileWriter outFilename out write ""<?xml:stylesheet type=\""text/xsl\"" href=\""log.xsl\""?>\n\n"" new DOMElementWriter write buildElement out 0 ""\t"" out flush out close catch IOException exc throw new BuildException ""Unable to close log file"" exc buildElement null public void targetStarted BuildEvent event if targetElement null targetTimeStack push new Long targetStartTime targetStack push targetElement targetStartTime System currentTimeMillis targetElement doc createElement TARGET_TAG targetElement setAttribute NAME_ATTR event getTarget getName public void targetFinished BuildEvent event long totalTime System currentTimeMillis targetStartTime targetElement setAttribute TIME_ATTR DefaultLogger formatTime totalTime if taskElement null buildElement appendChild targetElement else taskElement appendChild targetElement targetElement null if targetStack isEmpty targetStartTime Long targetTimeStack pop longValue targetElement Element targetStack pop public void taskStarted BuildEvent event if taskElement null taskTimeStack push new Long taskStartTime taskStack push taskElement taskStartTime System currentTimeMillis taskElement doc createElement TASK_TAG String name event getTask getClass getName int pos name lastIndexOf ""."" if pos 1 name name substring pos 1 taskElement setAttribute NAME_ATTR name taskElement setAttribute LOCATION_ATTR event getTask getLocation toString public void taskFinished BuildEvent event long totalTime System currentTimeMillis taskStartTime taskElement setAttribute TIME_ATTR DefaultLogger formatTime totalTime targetElement appendChild taskElement taskElement null if taskStack isEmpty taskStartTime Long taskTimeStack pop longValue taskElement Element taskStack pop public void messageLogged BuildEvent event Element messageElement doc createElement MESSAGE_TAG String name ""debug"" switch event getPriority case Project MSG_ERR name ""error"" break case Project MSG_WARN name ""warn"" break case Project MSG_INFO name ""info"" break default name ""debug"" break messageElement setAttribute PRIORITY_ATTR name Text messageText doc createTextNode event getMessage messageElement appendChild messageText if taskElement null taskElement appendChild messageElement else if targetElement null targetElement appendChild messageElement else buildElement appendChild messageElement"
org.apache.tools.ant.taskdefs.Rmic,22,4,0,16,72,165,1,16,16,0.904761905,675,1.0,1,0.787878788,0.227272727,3,3,29.04545455,4,1.2273,1,PackageDeclaration_org.apache.tools.ant.taskdefs ClassDeclaration_Rmic FieldDeclaration_ FieldDeclaration_ FieldDeclaration_ FieldDeclaration_ FieldDeclaration_ FieldDeclaration_ FieldDeclaration_ FieldDeclaration_ FieldDeclaration_ FieldDeclaration_ FieldDeclaration_ FieldDeclaration_ FieldDeclaration_ FieldDeclaration_ MethodDeclaration_setBase FormalParameter_base StatementExpression_ MethodDeclaration_setClassname FormalParameter_classname StatementExpression_ MethodDeclaration_setSourceBase FormalParameter_sourceBase StatementExpression_ MethodDeclaration_setStubVersion FormalParameter_stubVersion StatementExpression_ MethodDeclaration_setFiltering FormalParameter_filter StatementExpression_ MethodDeclaration_setDebug FormalParameter_debug StatementExpression_ MethodDeclaration_setClasspath FormalParameter_classpath IfStatement_ BlockStatement_ StatementExpression_ BlockStatement_ StatementExpression_ MethodInvocation_ MethodDeclaration_createClasspath IfStatement_ BlockStatement_ StatementExpression_ ReturnStatement_ MethodInvocation_ MethodDeclaration_setClasspathRef FormalParameter_r StatementExpression_ MethodInvocation_ MethodInvocation_ MethodDeclaration_setVerify FormalParameter_verify StatementExpression_ MethodDeclaration_setIiop FormalParameter_iiop StatementExpression_ MethodDeclaration_setIiopopts FormalParameter_iiopopts StatementExpression_ MethodDeclaration_setIdl FormalParameter_idl StatementExpression_ MethodDeclaration_setIdlopts FormalParameter_idlopts StatementExpression_ MethodDeclaration_execute IfStatement_ BlockStatement_ ThrowStatement_ IfStatement_ MethodInvocation_ BlockStatement_ ThrowStatement_ IfStatement_ BlockStatement_ StatementExpression_ MethodInvocation_ IfStatement_ BlockStatement_ StatementExpression_ MethodInvocation_ IfStatement_ BlockStatement_ StatementExpression_ MethodInvocation_ IfStatement_ BlockStatement_ StatementExpression_ MethodInvocation_ IfStatement_ BlockStatement_ StatementExpression_ MethodInvocation_ LocalVariableDeclaration_ MethodInvocation_ StatementExpression_ IfStatement_ BlockStatement_ LocalVariableDeclaration_ MethodInvocation_ LocalVariableDeclaration_ MethodInvocation_ StatementExpression_ MethodInvocation_ BlockStatement_ StatementExpression_ MethodInvocation_ MethodInvocation_ LocalVariableDeclaration_ LocalVariableDeclaration_ LocalVariableDeclaration_ StatementExpression_ MethodInvocation_ MethodInvocation_ StatementExpression_ MethodInvocation_ MethodInvocation_ StatementExpression_ MethodInvocation_ MethodInvocation_ StatementExpression_ MethodInvocation_ MethodInvocation_ IfStatement_ BlockStatement_ IfStatement_ MethodInvocation_ StatementExpression_ MethodInvocation_ MethodInvocation_ IfStatement_ MethodInvocation_ StatementExpression_ MethodInvocation_ MethodInvocation_ StatementExpression_ MethodInvocation_ MethodInvocation_ IfStatement_ StatementExpression_ MethodInvocation_ MethodInvocation_ IfStatement_ BlockStatement_ StatementExpression_ MethodInvocation_ MethodInvocation_ IfStatement_ StatementExpression_ MethodInvocation_ MethodInvocation_ IfStatement_ BlockStatement_ StatementExpression_ MethodInvocation_ MethodInvocation_ IfStatement_ StatementExpression_ MethodInvocation_ MethodInvocation_ IfStatement_ BlockStatement_ StatementExpression_ MethodInvocation_ MethodInvocation_ LocalVariableDeclaration_ MethodInvocation_ IfStatement_ BlockStatement_ StatementExpression_ MethodInvocation_ ForStatement_ VariableDeclaration_ BlockStatement_ StatementExpression_ MethodInvocation_ MethodInvocation_ MethodInvocation_ StatementExpression_ MethodInvocation_ MethodInvocation_ StatementExpression_ MethodInvocation_ MethodInvocation_ IfStatement_ BlockStatement_ ForStatement_ VariableDeclaration_ BlockStatement_ StatementExpression_ MethodInvocation_ MethodInvocation_ StatementExpression_ MethodInvocation_ MethodDeclaration_moveGeneratedFile FormalParameter_baseDir FormalParameter_sourceBaseFile FormalParameter_classname LocalVariableDeclaration_ MethodInvocation_ LocalVariableDeclaration_ LocalVariableDeclaration_ TryStatement_ StatementExpression_ MethodInvocation_ StatementExpression_ MethodInvocation_ CatchClause_ CatchClauseParameter_ioe LocalVariableDeclaration_ MethodInvocation_ ThrowStatement_ IfStatement_ MethodInvocation_ BlockStatement_ LocalVariableDeclaration_ MethodInvocation_ LocalVariableDeclaration_ LocalVariableDeclaration_ TryStatement_ StatementExpression_ MethodInvocation_ StatementExpression_ MethodInvocation_ CatchClause_ CatchClauseParameter_ioe LocalVariableDeclaration_ MethodInvocation_ ThrowStatement_ MethodDeclaration_scanDir FormalParameter_baseDir FormalParameter_files LocalVariableDeclaration_ LocalVariableDeclaration_ MethodInvocation_ ForStatement_ VariableDeclaration_ BlockStatement_ LocalVariableDeclaration_ MethodInvocation_ StatementExpression_ MethodInvocation_ MethodInvocation_ StatementExpression_ MethodInvocation_ MethodDeclaration_getCompileClasspath FormalParameter_baseFile LocalVariableDeclaration_ MethodInvocation_ IfStatement_ BlockStatement_ StatementExpression_ MethodInvocation_ BlockStatement_ StatementExpression_ MethodInvocation_ MethodInvocation_ IfStatement_ MethodInvocation_ MethodInvocation_ BlockStatement_ LocalVariableDeclaration_ MethodInvocation_ IfStatement_ BlockStatement_ StatementExpression_ MethodInvocation_ ReturnStatement_ ClassDeclaration_RmicFileNameMapper FieldDeclaration_ FieldDeclaration_ ConstructorDeclaration_RmicFileNameMapper StatementExpression_ StatementExpression_ MethodInvocation_ StatementExpression_ MethodInvocation_ IfStatement_ MethodInvocation_ BlockStatement_ StatementExpression_ StatementExpression_ MethodInvocation_ StatementExpression_ MethodInvocation_ MethodDeclaration_setFrom FormalParameter_s MethodDeclaration_setTo FormalParameter_s MethodDeclaration_mapFileName FormalParameter_name LocalVariableDeclaration_ MethodInvocation_ IfStatement_ MethodInvocation_ MethodInvocation_ BlockStatement_ ReturnStatement_ LocalVariableDeclaration_ MethodInvocation_ StatementExpression_ MethodInvocation_ MethodInvocation_ IfStatement_ BlockStatement_ TryStatement_ LocalVariableDeclaration_ MethodInvocation_ IfStatement_ MethodInvocation_ MethodInvocation_ BlockStatement_ ReturnStatement_ CatchClause_ CatchClauseParameter_e StatementExpression_ MethodInvocation_ CatchClause_ CatchClauseParameter_e StatementExpression_ MethodInvocation_ IfStatement_ BlockStatement_ ReturnStatement_ MethodInvocation_ BlockStatement_ ReturnStatement_ MethodDeclaration_isValidRmiRemote FormalParameter_testClass LocalVariableDeclaration_ IfStatement_ MethodInvocation_ BlockStatement_ ReturnStatement_ LocalVariableDeclaration_ MethodInvocation_ IfStatement_ BlockStatement_ ForStatement_ VariableDeclaration_ BlockStatement_ IfStatement_ MethodInvocation_ BlockStatement_ ReturnStatement_ IfStatement_ MethodInvocation_ BlockStatement_ ReturnStatement_ ReturnStatement_,"package org apache tools ant taskdefs import org apache tools ant AntClassLoader import org apache tools ant BuildException import org apache tools ant DirectoryScanner import org apache tools ant Project import org apache tools ant types Commandline import org apache tools ant types Path import org apache tools ant types Reference import org apache tools ant util import java io import java util StringTokenizer import java util Vector import java util Date public class Rmic extends MatchingTask private File baseDir private String classname private File sourceBase private String stubVersion private Path compileClasspath private boolean verify false private boolean filtering false private boolean iiop false private String iiopopts private boolean idl false private String idlopts private boolean debug false private Vector compileList new Vector private ClassLoader loader null public void setBase File base this baseDir base public void setClassname String classname this classname classname public void setSourceBase File sourceBase this sourceBase sourceBase public void setStubVersion String stubVersion this stubVersion stubVersion public void setFiltering boolean filter filtering filter public void setDebug boolean debug this debug debug public void setClasspath Path classpath if compileClasspath null compileClasspath classpath else compileClasspath append classpath public Path createClasspath if compileClasspath null compileClasspath new Path project return compileClasspath createPath public void setClasspathRef Reference r createClasspath setRefid r public void setVerify boolean verify this verify verify public void setIiop boolean iiop this iiop iiop public void setIiopopts String iiopopts this iiopopts iiopopts public void setIdl boolean idl this idl idl public void setIdlopts String idlopts this idlopts idlopts public void execute throws BuildException if baseDir null throw new BuildException ""base attribute must be set!"" location if baseDir exists throw new BuildException ""base does not exist!"" location if verify log ""Verify has been turned on."" Project MSG_INFO if iiop log ""IIOP has been turned on."" Project MSG_INFO if iiopopts null log ""IIOP Options: "" iiopopts Project MSG_INFO if idl log ""IDL has been turned on."" Project MSG_INFO if idlopts null log ""IDL Options: "" idlopts Project MSG_INFO Path classpath getCompileClasspath baseDir loader new AntClassLoader project classpath if classname null DirectoryScanner ds this getDirectoryScanner baseDir String files ds getIncludedFiles scanDir baseDir files else scanDir baseDir new String classname replace '.' File separatorChar "".class"" OutputStream logstr new LogOutputStream this Project MSG_WARN sun rmi rmic Main compiler new sun rmi rmic Main logstr ""rmic"" Commandline cmd new Commandline cmd createArgument setValue ""-d"" cmd createArgument setFile baseDir cmd createArgument setValue ""-classpath"" cmd createArgument setPath classpath if null stubVersion if ""1.1"" equals stubVersion cmd createArgument setValue ""-v1.1"" else if ""1.2"" equals stubVersion cmd createArgument setValue ""-v1.2"" else cmd createArgument setValue ""-vcompat"" if null sourceBase cmd createArgument setValue ""-keepgenerated"" if iiop cmd createArgument setValue ""-iiop"" if iiopopts null cmd createArgument setValue iiopopts if idl cmd createArgument setValue ""-idl"" if idlopts null cmd createArgument setValue idlopts if debug cmd createArgument setValue ""-g"" int fileCount compileList size if fileCount 0 log ""RMI Compiling "" fileCount "" class"" fileCount 1 ""es"" """" "" to "" baseDir Project MSG_INFO for int j 0 j fileCount j cmd createArgument setValue String compileList elementAt j log ""Compilation args: "" cmd toString Project MSG_VERBOSE compiler compile cmd getArguments if null sourceBase for int j 0 j fileCount j moveGeneratedFile baseDir sourceBase String compileList elementAt j compileList removeAllElements private void moveGeneratedFile File baseDir File sourceBaseFile String classname throws BuildException String stubFileName classname replace '.' File separatorChar ""_Stub.java"" File oldStubFile new File baseDir stubFileName File newStubFile new File sourceBaseFile stubFileName try project copyFile oldStubFile newStubFile filtering oldStubFile delete catch IOException ioe String msg ""Failed to copy "" oldStubFile "" to "" newStubFile "" due to "" ioe getMessage throw new BuildException msg ioe location if ""1.2"" equals stubVersion String skelFileName classname replace '.' '/' ""_Skel.java"" File oldSkelFile new File baseDir skelFileName File newSkelFile new File sourceBaseFile skelFileName try project copyFile oldSkelFile newSkelFile filtering oldSkelFile delete catch IOException ioe String msg ""Failed to copy "" oldSkelFile "" to "" newSkelFile "" due to "" ioe getMessage throw new BuildException msg ioe location protected void scanDir File baseDir String files SourceFileScanner sfs new SourceFileScanner this String newFiles sfs restrict files baseDir baseDir new RmicFileNameMapper for int i 0 i newFiles length i String classname newFiles i replace File separatorChar '.' classname classname substring 0 classname indexOf "".class"" compileList addElement classname private Path getCompileClasspath File baseFile Path classpath new Path project baseFile getAbsolutePath if compileClasspath null classpath addExisting Path systemClasspath else classpath addExisting compileClasspath concatSystemClasspath if Project getJavaVersion startsWith ""1.2"" String bootcp System getProperty ""sun.boot.class.path"" if bootcp null classpath addExisting new Path project bootcp return classpath private class RmicFileNameMapper implements FileNameMapper private GlobPatternMapper stubMapper private GlobPatternMapper skelMapper RmicFileNameMapper stubMapper new GlobPatternMapper stubMapper setFrom ""*.class"" stubMapper setTo ""*_Stub.class"" if ""1.2"" equals stubVersion skelMapper new GlobPatternMapper skelMapper setFrom ""*.class"" skelMapper setTo ""*_Skel.class"" public void setFrom String s public void setTo String s public String mapFileName String name String stubName stubMapper mapFileName name if stubName null name endsWith ""_Stub.class"" name endsWith ""_Skel.class"" return null String classname name replace File separatorChar '.' classname classname substring 0 classname indexOf "".class"" if verify try Class testClass loader loadClass classname if testClass isInterface isValidRmiRemote testClass return null catch ClassNotFoundException e log ""Unable to verify class "" classname "". It could not be found."" Project MSG_WARN catch NoClassDefFoundError e log ""Unable to verify class "" classname "". It is not defined."" Project MSG_WARN if skelMapper null return new String stubName 0 skelMapper mapFileName name 0 else return stubName private boolean isValidRmiRemote Class testClass Class rmiRemote java rmi Remote class if rmiRemote equals testClass return true Class interfaces testClass getInterfaces if interfaces null for int i 0 i interfaces length i if rmiRemote equals interfaces i return true if isValidRmiRemote interfaces i return true return false"
org.apache.tools.ant.util.regexp.JakartaRegexpMatcher,5,1,0,4,13,0,0,4,5,0.5,65,1.0,0,0.0,0.8,0,0,11.6,3,1.2,0,PackageDeclaration_org.apache.tools.ant.util.regexp ClassDeclaration_JakartaRegexpMatcher FieldDeclaration_ FieldDeclaration_ MethodDeclaration_setPattern FormalParameter_pattern TryStatement_ StatementExpression_ StatementExpression_ CatchClause_ CatchClauseParameter_e ThrowStatement_ MethodDeclaration_getPattern ReturnStatement_ MethodDeclaration_matches FormalParameter_argument ReturnStatement_ MethodInvocation_ MethodDeclaration_getGroups FormalParameter_argument IfStatement_ MethodInvocation_ BlockStatement_ ReturnStatement_ LocalVariableDeclaration_ ForStatement_ VariableDeclaration_ MethodInvocation_ BlockStatement_ StatementExpression_ MethodInvocation_ MethodInvocation_ ReturnStatement_,package org apache tools ant util regexp import org apache regexp import org apache tools ant BuildException import java util Vector public class JakartaRegexpMatcher implements RegexpMatcher protected RE reg null private String pattern public void setPattern String pattern throws BuildException try this pattern pattern reg new RE pattern catch RESyntaxException e throw new BuildException e public String getPattern return pattern public boolean matches String argument return reg match argument public Vector getGroups String argument if matches argument return null Vector v new Vector for int i 0 i reg getParenCount i v addElement reg getParen i return v
org.apache.tools.ant.util.FlatFileNameMapper,4,1,0,2,7,6,1,1,4,2.0,20,0.0,0,0.0,0.875,0,0,4.0,1,0.75,0,PackageDeclaration_org.apache.tools.ant.util ClassDeclaration_FlatFileNameMapper MethodDeclaration_setFrom FormalParameter_from MethodDeclaration_setTo FormalParameter_to MethodDeclaration_mapFileName FormalParameter_sourceFileName ReturnStatement_ MethodInvocation_,package org apache tools ant util public class FlatFileNameMapper implements FileNameMapper public void setFrom String from public void setTo String to public String mapFileName String sourceFileName return new String new java io File sourceFileName getName
org.apache.tools.ant.BuildLogger,4,1,0,3,4,6,2,1,4,2.0,4,0.0,0,0.0,0.5,0,0,0.0,1,1.0,0,PackageDeclaration_org.apache.tools.ant InterfaceDeclaration_BuildLogger MethodDeclaration_setMessageOutputLevel FormalParameter_level MethodDeclaration_setOutputPrintStream FormalParameter_output MethodDeclaration_setEmacsMode FormalParameter_emacsMode MethodDeclaration_setErrorPrintStream FormalParameter_err,package org apache tools ant import java io public interface BuildLogger extends BuildListener public void setMessageOutputLevel int level public void setOutputPrintStream PrintStream output public void setEmacsMode boolean emacsMode public void setErrorPrintStream PrintStream err
org.apache.tools.ant.types.DataType,9,1,4,8,15,18,5,3,5,0.708333333,98,1.0,1,0.0,0.288888889,0,0,9.555555556,2,1.0,0,PackageDeclaration_org.apache.tools.ant.types ClassDeclaration_DataType FieldDeclaration_ FieldDeclaration_ FieldDeclaration_ MethodDeclaration_setDescription FormalParameter_desc StatementExpression_ MethodDeclaration_getDescription ReturnStatement_ MethodDeclaration_isReference ReturnStatement_ MethodDeclaration_setRefid FormalParameter_ref StatementExpression_ StatementExpression_ MethodDeclaration_dieOnCircularReference FormalParameter_stk FormalParameter_p IfStatement_ MethodInvocation_ BlockStatement_ ReturnStatement_ LocalVariableDeclaration_ MethodInvocation_ IfStatement_ BlockStatement_ IfStatement_ MethodInvocation_ BlockStatement_ ThrowStatement_ MethodInvocation_ BlockStatement_ StatementExpression_ MethodInvocation_ StatementExpression_ StatementExpression_ MethodInvocation_ StatementExpression_ MethodDeclaration_tooManyAttributes ReturnStatement_ MethodDeclaration_noChildrenAllowed ReturnStatement_ MethodDeclaration_circularReference ReturnStatement_,"package org apache tools ant types import java util Stack import org apache tools ant BuildException import org apache tools ant Project public abstract class DataType protected String description null protected Reference ref null protected boolean checked true public void setDescription String desc description desc public String getDescription return description public boolean isReference return ref null public void setRefid Reference ref this ref ref checked false protected void dieOnCircularReference Stack stk Project p throws BuildException if checked isReference return Object o ref getReferencedObject p if o instanceof DataType if stk contains o throw circularReference else stk push o DataType o dieOnCircularReference stk p stk pop checked true protected BuildException tooManyAttributes return new BuildException ""You must not specify more than one attribute"" "" when using refid"" protected BuildException noChildrenAllowed return new BuildException ""You must not specify nested elements when using refid"" protected BuildException circularReference return new BuildException ""This data type contains a circular reference."""
org.apache.tools.ant.taskdefs.Get,8,3,0,6,46,10,0,6,7,0.771428571,394,1.0,0,0.840909091,0.375,1,1,47.625,2,1.0,0,PackageDeclaration_org.apache.tools.ant.taskdefs ClassDeclaration_Get FieldDeclaration_ FieldDeclaration_ FieldDeclaration_ FieldDeclaration_ FieldDeclaration_ MethodDeclaration_execute IfStatement_ BlockStatement_ ThrowStatement_ IfStatement_ BlockStatement_ ThrowStatement_ IfStatement_ MethodInvocation_ MethodInvocation_ BlockStatement_ ThrowStatement_ IfStatement_ MethodInvocation_ MethodInvocation_ BlockStatement_ ThrowStatement_ MethodInvocation_ TryStatement_ StatementExpression_ MethodInvocation_ LocalVariableDeclaration_ LocalVariableDeclaration_ IfStatement_ MethodInvocation_ BlockStatement_ StatementExpression_ MethodInvocation_ IfStatement_ BlockStatement_ LocalVariableDeclaration_ StatementExpression_ MethodInvocation_ MethodInvocation_ StatementExpression_ LocalVariableDeclaration_ MethodInvocation_ IfStatement_ BlockStatement_ StatementExpression_ MethodInvocation_ StatementExpression_ MethodInvocation_ IfStatement_ BlockStatement_ LocalVariableDeclaration_ IfStatement_ MethodInvocation_ BlockStatement_ StatementExpression_ MethodInvocation_ ReturnStatement_ LocalVariableDeclaration_ LocalVariableDeclaration_ ForStatement_ VariableDeclaration_ BlockStatement_ TryStatement_ StatementExpression_ MethodInvocation_ BreakStatement_ CatchClause_ CatchClauseParameter_ex StatementExpression_ MethodInvocation_ IfStatement_ BlockStatement_ StatementExpression_ MethodInvocation_ IfStatement_ ReturnStatement_ ThrowStatement_ LocalVariableDeclaration_ LocalVariableDeclaration_ WhileStatement_ MethodInvocation_ BlockStatement_ StatementExpression_ MethodInvocation_ IfStatement_ StatementExpression_ MethodInvocation_ IfStatement_ StatementExpression_ MethodInvocation_ StatementExpression_ MethodInvocation_ StatementExpression_ MethodInvocation_ IfStatement_ BlockStatement_ LocalVariableDeclaration_ MethodInvocation_ IfStatement_ BlockStatement_ LocalVariableDeclaration_ StatementExpression_ MethodInvocation_ MethodInvocation_ IfStatement_ StatementExpression_ MethodInvocation_ CatchClause_ CatchClauseParameter_ioe StatementExpression_ MethodInvocation_ IfStatement_ ReturnStatement_ ThrowStatement_ MethodDeclaration_touchFile FormalParameter_file FormalParameter_timemillis IfStatement_ MethodInvocation_ BlockStatement_ LocalVariableDeclaration_ MethodInvocation_ StatementExpression_ MethodInvocation_ StatementExpression_ MethodInvocation_ MethodInvocation_ StatementExpression_ MethodInvocation_ MethodInvocation_ StatementExpression_ MethodInvocation_ StatementExpression_ MethodInvocation_ StatementExpression_ MethodInvocation_ ReturnStatement_ BlockStatement_ ReturnStatement_ MethodDeclaration_setSrc FormalParameter_u StatementExpression_ MethodDeclaration_setDest FormalParameter_dest StatementExpression_ MethodDeclaration_setVerbose FormalParameter_v StatementExpression_ MethodDeclaration_setIgnoreErrors FormalParameter_v StatementExpression_ MethodDeclaration_setUseTimestamp FormalParameter_v IfStatement_ MethodInvocation_ BlockStatement_ StatementExpression_,"package org apache tools ant taskdefs import java io import java net import java util import org apache tools ant public class Get extends Task private URL source private File dest private boolean verbose false private boolean useTimestamp false private boolean ignoreErrors false public void execute throws BuildException if source null throw new BuildException ""src attribute is required"" location if dest null throw new BuildException ""dest attribute is required"" location if dest exists dest isDirectory throw new BuildException ""The specified destination is a directory"" location if dest exists dest canWrite throw new BuildException ""Can't write to "" dest getAbsolutePath location try log ""Getting: "" source long timestamp 0 boolean hasTimestamp false if useTimestamp dest exists timestamp dest lastModified if verbose Date t new Date timestamp log ""local file date : "" t toString hasTimestamp true URLConnection connection source openConnection if useTimestamp hasTimestamp connection setIfModifiedSince timestamp connection connect if connection instanceof HttpURLConnection HttpURLConnection httpConnection HttpURLConnection connection if httpConnection getResponseCode HttpURLConnection HTTP_NOT_MODIFIED log ""Not modified - so not downloaded"" return FileOutputStream fos new FileOutputStream dest InputStream is null for int i 0 i 3 i try is connection getInputStream break catch IOException ex log ""Error opening connection "" ex if is null log ""Can't get "" source "" to "" dest if ignoreErrors return throw new BuildException ""Can't get "" source "" to "" dest location byte buffer new byte 100 1024 int length while length is read buffer 0 fos write buffer 0 length if verbose System out print ""."" if verbose System out println fos close is close if useTimestamp long remoteTimestamp connection getLastModified if verbose Date t new Date remoteTimestamp log ""last modified = "" t toString remoteTimestamp 0 "" - using current time instead"" """" if remoteTimestamp 0 touchFile dest remoteTimestamp catch IOException ioe log ""Error getting "" source "" to "" dest if ignoreErrors return throw new BuildException ioe location protected boolean touchFile File file long timemillis throws BuildException if project getJavaVersion Project JAVA_1_1 Touch touch Touch project createTask ""touch"" touch setOwningTarget target touch setTaskName getTaskName touch setLocation getLocation touch setFile file touch setMillis timemillis touch touch return true else return false public void setSrc URL u this source u public void setDest File dest this dest dest public void setVerbose boolean v verbose v public void setIgnoreErrors boolean v ignoreErrors v public void setUseTimestamp boolean v if project getJavaVersion Project JAVA_1_1 useTimestamp v"
org.apache.tools.ant.taskdefs.Zip,22,4,1,15,104,185,2,13,8,0.839285714,1180,1.0,0,0.795918367,0.180272109,3,3,52.27272727,3,1.0455,3,PackageDeclaration_org.apache.tools.ant.taskdefs ClassDeclaration_Zip FieldDeclaration_ FieldDeclaration_ FieldDeclaration_ FieldDeclaration_ FieldDeclaration_ MethodInvocation_ FieldDeclaration_ FieldDeclaration_ FieldDeclaration_ MethodDeclaration_setZipfile FormalParameter_zipFile StatementExpression_ MethodDeclaration_setBasedir FormalParameter_baseDir StatementExpression_ MethodDeclaration_setCompress FormalParameter_c StatementExpression_ MethodDeclaration_addFileset FormalParameter_set StatementExpression_ MethodInvocation_ MethodDeclaration_addZipfileset FormalParameter_set StatementExpression_ MethodInvocation_ MethodDeclaration_setWhenempty FormalParameter_we StatementExpression_ MethodInvocation_ IfStatement_ MethodInvocation_ MethodInvocation_ MethodInvocation_ ThrowStatement_ StatementExpression_ MethodDeclaration_execute IfStatement_ MethodInvocation_ MethodInvocation_ BlockStatement_ ThrowStatement_ IfStatement_ BlockStatement_ ThrowStatement_ LocalVariableDeclaration_ IfStatement_ StatementExpression_ MethodInvocation_ MethodInvocation_ ForStatement_ VariableDeclaration_ MethodInvocation_ BlockStatement_ LocalVariableDeclaration_ MethodInvocation_ StatementExpression_ MethodInvocation_ MethodInvocation_ LocalVariableDeclaration_ MethodInvocation_ LocalVariableDeclaration_ StatementExpression_ MethodInvocation_ IfStatement_ MethodInvocation_ ReturnStatement_ StatementExpression_ MethodInvocation_ MethodInvocation_ TryStatement_ LocalVariableDeclaration_ LocalVariableDeclaration_ TryStatement_ IfStatement_ BlockStatement_ StatementExpression_ MethodInvocation_ BlockStatement_ StatementExpression_ MethodInvocation_ StatementExpression_ MethodInvocation_ IfStatement_ StatementExpression_ MethodInvocation_ MethodInvocation_ StatementExpression_ MethodInvocation_ StatementExpression_ TryStatement_ IfStatement_ StatementExpression_ MethodInvocation_ CatchClause_ CatchClauseParameter_ex IfStatement_ ThrowStatement_ CatchClause_ CatchClauseParameter_ioe LocalVariableDeclaration_ MethodInvocation_ IfStatement_ MethodInvocation_ BlockStatement_ StatementExpression_ ThrowStatement_ StatementExpression_ MethodInvocation_ MethodDeclaration_addFiles FormalParameter_scanner FormalParameter_zOut FormalParameter_prefix FormalParameter_fullpath IfStatement_ MethodInvocation_ MethodInvocation_ ThrowStatement_ LocalVariableDeclaration_ MethodInvocation_ LocalVariableDeclaration_ MethodInvocation_ IfStatement_ MethodInvocation_ ThrowStatement_ ForStatement_ VariableDeclaration_ BlockStatement_ LocalVariableDeclaration_ MethodInvocation_ IfStatement_ MethodInvocation_ BlockStatement_ StatementExpression_ StatementExpression_ MethodInvocation_ LocalVariableDeclaration_ MethodInvocation_ IfStatement_ MethodInvocation_ ThrowStatement_ ForStatement_ VariableDeclaration_ BlockStatement_ LocalVariableDeclaration_ IfStatement_ MethodInvocation_ BlockStatement_ StatementExpression_ MethodInvocation_ StatementExpression_ MethodInvocation_ BlockStatement_ LocalVariableDeclaration_ MethodInvocation_ StatementExpression_ MethodInvocation_ StatementExpression_ MethodInvocation_ MethodDeclaration_addZipEntries FormalParameter_fs FormalParameter_ds FormalParameter_zOut FormalParameter_prefix LocalVariableDeclaration_ LocalVariableDeclaration_ MethodInvocation_ LocalVariableDeclaration_ LocalVariableDeclaration_ WhileStatement_ MethodInvocation_ BlockStatement_ LocalVariableDeclaration_ MethodInvocation_ IfStatement_ MethodInvocation_ BlockStatement_ StatementExpression_ MethodInvocation_ IfStatement_ MethodInvocation_ BlockStatement_ StatementExpression_ MethodInvocation_ MethodInvocation_ MethodDeclaration_initZipOutputStream FormalParameter_zOut MethodDeclaration_isUpToDate FormalParameter_scanners FormalParameter_zipFile LocalVariableDeclaration_ MethodInvocation_ LocalVariableDeclaration_ MethodInvocation_ IfStatement_ BlockStatement_ IfStatement_ MethodInvocation_ BlockStatement_ StatementExpression_ MethodInvocation_ ReturnStatement_ IfStatement_ MethodInvocation_ BlockStatement_ ThrowStatement_ BlockStatement_ IfStatement_ MethodInvocation_ ReturnStatement_ StatementExpression_ MethodInvocation_ TryStatement_ LocalVariableDeclaration_ TryStatement_ LocalVariableDeclaration_ StatementExpression_ StatementExpression_ StatementExpression_ StatementExpression_ StatementExpression_ MethodInvocation_ StatementExpression_ MethodInvocation_ CatchClause_ CatchClauseParameter_ioe ThrowStatement_ ReturnStatement_ BlockStatement_ ForStatement_ VariableDeclaration_ BlockStatement_ IfStatement_ MethodInvocation_ BlockStatement_ ThrowStatement_ IfStatement_ MethodInvocation_ ReturnStatement_ LocalVariableDeclaration_ LocalVariableDeclaration_ StatementExpression_ MethodInvocation_ MethodInvocation_ ForStatement_ VariableDeclaration_ BlockStatement_ IfStatement_ MethodInvocation_ MethodInvocation_ BlockStatement_ ReturnStatement_ ReturnStatement_ MethodDeclaration_grabFiles FormalParameter_scanners ReturnStatement_ MethodInvocation_ MethodInvocation_ MethodDeclaration_grabFiles FormalParameter_scanners FormalParameter_fileNames LocalVariableDeclaration_ ForStatement_ VariableDeclaration_ BlockStatement_ LocalVariableDeclaration_ MethodInvocation_ ForStatement_ VariableDeclaration_ StatementExpression_ MethodInvocation_ LocalVariableDeclaration_ MethodInvocation_ StatementExpression_ MethodInvocation_ ReturnStatement_ MethodDeclaration_grabFileNames FormalParameter_scanners LocalVariableDeclaration_ ForStatement_ VariableDeclaration_ BlockStatement_ LocalVariableDeclaration_ MethodInvocation_ LocalVariableDeclaration_ MethodInvocation_ StatementExpression_ StatementExpression_ MethodInvocation_ StatementExpression_ MethodInvocation_ ReturnStatement_ MethodDeclaration_zipDir FormalParameter_dir FormalParameter_zOut FormalParameter_vPath IfStatement_ MethodInvocation_ BlockStatement_ ReturnStatement_ StatementExpression_ MethodInvocation_ LocalVariableDeclaration_ IfStatement_ StatementExpression_ MethodInvocation_ MethodInvocation_ StatementExpression_ MethodInvocation_ StatementExpression_ MethodInvocation_ StatementExpression_ MethodInvocation_ StatementExpression_ MethodInvocation_ MethodDeclaration_zipFile FormalParameter_in FormalParameter_zOut FormalParameter_vPath FormalParameter_lastModified LocalVariableDeclaration_ StatementExpression_ MethodInvocation_ IfStatement_ BlockStatement_ LocalVariableDeclaration_ LocalVariableDeclaration_ IfStatement_ MethodInvocation_ BlockStatement_ LocalVariableDeclaration_ LocalVariableDeclaration_ LocalVariableDeclaration_ DoStatement_ BlockStatement_ StatementExpression_ StatementExpression_ MethodInvocation_ StatementExpression_ MethodInvocation_ StatementExpression_ MethodInvocation_ StatementExpression_ MethodInvocation_ BlockStatement_ StatementExpression_ MethodInvocation_ LocalVariableDeclaration_ LocalVariableDeclaration_ DoStatement_ BlockStatement_ StatementExpression_ StatementExpression_ MethodInvocation_ StatementExpression_ MethodInvocation_ StatementExpression_ MethodInvocation_ StatementExpression_ MethodInvocation_ StatementExpression_ MethodInvocation_ MethodInvocation_ StatementExpression_ MethodInvocation_ LocalVariableDeclaration_ LocalVariableDeclaration_ DoStatement_ BlockStatement_ StatementExpression_ MethodInvocation_ StatementExpression_ MethodInvocation_ MethodDeclaration_zipFile FormalParameter_file FormalParameter_zOut FormalParameter_vPath IfStatement_ MethodInvocation_ BlockStatement_ ThrowStatement_ LocalVariableDeclaration_ TryStatement_ StatementExpression_ MethodInvocation_ MethodInvocation_ StatementExpression_ MethodInvocation_ MethodDeclaration_addParentDirs FormalParameter_baseDir FormalParameter_entry FormalParameter_zOut FormalParameter_prefix LocalVariableDeclaration_ LocalVariableDeclaration_ MethodInvocation_ WhileStatement_ MethodInvocation_ BlockStatement_ LocalVariableDeclaration_ MethodInvocation_ IfStatement_ MethodInvocation_ BlockStatement_ BreakStatement_ StatementExpression_ MethodInvocation_ WhileStatement_ MethodInvocation_ BlockStatement_ LocalVariableDeclaration_ MethodInvocation_ LocalVariableDeclaration_ IfStatement_ BlockStatement_ StatementExpression_ BlockStatement_ StatementExpression_ StatementExpression_ MethodInvocation_ MethodDeclaration_addFiles FormalParameter_filesets FormalParameter_zOut ForStatement_ VariableDeclaration_ MethodInvocation_ BlockStatement_ LocalVariableDeclaration_ MethodInvocation_ LocalVariableDeclaration_ MethodInvocation_ LocalVariableDeclaration_ LocalVariableDeclaration_ IfStatement_ BlockStatement_ LocalVariableDeclaration_ StatementExpression_ MethodInvocation_ StatementExpression_ MethodInvocation_ IfStatement_ MethodInvocation_ MethodInvocation_ MethodInvocation_ BlockStatement_ StatementExpression_ IfStatement_ MethodInvocation_ BlockStatement_ StatementExpression_ MethodInvocation_ StatementExpression_ MethodInvocation_ IfStatement_ MethodInvocation_ BlockStatement_ StatementExpression_ MethodInvocation_ IfStatement_ BlockStatement_ StatementExpression_ MethodInvocation_ BlockStatement_ StatementExpression_ MethodInvocation_ MethodDeclaration_cleanUp,"package org apache tools ant taskdefs import java io import java util Enumeration import java util Hashtable import java util Stack import java util StringTokenizer import java util Vector import java util zip import org apache tools ant import org apache tools ant types import org apache tools ant util public class Zip extends MatchingTask private File zipFile private File baseDir private boolean doCompress true protected String archiveType ""zip"" private static long emptyCrc new CRC32 getValue protected String emptyBehavior ""skip"" private Vector filesets new Vector private Hashtable addedDirs new Hashtable public void setZipfile File zipFile this zipFile zipFile public void setBasedir File baseDir this baseDir baseDir public void setCompress boolean c doCompress c public void addFileset FileSet set filesets addElement set public void addZipfileset ZipFileSet set filesets addElement set public void setWhenempty String we throws BuildException we we toLowerCase if ""fail"" equals we ""skip"" equals we ""create"" equals we throw new BuildException ""Unrecognized whenempty attribute: "" we emptyBehavior we public void execute throws BuildException if baseDir null filesets size 0 ""zip"" equals archiveType throw new BuildException ""basedir attribute must be set, or at least "" ""one fileset must be given!"" if zipFile null throw new BuildException ""You must specify the "" archiveType "" file to create!"" Vector dss new Vector if baseDir null dss addElement getDirectoryScanner baseDir for int i 0 i filesets size i FileSet fs FileSet filesets elementAt i dss addElement fs getDirectoryScanner project int dssSize dss size FileScanner scanners new FileScanner dssSize dss copyInto scanners if isUpToDate scanners zipFile return log ""Building "" archiveType "": "" zipFile getAbsolutePath try boolean success false ZipOutputStream zOut new ZipOutputStream new FileOutputStream zipFile try if doCompress zOut setMethod ZipOutputStream DEFLATED else zOut setMethod ZipOutputStream STORED initZipOutputStream zOut if baseDir null addFiles getDirectoryScanner baseDir zOut """" """" addFiles filesets zOut success true finally try if zOut null zOut close catch IOException ex if success throw ex catch IOException ioe String msg ""Problem creating "" archiveType "": "" ioe getMessage if zipFile delete msg "" (and the archive is probably corrupt but I could not delete it)"" throw new BuildException msg ioe location finally cleanUp protected void addFiles FileScanner scanner ZipOutputStream zOut String prefix String fullpath throws IOException if prefix length 0 fullpath length 0 throw new BuildException ""Both prefix and fullpath attributes may not be set on the same fileset."" File thisBaseDir scanner getBasedir String dirs scanner getIncludedDirectories if dirs length 0 fullpath length 0 throw new BuildException ""fullpath attribute may only be specified for filesets that specify a single file."" for int i 0 i dirs length i String name dirs i replace File separatorChar '/' if name endsWith ""/"" name ""/"" addParentDirs thisBaseDir name zOut prefix String files scanner getIncludedFiles if files length 1 fullpath length 0 throw new BuildException ""fullpath attribute may only be specified for filesets that specify a single file."" for int i 0 i files length i File f new File thisBaseDir files i if fullpath length 0 addParentDirs null fullpath zOut """" zipFile f zOut fullpath else String name files i replace File separatorChar '/' addParentDirs thisBaseDir name zOut prefix zipFile f zOut prefix name protected void addZipEntries ZipFileSet fs DirectoryScanner ds ZipOutputStream zOut String prefix throws IOException ZipScanner zipScanner ZipScanner ds File zipSrc fs getSrc ZipEntry entry ZipInputStream in new ZipInputStream new FileInputStream zipSrc while entry in getNextEntry null String vPath entry getName if zipScanner match vPath addParentDirs null vPath zOut prefix if entry isDirectory zipFile in zOut prefix vPath entry getTime protected void initZipOutputStream ZipOutputStream zOut throws IOException BuildException protected boolean isUpToDate FileScanner scanners File zipFile throws BuildException String fileNames grabFileNames scanners File files grabFiles scanners fileNames if files length 0 if emptyBehavior equals ""skip"" log ""Warning: skipping "" archiveType "" archive "" zipFile "" because no files were included."" Project MSG_WARN return true else if emptyBehavior equals ""fail"" throw new BuildException ""Cannot create "" archiveType "" archive "" zipFile "": no files were included."" location else if zipFile exists return true log ""Note: creating empty "" archiveType "" archive "" zipFile Project MSG_INFO try OutputStream os new FileOutputStream zipFile try byte empty new byte 22 empty 0 80 empty 1 75 empty 2 5 empty 3 6 os write empty finally os close catch IOException ioe throw new BuildException ""Could not create empty ZIP archive"" ioe location return true else for int i 0 i files length i if files i equals zipFile throw new BuildException ""A zip file cannot include itself"" location if zipFile exists return false SourceFileScanner sfs new SourceFileScanner this MergingMapper mm new MergingMapper mm setTo zipFile getAbsolutePath for int i 0 i scanners length i if sfs restrict fileNames i scanners i getBasedir null mm length 0 return false return true protected static File grabFiles FileScanner scanners return grabFiles scanners grabFileNames scanners protected static File grabFiles FileScanner scanners String fileNames Vector files new Vector for int i 0 i fileNames length i File thisBaseDir scanners i getBasedir for int j 0 j fileNames i length j files addElement new File thisBaseDir fileNames i j File toret new File files size files copyInto toret return toret protected static String grabFileNames FileScanner scanners String result new String scanners length for int i 0 i scanners length i String files scanners i getIncludedFiles String dirs scanners i getIncludedDirectories result i new String files length dirs length System arraycopy files 0 result i 0 files length System arraycopy dirs 0 result i files length dirs length return result protected void zipDir File dir ZipOutputStream zOut String vPath throws IOException if addedDirs get vPath null return addedDirs put vPath vPath ZipEntry ze new ZipEntry vPath if dir null ze setTime dir lastModified ze setSize 0 ze setMethod ZipEntry STORED ze setCrc emptyCrc zOut putNextEntry ze protected void zipFile InputStream in ZipOutputStream zOut String vPath long lastModified throws IOException ZipEntry ze new ZipEntry vPath ze setTime lastModified if doCompress long size 0 CRC32 cal new CRC32 if in markSupported ByteArrayOutputStream bos new ByteArrayOutputStream byte buffer new byte 8 1024 int count 0 do size count cal update buffer 0 count bos write buffer 0 count count in read buffer 0 buffer length while count 1 in new ByteArrayInputStream bos toByteArray else in mark Integer MAX_VALUE byte buffer new byte 8 1024 int count 0 do size count cal update buffer 0 count count in read buffer 0 buffer length while count 1 in reset ze setSize size ze setCrc cal getValue zOut putNextEntry ze byte buffer new byte 8 1024 int count 0 do zOut write buffer 0 count count in read buffer 0 buffer length while count 1 protected void zipFile File file ZipOutputStream zOut String vPath throws IOException if file equals zipFile throw new BuildException ""A zip file cannot include itself"" location FileInputStream fIn new FileInputStream file try zipFile fIn zOut vPath file lastModified finally fIn close protected void addParentDirs File baseDir String entry ZipOutputStream zOut String prefix throws IOException Stack directories new Stack int slashPos entry length while slashPos entry lastIndexOf int '/' slashPos 1 1 String dir entry substring 0 slashPos 1 if addedDirs get prefix dir null break directories push dir while directories isEmpty String dir String directories pop File f null if baseDir null f new File baseDir dir else f new File dir zipDir f zOut prefix dir protected void addFiles Vector filesets ZipOutputStream zOut throws IOException for int i 0 i filesets size i FileSet fs FileSet filesets elementAt i DirectoryScanner ds fs getDirectoryScanner project String prefix """" String fullpath """" if fs instanceof ZipFileSet ZipFileSet zfs ZipFileSet fs prefix zfs getPrefix fullpath zfs getFullpath if prefix length 0 prefix endsWith ""/"" prefix endsWith ""\\"" prefix ""/"" if prefix length 0 addParentDirs null prefix zOut """" zipDir null zOut prefix else if fullpath length 0 addParentDirs null fullpath zOut """" if fs instanceof ZipFileSet ZipFileSet fs getSrc null addZipEntries ZipFileSet fs ds zOut prefix else addFiles ds zOut prefix fullpath protected void cleanUp"
org.apache.tools.ant.taskdefs.compilers.CompilerAdapter,2,1,0,4,2,1,3,2,2,2.0,2,0.0,0,0.0,0.75,0,0,0.0,1,1.0,0,PackageDeclaration_org.apache.tools.ant.taskdefs.compilers InterfaceDeclaration_CompilerAdapter MethodDeclaration_setJavac FormalParameter_attributes MethodDeclaration_execute,package org apache tools ant taskdefs compilers import org apache tools ant BuildException import org apache tools ant taskdefs Javac public interface CompilerAdapter public void setJavac Javac attributes public boolean execute throws BuildException
org.apache.tools.ant.taskdefs.LogOutputStream,7,2,1,8,15,1,7,1,4,0.583333333,92,1.0,1,0.454545455,0.464285714,1,1,11.57142857,1,0.8571,0,PackageDeclaration_org.apache.tools.ant.taskdefs ClassDeclaration_LogOutputStream FieldDeclaration_ FieldDeclaration_ FieldDeclaration_ FieldDeclaration_ ConstructorDeclaration_LogOutputStream FormalParameter_task FormalParameter_level StatementExpression_ StatementExpression_ MethodDeclaration_write FormalParameter_cc LocalVariableDeclaration_ IfStatement_ BlockStatement_ IfStatement_ StatementExpression_ MethodInvocation_ StatementExpression_ MethodInvocation_ StatementExpression_ MethodDeclaration_processBuffer StatementExpression_ MethodInvocation_ MethodInvocation_ StatementExpression_ MethodInvocation_ MethodDeclaration_processLine FormalParameter_line StatementExpression_ MethodInvocation_ MethodDeclaration_processLine FormalParameter_line FormalParameter_level StatementExpression_ MethodInvocation_ MethodDeclaration_close IfStatement_ MethodInvocation_ StatementExpression_ MethodInvocation_ StatementExpression_ MethodDeclaration_getMessageLevel ReturnStatement_,package org apache tools ant taskdefs import org apache tools ant Project import org apache tools ant Task import java io IOException import java io OutputStream import java io ByteArrayOutputStream public class LogOutputStream extends OutputStream private ByteArrayOutputStream buffer new ByteArrayOutputStream private boolean skip false private Task task private int level Project MSG_INFO public LogOutputStream Task task int level this task task this level level public void write int cc throws IOException final byte c byte cc if c '\n' c '\r' if skip processBuffer else buffer write cc skip c '\r' protected void processBuffer processLine buffer toString buffer reset protected void processLine String line processLine line level protected void processLine String line int level task log line level public void close throws IOException if buffer size 0 processBuffer super close public int getMessageLevel return level
org.apache.tools.ant.taskdefs.StreamPumper,2,1,0,1,6,0,1,0,2,1.0,39,1.0,0,0.0,0.666666667,0,0,16.5,2,1.0,0,PackageDeclaration_org.apache.tools.ant.taskdefs ClassDeclaration_StreamPumper FieldDeclaration_ FieldDeclaration_ FieldDeclaration_ FieldDeclaration_ ConstructorDeclaration_StreamPumper FormalParameter_is FormalParameter_os StatementExpression_ StatementExpression_ MethodDeclaration_run LocalVariableDeclaration_ LocalVariableDeclaration_ TryStatement_ WhileStatement_ MethodInvocation_ BlockStatement_ StatementExpression_ MethodInvocation_ TryStatement_ StatementExpression_ MethodInvocation_ CatchClause_ CatchClauseParameter_e CatchClause_ CatchClauseParameter_e,package org apache tools ant taskdefs import java io IOException import java io InputStream import java io OutputStream public class StreamPumper implements Runnable private final static int SLEEP 5 private final static int SIZE 128 private InputStream is private OutputStream os public StreamPumper InputStream is OutputStream os this is is this os os public void run final byte buf new byte SIZE int length try while length is read buf 0 os write buf 0 length try Thread sleep SLEEP catch InterruptedException e catch IOException e
org.apache.tools.ant.DirectoryScanner,23,1,1,22,51,181,20,2,14,0.731404959,1407,1.0,0,0.0,0.290909091,0,0,59.69565217,35,5.8696,0,PackageDeclaration_org.apache.tools.ant ClassDeclaration_DirectoryScanner FieldDeclaration_ FieldDeclaration_ FieldDeclaration_ FieldDeclaration_ FieldDeclaration_ FieldDeclaration_ FieldDeclaration_ FieldDeclaration_ FieldDeclaration_ FieldDeclaration_ FieldDeclaration_ ConstructorDeclaration_DirectoryScanner MethodDeclaration_matchPatternStart FormalParameter_pattern FormalParameter_str IfStatement_ MethodInvocation_ MethodInvocation_ BlockStatement_ ReturnStatement_ LocalVariableDeclaration_ LocalVariableDeclaration_ WhileStatement_ MethodInvocation_ BlockStatement_ StatementExpression_ MethodInvocation_ MethodInvocation_ LocalVariableDeclaration_ StatementExpression_ WhileStatement_ MethodInvocation_ BlockStatement_ StatementExpression_ MethodInvocation_ MethodInvocation_ LocalVariableDeclaration_ LocalVariableDeclaration_ MethodInvocation_ LocalVariableDeclaration_ LocalVariableDeclaration_ MethodInvocation_ WhileStatement_ BlockStatement_ LocalVariableDeclaration_ MethodInvocation_ IfStatement_ MethodInvocation_ BlockStatement_ BreakStatement_ IfStatement_ MethodInvocation_ MethodInvocation_ BlockStatement_ ReturnStatement_ StatementExpression_ StatementExpression_ IfStatement_ BlockStatement_ ReturnStatement_ IfStatement_ BlockStatement_ ReturnStatement_ BlockStatement_ ReturnStatement_ MethodDeclaration_matchPath FormalParameter_pattern FormalParameter_str IfStatement_ MethodInvocation_ MethodInvocation_ BlockStatement_ ReturnStatement_ LocalVariableDeclaration_ LocalVariableDeclaration_ WhileStatement_ MethodInvocation_ BlockStatement_ StatementExpression_ MethodInvocation_ MethodInvocation_ LocalVariableDeclaration_ StatementExpression_ WhileStatement_ MethodInvocation_ BlockStatement_ StatementExpression_ MethodInvocation_ MethodInvocation_ LocalVariableDeclaration_ LocalVariableDeclaration_ MethodInvocation_ LocalVariableDeclaration_ LocalVariableDeclaration_ MethodInvocation_ WhileStatement_ BlockStatement_ LocalVariableDeclaration_ MethodInvocation_ IfStatement_ MethodInvocation_ BlockStatement_ BreakStatement_ IfStatement_ MethodInvocation_ MethodInvocation_ BlockStatement_ ReturnStatement_ StatementExpression_ StatementExpression_ IfStatement_ BlockStatement_ ForStatement_ VariableDeclaration_ BlockStatement_ IfStatement_ MethodInvocation_ MethodInvocation_ BlockStatement_ ReturnStatement_ ReturnStatement_ BlockStatement_ IfStatement_ BlockStatement_ ReturnStatement_ WhileStatement_ BlockStatement_ LocalVariableDeclaration_ MethodInvocation_ IfStatement_ MethodInvocation_ BlockStatement_ BreakStatement_ IfStatement_ MethodInvocation_ MethodInvocation_ BlockStatement_ ReturnStatement_ StatementExpression_ StatementExpression_ IfStatement_ BlockStatement_ ForStatement_ VariableDeclaration_ BlockStatement_ IfStatement_ MethodInvocation_ MethodInvocation_ BlockStatement_ ReturnStatement_ ReturnStatement_ WhileStatement_ BlockStatement_ LocalVariableDeclaration_ ForStatement_ VariableDeclaration_ BlockStatement_ IfStatement_ MethodInvocation_ MethodInvocation_ BlockStatement_ StatementExpression_ BreakStatement_ IfStatement_ BlockStatement_ StatementExpression_ ContinueStatement_ LocalVariableDeclaration_ LocalVariableDeclaration_ LocalVariableDeclaration_ ForStatement_ VariableDeclaration_ BlockStatement_ ForStatement_ VariableDeclaration_ BlockStatement_ LocalVariableDeclaration_ MethodInvocation_ LocalVariableDeclaration_ MethodInvocation_ IfStatement_ MethodInvocation_ BlockStatement_ ContinueStatement_ StatementExpression_ BreakStatement_ IfStatement_ BlockStatement_ ReturnStatement_ StatementExpression_ StatementExpression_ ForStatement_ VariableDeclaration_ BlockStatement_ IfStatement_ MethodInvocation_ MethodInvocation_ BlockStatement_ ReturnStatement_ ReturnStatement_ MethodDeclaration_match FormalParameter_pattern FormalParameter_str LocalVariableDeclaration_ MethodInvocation_ LocalVariableDeclaration_ MethodInvocation_ LocalVariableDeclaration_ LocalVariableDeclaration_ LocalVariableDeclaration_ LocalVariableDeclaration_ LocalVariableDeclaration_ LocalVariableDeclaration_ ForStatement_ VariableDeclaration_ BlockStatement_ IfStatement_ BlockStatement_ StatementExpression_ BreakStatement_ IfStatement_ BlockStatement_ IfStatement_ BlockStatement_ ReturnStatement_ ForStatement_ VariableDeclaration_ BlockStatement_ StatementExpression_ IfStatement_ BlockStatement_ ReturnStatement_ ReturnStatement_ IfStatement_ BlockStatement_ ReturnStatement_ WhileStatement_ BlockStatement_ IfStatement_ BlockStatement_ ReturnStatement_ StatementExpression_ StatementExpression_ IfStatement_ BlockStatement_ ForStatement_ VariableDeclaration_ BlockStatement_ IfStatement_ BlockStatement_ ReturnStatement_ ReturnStatement_ WhileStatement_ BlockStatement_ IfStatement_ BlockStatement_ ReturnStatement_ StatementExpression_ StatementExpression_ IfStatement_ BlockStatement_ ForStatement_ VariableDeclaration_ BlockStatement_ IfStatement_ BlockStatement_ ReturnStatement_ ReturnStatement_ WhileStatement_ BlockStatement_ LocalVariableDeclaration_ ForStatement_ VariableDeclaration_ BlockStatement_ IfStatement_ BlockStatement_ StatementExpression_ BreakStatement_ IfStatement_ BlockStatement_ StatementExpression_ ContinueStatement_ LocalVariableDeclaration_ LocalVariableDeclaration_ LocalVariableDeclaration_ ForStatement_ VariableDeclaration_ BlockStatement_ ForStatement_ VariableDeclaration_ BlockStatement_ StatementExpression_ IfStatement_ BlockStatement_ ContinueStatement_ StatementExpression_ BreakStatement_ IfStatement_ BlockStatement_ ReturnStatement_ StatementExpression_ StatementExpression_ ForStatement_ VariableDeclaration_ BlockStatement_ IfStatement_ BlockStatement_ ReturnStatement_ ReturnStatement_ MethodDeclaration_setBasedir FormalParameter_basedir StatementExpression_ MethodInvocation_ MethodInvocation_ MethodInvocation_ MethodDeclaration_setBasedir FormalParameter_basedir StatementExpression_ MethodDeclaration_getBasedir ReturnStatement_ MethodDeclaration_setIncludes FormalParameter_includes IfStatement_ BlockStatement_ StatementExpression_ BlockStatement_ StatementExpression_ ForStatement_ VariableDeclaration_ BlockStatement_ LocalVariableDeclaration_ StatementExpression_ MethodInvocation_ MethodInvocation_ IfStatement_ MethodInvocation_ BlockStatement_ StatementExpression_ StatementExpression_ MethodDeclaration_setExcludes FormalParameter_excludes IfStatement_ BlockStatement_ StatementExpression_ BlockStatement_ StatementExpression_ ForStatement_ VariableDeclaration_ BlockStatement_ LocalVariableDeclaration_ StatementExpression_ MethodInvocation_ MethodInvocation_ IfStatement_ MethodInvocation_ BlockStatement_ StatementExpression_ StatementExpression_ MethodDeclaration_scan IfStatement_ BlockStatement_ ThrowStatement_ IfStatement_ MethodInvocation_ BlockStatement_ ThrowStatement_ IfStatement_ MethodInvocation_ BlockStatement_ ThrowStatement_ IfStatement_ BlockStatement_ StatementExpression_ StatementExpression_ IfStatement_ BlockStatement_ StatementExpression_ StatementExpression_ StatementExpression_ StatementExpression_ StatementExpression_ StatementExpression_ StatementExpression_ StatementExpression_ MethodInvocation_ MethodDeclaration_slowScan IfStatement_ BlockStatement_ ReturnStatement_ LocalVariableDeclaration_ MethodInvocation_ StatementExpression_ MethodInvocation_ LocalVariableDeclaration_ MethodInvocation_ StatementExpression_ MethodInvocation_ ForStatement_ VariableDeclaration_ BlockStatement_ StatementExpression_ MethodInvocation_ ForStatement_ VariableDeclaration_ BlockStatement_ IfStatement_ MethodInvocation_ BlockStatement_ StatementExpression_ MethodInvocation_ StatementExpression_ MethodDeclaration_scandir FormalParameter_dir FormalParameter_vpath FormalParameter_fast LocalVariableDeclaration_ MethodInvocation_ IfStatement_ BlockStatement_ ThrowStatement_ MethodInvocation_ ForStatement_ VariableDeclaration_ BlockStatement_ LocalVariableDeclaration_ LocalVariableDeclaration_ IfStatement_ MethodInvocation_ BlockStatement_ IfStatement_ MethodInvocation_ BlockStatement_ IfStatement_ MethodInvocation_ BlockStatement_ StatementExpression_ MethodInvocation_ IfStatement_ BlockStatement_ StatementExpression_ MethodInvocation_ BlockStatement_ StatementExpression_ MethodInvocation_ BlockStatement_ StatementExpression_ MethodInvocation_ IfStatement_ MethodInvocation_ BlockStatement_ StatementExpression_ MethodInvocation_ IfStatement_ BlockStatement_ StatementExpression_ MethodInvocation_ IfStatement_ MethodInvocation_ BlockStatement_ IfStatement_ MethodInvocation_ BlockStatement_ IfStatement_ MethodInvocation_ BlockStatement_ StatementExpression_ MethodInvocation_ BlockStatement_ StatementExpression_ MethodInvocation_ BlockStatement_ StatementExpression_ MethodInvocation_ MethodDeclaration_isIncluded FormalParameter_name ForStatement_ VariableDeclaration_ BlockStatement_ IfStatement_ MethodInvocation_ BlockStatement_ ReturnStatement_ ReturnStatement_ MethodDeclaration_couldHoldIncluded FormalParameter_name ForStatement_ VariableDeclaration_ BlockStatement_ IfStatement_ MethodInvocation_ BlockStatement_ ReturnStatement_ ReturnStatement_ MethodDeclaration_isExcluded FormalParameter_name ForStatement_ VariableDeclaration_ BlockStatement_ IfStatement_ MethodInvocation_ BlockStatement_ ReturnStatement_ ReturnStatement_ MethodDeclaration_getIncludedFiles LocalVariableDeclaration_ MethodInvocation_ LocalVariableDeclaration_ ForStatement_ VariableDeclaration_ BlockStatement_ StatementExpression_ MethodInvocation_ ReturnStatement_ MethodDeclaration_getNotIncludedFiles StatementExpression_ MethodInvocation_ LocalVariableDeclaration_ MethodInvocation_ LocalVariableDeclaration_ ForStatement_ VariableDeclaration_ BlockStatement_ StatementExpression_ MethodInvocation_ ReturnStatement_ MethodDeclaration_getExcludedFiles StatementExpression_ MethodInvocation_ LocalVariableDeclaration_ MethodInvocation_ LocalVariableDeclaration_ ForStatement_ VariableDeclaration_ BlockStatement_ StatementExpression_ MethodInvocation_ ReturnStatement_ MethodDeclaration_getIncludedDirectories LocalVariableDeclaration_ MethodInvocation_ LocalVariableDeclaration_ ForStatement_ VariableDeclaration_ BlockStatement_ StatementExpression_ MethodInvocation_ ReturnStatement_ MethodDeclaration_getNotIncludedDirectories StatementExpression_ MethodInvocation_ LocalVariableDeclaration_ MethodInvocation_ LocalVariableDeclaration_ ForStatement_ VariableDeclaration_ BlockStatement_ StatementExpression_ MethodInvocation_ ReturnStatement_ MethodDeclaration_getExcludedDirectories StatementExpression_ MethodInvocation_ LocalVariableDeclaration_ MethodInvocation_ LocalVariableDeclaration_ ForStatement_ VariableDeclaration_ BlockStatement_ StatementExpression_ MethodInvocation_ ReturnStatement_ MethodDeclaration_addDefaultExcludes LocalVariableDeclaration_ LocalVariableDeclaration_ StatementExpression_ IfStatement_ BlockStatement_ StatementExpression_ MethodInvocation_ ForStatement_ VariableDeclaration_ BlockStatement_ StatementExpression_ MethodInvocation_ MethodInvocation_ StatementExpression_,"package org apache tools ant import java io import java util public class DirectoryScanner implements FileScanner protected final static String DEFAULTEXCLUDES ""**/*~"" ""**/#*#"" ""**/%*%"" ""**/CVS"" ""**/CVS/**"" ""**/.cvsignore"" protected File basedir protected String includes protected String excludes protected Vector filesIncluded protected Vector filesNotIncluded protected Vector filesExcluded protected Vector dirsIncluded protected Vector dirsNotIncluded protected Vector dirsExcluded protected boolean haveSlowResults false public DirectoryScanner protected static boolean matchPatternStart String pattern String str if str startsWith File separator pattern startsWith File separator return false Vector patDirs new Vector StringTokenizer st new StringTokenizer pattern File separator while st hasMoreTokens patDirs addElement st nextToken Vector strDirs new Vector st new StringTokenizer str File separator while st hasMoreTokens strDirs addElement st nextToken int patIdxStart 0 int patIdxEnd patDirs size 1 int strIdxStart 0 int strIdxEnd strDirs size 1 while patIdxStart patIdxEnd strIdxStart strIdxEnd String patDir String patDirs elementAt patIdxStart if patDir equals ""**"" break if match patDir String strDirs elementAt strIdxStart return false patIdxStart strIdxStart if strIdxStart strIdxEnd return true else if patIdxStart patIdxEnd return false else return true protected static boolean matchPath String pattern String str if str startsWith File separator pattern startsWith File separator return false Vector patDirs new Vector StringTokenizer st new StringTokenizer pattern File separator while st hasMoreTokens patDirs addElement st nextToken Vector strDirs new Vector st new StringTokenizer str File separator while st hasMoreTokens strDirs addElement st nextToken int patIdxStart 0 int patIdxEnd patDirs size 1 int strIdxStart 0 int strIdxEnd strDirs size 1 while patIdxStart patIdxEnd strIdxStart strIdxEnd String patDir String patDirs elementAt patIdxStart if patDir equals ""**"" break if match patDir String strDirs elementAt strIdxStart return false patIdxStart strIdxStart if strIdxStart strIdxEnd for int i patIdxStart i patIdxEnd i if patDirs elementAt i equals ""**"" return false return true else if patIdxStart patIdxEnd return false while patIdxStart patIdxEnd strIdxStart strIdxEnd String patDir String patDirs elementAt patIdxEnd if patDir equals ""**"" break if match patDir String strDirs elementAt strIdxEnd return false patIdxEnd strIdxEnd if strIdxStart strIdxEnd for int i patIdxStart i patIdxEnd i if patDirs elementAt i equals ""**"" return false return true while patIdxStart patIdxEnd strIdxStart strIdxEnd int patIdxTmp 1 for int i patIdxStart 1 i patIdxEnd i if patDirs elementAt i equals ""**"" patIdxTmp i break if patIdxTmp patIdxStart 1 patIdxStart continue int patLength patIdxTmp patIdxStart 1 int strLength strIdxEnd strIdxStart 1 int foundIdx 1 strLoop for int i 0 i strLength patLength i for int j 0 j patLength j String subPat String patDirs elementAt patIdxStart j 1 String subStr String strDirs elementAt strIdxStart i j if match subPat subStr continue strLoop foundIdx strIdxStart i break if foundIdx 1 return false patIdxStart patIdxTmp strIdxStart foundIdx patLength for int i patIdxStart i patIdxEnd i if patDirs elementAt i equals ""**"" return false return true protected static boolean match String pattern String str char patArr pattern toCharArray char strArr str toCharArray int patIdxStart 0 int patIdxEnd patArr length 1 int strIdxStart 0 int strIdxEnd strArr length 1 char ch boolean containsStar false for int i 0 i patArr length i if patArr i '*' containsStar true break if containsStar if patIdxEnd strIdxEnd return false for int i 0 i patIdxEnd i ch patArr i if ch '?' ch strArr i return false return true if patIdxEnd 0 return true while ch patArr patIdxStart '*' strIdxStart strIdxEnd if ch '?' ch strArr strIdxStart return false patIdxStart strIdxStart if strIdxStart strIdxEnd for int i patIdxStart i patIdxEnd i if patArr i '*' return false return true while ch patArr patIdxEnd '*' strIdxStart strIdxEnd if ch '?' ch strArr strIdxEnd return false patIdxEnd strIdxEnd if strIdxStart strIdxEnd for int i patIdxStart i patIdxEnd i if patArr i '*' return false return true while patIdxStart patIdxEnd strIdxStart strIdxEnd int patIdxTmp 1 for int i patIdxStart 1 i patIdxEnd i if patArr i '*' patIdxTmp i break if patIdxTmp patIdxStart 1 patIdxStart continue int patLength patIdxTmp patIdxStart 1 int strLength strIdxEnd strIdxStart 1 int foundIdx 1 strLoop for int i 0 i strLength patLength i for int j 0 j patLength j ch patArr patIdxStart j 1 if ch '?' ch strArr strIdxStart i j continue strLoop foundIdx strIdxStart i break if foundIdx 1 return false patIdxStart patIdxTmp strIdxStart foundIdx patLength for int i patIdxStart i patIdxEnd i if patArr i '*' return false return true public void setBasedir String basedir setBasedir new File basedir replace '/' File separatorChar replace '\\' File separatorChar public void setBasedir File basedir this basedir basedir public File getBasedir return basedir public void setIncludes String includes if includes null this includes null else this includes new String includes length for int i 0 i includes length i String pattern pattern includes i replace '/' File separatorChar replace '\\' File separatorChar if pattern endsWith File separator pattern ""**"" this includes i pattern public void setExcludes String excludes if excludes null this excludes null else this excludes new String excludes length for int i 0 i excludes length i String pattern pattern excludes i replace '/' File separatorChar replace '\\' File separatorChar if pattern endsWith File separator pattern ""**"" this excludes i pattern public void scan if basedir null throw new IllegalStateException ""No basedir set"" if basedir exists throw new IllegalStateException ""basedir does not exist"" if basedir isDirectory throw new IllegalStateException ""basedir is not a directory"" if includes null includes new String 1 includes 0 ""**"" if excludes null excludes new String 0 filesIncluded new Vector filesNotIncluded new Vector filesExcluded new Vector dirsIncluded new Vector dirsNotIncluded new Vector dirsExcluded new Vector scandir basedir """" true protected void slowScan if haveSlowResults return String excl new String dirsExcluded size dirsExcluded copyInto excl String notIncl new String dirsNotIncluded size dirsNotIncluded copyInto notIncl for int i 0 i excl length i scandir new File basedir excl i excl i File separator false for int i 0 i notIncl length i if couldHoldIncluded notIncl i scandir new File basedir notIncl i notIncl i File separator false haveSlowResults true protected void scandir File dir String vpath boolean fast String newfiles dir list if newfiles null throw new BuildException ""IO error scanning directory "" dir getAbsolutePath for int i 0 i newfiles length i String name vpath newfiles i File file new File dir newfiles i if file isDirectory if isIncluded name if isExcluded name dirsIncluded addElement name if fast scandir file name File separator fast else dirsExcluded addElement name else dirsNotIncluded addElement name if fast couldHoldIncluded name scandir file name File separator fast if fast scandir file name File separator fast else if file isFile if isIncluded name if isExcluded name filesIncluded addElement name else filesExcluded addElement name else filesNotIncluded addElement name protected boolean isIncluded String name for int i 0 i includes length i if matchPath includes i name return true return false protected boolean couldHoldIncluded String name for int i 0 i includes length i if matchPatternStart includes i name return true return false protected boolean isExcluded String name for int i 0 i excludes length i if matchPath excludes i name return true return false public String getIncludedFiles int count filesIncluded size String files new String count for int i 0 i count i files i String filesIncluded elementAt i return files public String getNotIncludedFiles slowScan int count filesNotIncluded size String files new String count for int i 0 i count i files i String filesNotIncluded elementAt i return files public String getExcludedFiles slowScan int count filesExcluded size String files new String count for int i 0 i count i files i String filesExcluded elementAt i return files public String getIncludedDirectories int count dirsIncluded size String directories new String count for int i 0 i count i directories i String dirsIncluded elementAt i return directories public String getNotIncludedDirectories slowScan int count dirsNotIncluded size String directories new String count for int i 0 i count i directories i String dirsNotIncluded elementAt i return directories public String getExcludedDirectories slowScan int count dirsExcluded size String directories new String count for int i 0 i count i directories i String dirsExcluded elementAt i return directories public void addDefaultExcludes int excludesLength excludes null 0 excludes length String newExcludes newExcludes new String excludesLength DEFAULTEXCLUDES length if excludesLength 0 System arraycopy excludes 0 newExcludes 0 excludesLength for int i 0 i DEFAULTEXCLUDES length i newExcludes i excludesLength DEFAULTEXCLUDES i replace '/' File separatorChar replace '\\' File separatorChar excludes newExcludes"
org.apache.tools.ant.taskdefs.JikesOutputParser,12,1,0,3,21,44,1,2,5,0.805194805,147,1.0,1,0.0,0.261904762,0,0,10.66666667,4,1.25,0,PackageDeclaration_org.apache.tools.ant.taskdefs ClassDeclaration_JikesOutputParser FieldDeclaration_ FieldDeclaration_ FieldDeclaration_ FieldDeclaration_ FieldDeclaration_ FieldDeclaration_ MethodDeclaration_setProcessInputStream FormalParameter_os MethodDeclaration_setProcessErrorStream FormalParameter_is MethodDeclaration_setProcessOutputStream FormalParameter_is StatementExpression_ MethodDeclaration_start StatementExpression_ MethodInvocation_ MethodDeclaration_stop ConstructorDeclaration_JikesOutputParser FormalParameter_task FormalParameter_emacsMode StatementExpression_ StatementExpression_ StatementExpression_ MethodDeclaration_parseOutput FormalParameter_reader IfStatement_ StatementExpression_ MethodInvocation_ StatementExpression_ MethodInvocation_ MethodDeclaration_parseStandardOutput FormalParameter_reader LocalVariableDeclaration_ LocalVariableDeclaration_ WhileStatement_ MethodInvocation_ BlockStatement_ StatementExpression_ MethodInvocation_ IfStatement_ MethodInvocation_ MethodInvocation_ ContinueStatement_ IfStatement_ MethodInvocation_ StatementExpression_ MethodInvocation_ IfStatement_ MethodInvocation_ StatementExpression_ MethodInvocation_ BlockStatement_ IfStatement_ StatementExpression_ MethodInvocation_ StatementExpression_ MethodInvocation_ MethodDeclaration_parseEmacsOutput FormalParameter_reader StatementExpression_ MethodInvocation_ MethodDeclaration_setError FormalParameter_err StatementExpression_ IfStatement_ StatementExpression_ MethodDeclaration_log FormalParameter_line IfStatement_ BlockStatement_ StatementExpression_ MethodInvocation_ StatementExpression_ MethodInvocation_ MethodDeclaration_getErrorFlag ReturnStatement_,"package org apache tools ant taskdefs import org apache tools ant import java io public class JikesOutputParser implements ExecuteStreamHandler protected Task task protected boolean errorFlag false protected int errors warnings protected boolean error false protected boolean emacsMode protected BufferedReader br public void setProcessInputStream OutputStream os public void setProcessErrorStream InputStream is public void setProcessOutputStream InputStream is throws IOException br new BufferedReader new InputStreamReader is public void start throws IOException parseOutput br public void stop protected JikesOutputParser Task task boolean emacsMode super this task task this emacsMode emacsMode protected void parseOutput BufferedReader reader throws IOException if emacsMode parseEmacsOutput reader else parseStandardOutput reader private void parseStandardOutput BufferedReader reader throws IOException String line String lower while line reader readLine null lower line toLowerCase if line trim equals """" continue if lower indexOf ""error"" 1 setError true else if lower indexOf ""warning"" 1 setError false else if emacsMode setError true log line private void parseEmacsOutput BufferedReader reader throws IOException parseStandardOutput reader private void setError boolean err error err if error errorFlag true private void log String line if emacsMode task log """" error Project MSG_ERR Project MSG_WARN task log line error Project MSG_ERR Project MSG_WARN protected boolean getErrorFlag return errorFlag"
org.apache.tools.ant.taskdefs.Tstamp,3,3,0,5,17,0,1,5,3,0.0,91,1.0,0,0.948717949,1.0,0,0,29.0,1,0.6667,0,PackageDeclaration_org.apache.tools.ant.taskdefs ClassDeclaration_Tstamp FieldDeclaration_ MethodDeclaration_execute TryStatement_ LocalVariableDeclaration_ LocalVariableDeclaration_ StatementExpression_ MethodInvocation_ MethodInvocation_ LocalVariableDeclaration_ StatementExpression_ MethodInvocation_ MethodInvocation_ LocalVariableDeclaration_ StatementExpression_ MethodInvocation_ MethodInvocation_ LocalVariableDeclaration_ MethodInvocation_ WhileStatement_ MethodInvocation_ BlockStatement_ LocalVariableDeclaration_ MethodInvocation_ StatementExpression_ MethodInvocation_ CatchClause_ CatchClauseParameter_e ThrowStatement_ MethodDeclaration_createFormat LocalVariableDeclaration_ StatementExpression_ MethodInvocation_ ReturnStatement_ ClassDeclaration_CustomFormat FieldDeclaration_ FieldDeclaration_ FieldDeclaration_ FieldDeclaration_ ConstructorDeclaration_CustomFormat MethodDeclaration_setProperty FormalParameter_propertyName StatementExpression_ MethodDeclaration_setPattern FormalParameter_pattern StatementExpression_ MethodDeclaration_setOffset FormalParameter_offset StatementExpression_ MethodDeclaration_setUnit FormalParameter_unit IfStatement_ MethodInvocation_ BlockStatement_ StatementExpression_ IfStatement_ MethodInvocation_ BlockStatement_ StatementExpression_ IfStatement_ MethodInvocation_ BlockStatement_ StatementExpression_ IfStatement_ MethodInvocation_ BlockStatement_ StatementExpression_ IfStatement_ MethodInvocation_ BlockStatement_ StatementExpression_ IfStatement_ MethodInvocation_ BlockStatement_ StatementExpression_ IfStatement_ MethodInvocation_ BlockStatement_ StatementExpression_ IfStatement_ MethodInvocation_ BlockStatement_ StatementExpression_ BlockStatement_ ThrowStatement_ MethodDeclaration_execute FormalParameter_project FormalParameter_date FormalParameter_location IfStatement_ BlockStatement_ ThrowStatement_ IfStatement_ BlockStatement_ ThrowStatement_ LocalVariableDeclaration_ IfStatement_ BlockStatement_ LocalVariableDeclaration_ MethodInvocation_ StatementExpression_ MethodInvocation_ StatementExpression_ MethodInvocation_ StatementExpression_ MethodInvocation_ StatementExpression_ MethodInvocation_ MethodInvocation_,"package org apache tools ant taskdefs import org apache tools ant import java io import java util import java text public class Tstamp extends Task private Vector customFormats new Vector public void execute throws BuildException try Date d new Date SimpleDateFormat dstamp new SimpleDateFormat ""yyyyMMdd"" project setProperty ""DSTAMP"" dstamp format d SimpleDateFormat tstamp new SimpleDateFormat ""HHmm"" project setProperty ""TSTAMP"" tstamp format d SimpleDateFormat today new SimpleDateFormat ""MMMM d yyyy"" Locale US project setProperty ""TODAY"" today format d Enumeration i customFormats elements while i hasMoreElements CustomFormat cts CustomFormat i nextElement cts execute project d location catch Exception e throw new BuildException e public CustomFormat createFormat CustomFormat cts new CustomFormat customFormats addElement cts return cts public class CustomFormat private String propertyName private String pattern private int offset 0 private int field Calendar DATE public CustomFormat public void setProperty String propertyName this propertyName propertyName public void setPattern String pattern this pattern pattern public void setOffset int offset this offset offset public void setUnit String unit if unit equalsIgnoreCase ""millisecond"" field Calendar MILLISECOND else if unit equalsIgnoreCase ""second"" field Calendar SECOND else if unit equalsIgnoreCase ""minute"" field Calendar MINUTE else if unit equalsIgnoreCase ""hour"" field Calendar HOUR_OF_DAY else if unit equalsIgnoreCase ""day"" field Calendar DATE else if unit equalsIgnoreCase ""week"" field Calendar WEEK_OF_YEAR else if unit equalsIgnoreCase ""month"" field Calendar MONTH else if unit equalsIgnoreCase ""year"" field Calendar YEAR else throw new BuildException unit "" is not a unit supported by the tstamp task"" public void execute Project project Date date Location location if propertyName null throw new BuildException ""property attribute must be provided"" location if pattern null throw new BuildException ""pattern attribute must be provided"" location SimpleDateFormat sdf new SimpleDateFormat pattern if offset 0 Calendar calendar Calendar getInstance calendar setTime date calendar add field offset date calendar getTime project setProperty propertyName sdf format date"
org.apache.tools.ant.util.IdentityMapper,4,1,0,2,5,6,1,1,4,2.0,16,0.0,0,0.0,0.875,0,0,3.0,1,0.75,0,PackageDeclaration_org.apache.tools.ant.util ClassDeclaration_IdentityMapper MethodDeclaration_setFrom FormalParameter_from MethodDeclaration_setTo FormalParameter_to MethodDeclaration_mapFileName FormalParameter_sourceFileName ReturnStatement_,package org apache tools ant util public class IdentityMapper implements FileNameMapper public void setFrom String from public void setTo String to public String mapFileName String sourceFileName return new String sourceFileName
org.apache.tools.ant.taskdefs.compilers.CompilerAdapterFactory,3,1,0,8,16,3,1,7,1,2.0,125,0.0,0,0.0,0.444444444,0,0,40.66666667,1,0.6667,0,PackageDeclaration_org.apache.tools.ant.taskdefs.compilers ClassDeclaration_CompilerAdapterFactory ConstructorDeclaration_CompilerAdapterFactory MethodDeclaration_getCompiler FormalParameter_compilerType FormalParameter_task IfStatement_ MethodInvocation_ BlockStatement_ ReturnStatement_ IfStatement_ MethodInvocation_ MethodInvocation_ MethodInvocation_ BlockStatement_ ReturnStatement_ IfStatement_ MethodInvocation_ MethodInvocation_ BlockStatement_ TryStatement_ StatementExpression_ MethodInvocation_ CatchClause_ CatchClauseParameter_cnfe StatementExpression_ MethodInvocation_ ReturnStatement_ ReturnStatement_ IfStatement_ MethodInvocation_ MethodInvocation_ BlockStatement_ ReturnStatement_ ReturnStatement_ MethodInvocation_ MethodDeclaration_resolveClassName FormalParameter_className TryStatement_ LocalVariableDeclaration_ MethodInvocation_ LocalVariableDeclaration_ MethodInvocation_ ReturnStatement_ CatchClause_ CatchClauseParameter_cnfe ThrowStatement_ CatchClause_ CatchClauseParameter_cce ThrowStatement_ CatchClause_ CatchClauseParameter_t ThrowStatement_,"package org apache tools ant taskdefs compilers import org apache tools ant BuildException import org apache tools ant Task import org apache tools ant Project public class CompilerAdapterFactory private CompilerAdapterFactory public static CompilerAdapter getCompiler String compilerType Task task throws BuildException if compilerType equalsIgnoreCase ""jikes"" return new Jikes if compilerType equalsIgnoreCase ""classic"" compilerType equalsIgnoreCase ""javac1.1"" compilerType equalsIgnoreCase ""javac1.2"" return new Javac12 if compilerType equalsIgnoreCase ""modern"" compilerType equalsIgnoreCase ""javac1.3"" try Class forName ""com.sun.tools.javac.Main"" catch ClassNotFoundException cnfe task log ""Modern compiler is not available - using "" ""classic compiler"" Project MSG_WARN return new Javac12 return new Javac13 if compilerType equalsIgnoreCase ""jvc"" compilerType equalsIgnoreCase ""microsoft"" return new Jvc return resolveClassName compilerType private static CompilerAdapter resolveClassName String className throws BuildException try Class c Class forName className Object o c newInstance return CompilerAdapter o catch ClassNotFoundException cnfe throw new BuildException className "" can\'t be found."" cnfe catch ClassCastException cce throw new BuildException className "" isn\'t the classname of "" ""a compiler adapter."" cce catch Throwable t throw new BuildException className "" caused an interesting "" ""exception."" t"
org.apache.tools.ant.Constants,0,1,0,0,0,0,0,0,0,2.0,0,0.0,0,0.0,0.0,0,0,0.0,0,0.0,0,PackageDeclaration_org.apache.tools.ant InterfaceDeclaration_Constants,package org apache tools ant interface Constants
org.apache.tools.ant.taskdefs.War,9,6,0,7,33,28,0,7,6,0.8125,163,1.0,0,0.950617284,0.4,4,6,16.88888889,2,1.0,0,PackageDeclaration_org.apache.tools.ant.taskdefs ClassDeclaration_War FieldDeclaration_ FieldDeclaration_ ConstructorDeclaration_War StatementExpression_ StatementExpression_ StatementExpression_ MethodDeclaration_setWarfile FormalParameter_warFile StatementExpression_ MethodDeclaration_setWebxml FormalParameter_descr StatementExpression_ IfStatement_ MethodInvocation_ ThrowStatement_ LocalVariableDeclaration_ StatementExpression_ MethodInvocation_ MethodInvocation_ StatementExpression_ MethodInvocation_ MethodInvocation_ StatementExpression_ MethodInvocation_ StatementExpression_ MethodDeclaration_addLib FormalParameter_fs StatementExpression_ MethodInvocation_ StatementExpression_ MethodDeclaration_addClasses FormalParameter_fs StatementExpression_ MethodInvocation_ StatementExpression_ MethodDeclaration_addWebinf FormalParameter_fs StatementExpression_ MethodInvocation_ StatementExpression_ MethodDeclaration_initZipOutputStream FormalParameter_zOut IfStatement_ BlockStatement_ ThrowStatement_ StatementExpression_ MethodDeclaration_zipFile FormalParameter_file FormalParameter_zOut FormalParameter_vPath IfStatement_ MethodInvocation_ BlockStatement_ IfStatement_ MethodInvocation_ BlockStatement_ StatementExpression_ MethodInvocation_ BlockStatement_ StatementExpression_ StatementExpression_ BlockStatement_ StatementExpression_ MethodDeclaration_cleanUp StatementExpression_ StatementExpression_,"package org apache tools ant taskdefs import org apache tools ant import org apache tools ant types ZipFileSet import java io import java util Vector import java util zip public class War extends Jar private File deploymentDescriptor private boolean descriptorAdded public War super archiveType ""war"" emptyBehavior ""create"" public void setWarfile File warFile super setZipfile warFile public void setWebxml File descr deploymentDescriptor descr if deploymentDescriptor exists throw new BuildException ""Deployment descriptor: "" deploymentDescriptor "" does not exist."" ZipFileSet fs new ZipFileSet fs setDir new File deploymentDescriptor getParent fs setIncludes deploymentDescriptor getName fs setFullpath ""WEB-INF/web.xml"" super addFileset fs public void addLib ZipFileSet fs fs setPrefix ""WEB-INF/lib/"" super addFileset fs public void addClasses ZipFileSet fs fs setPrefix ""WEB-INF/classes/"" super addFileset fs public void addWebinf ZipFileSet fs fs setPrefix ""WEB-INF/"" super addFileset fs protected void initZipOutputStream ZipOutputStream zOut throws IOException BuildException if deploymentDescriptor null throw new BuildException ""webxml attribute is required"" location super initZipOutputStream zOut protected void zipFile File file ZipOutputStream zOut String vPath throws IOException if vPath equalsIgnoreCase ""WEB-INF/web.xml"" if deploymentDescriptor null deploymentDescriptor equals file descriptorAdded log ""Warning: selected "" archiveType "" files include a WEB-INF/web.xml which will be ignored "" ""(please use webxml attribute to "" archiveType "" task)"" Project MSG_WARN else super zipFile file zOut vPath descriptorAdded true else super zipFile file zOut vPath protected void cleanUp descriptorAdded false super cleanUp"
org.apache.tools.ant.taskdefs.Echo,7,3,0,7,22,0,0,7,7,0.625,147,1.0,0,0.860465116,0.342857143,1,1,19.42857143,5,1.4286,0,PackageDeclaration_org.apache.tools.ant.taskdefs ClassDeclaration_Echo FieldDeclaration_ FieldDeclaration_ FieldDeclaration_ FieldDeclaration_ MethodDeclaration_execute IfStatement_ BlockStatement_ StatementExpression_ MethodInvocation_ BlockStatement_ LocalVariableDeclaration_ TryStatement_ StatementExpression_ MethodInvocation_ StatementExpression_ MethodInvocation_ MethodInvocation_ CatchClause_ CatchClauseParameter_ioe ThrowStatement_ IfStatement_ BlockStatement_ TryStatement_ StatementExpression_ MethodInvocation_ CatchClause_ CatchClauseParameter_ioex MethodDeclaration_setMessage FormalParameter_msg StatementExpression_ MethodDeclaration_setFile FormalParameter_file StatementExpression_ MethodDeclaration_setAppend FormalParameter_append StatementExpression_ MethodDeclaration_addText FormalParameter_msg StatementExpression_ MethodInvocation_ MethodInvocation_ MethodDeclaration_setLevel FormalParameter_echoLevel LocalVariableDeclaration_ MethodInvocation_ IfStatement_ MethodInvocation_ BlockStatement_ StatementExpression_ IfStatement_ MethodInvocation_ BlockStatement_ StatementExpression_ IfStatement_ MethodInvocation_ BlockStatement_ StatementExpression_ IfStatement_ MethodInvocation_ BlockStatement_ StatementExpression_ BlockStatement_ StatementExpression_ ClassDeclaration_EchoLevel MethodDeclaration_getValues ReturnStatement_,"package org apache tools ant taskdefs import org apache tools ant import org apache tools ant types EnumeratedAttribute import java io public class Echo extends Task protected String message """" protected File file null protected boolean append false protected int logLevel Project MSG_WARN public void execute throws BuildException if file null log message logLevel else FileWriter out null try out new FileWriter file getAbsolutePath append out write message 0 message length catch IOException ioe throw new BuildException ioe location finally if out null try out close catch IOException ioex public void setMessage String msg this message msg public void setFile File file this file file public void setAppend boolean append this append append public void addText String msg message ProjectHelper replaceProperties project msg project getProperties public void setLevel EchoLevel echoLevel String option echoLevel getValue if option equals ""error"" logLevel Project MSG_ERR else if option equals ""warning"" logLevel Project MSG_WARN else if option equals ""info"" logLevel Project MSG_INFO else if option equals ""verbose"" logLevel Project MSG_VERBOSE else logLevel Project MSG_DEBUG public static class EchoLevel extends EnumeratedAttribute public String getValues return new String ""error"" ""warning"" ""info"" ""verbose"" ""debug"""
org.apache.tools.ant.types.FileSet,16,3,2,24,56,0,16,8,14,0.6,353,1.0,1,0.681818182,0.2265625,1,1,20.8125,4,1.75,1,PackageDeclaration_org.apache.tools.ant.types ClassDeclaration_FileSet FieldDeclaration_ FieldDeclaration_ FieldDeclaration_ FieldDeclaration_ ConstructorDeclaration_FileSet StatementExpression_ ConstructorDeclaration_FileSet FormalParameter_fileset StatementExpression_ StatementExpression_ StatementExpression_ StatementExpression_ MethodDeclaration_setRefid FormalParameter_r IfStatement_ MethodInvocation_ BlockStatement_ ThrowStatement_ MethodInvocation_ IfStatement_ MethodInvocation_ BlockStatement_ ThrowStatement_ MethodInvocation_ StatementExpression_ MethodDeclaration_setDir FormalParameter_dir IfStatement_ MethodInvocation_ BlockStatement_ ThrowStatement_ MethodInvocation_ IfStatement_ MethodInvocation_ BlockStatement_ ThrowStatement_ MethodInvocation_ IfStatement_ MethodInvocation_ BlockStatement_ ThrowStatement_ MethodInvocation_ StatementExpression_ MethodDeclaration_getDir FormalParameter_p IfStatement_ MethodInvocation_ BlockStatement_ ReturnStatement_ MethodInvocation_ MethodInvocation_ ReturnStatement_ MethodDeclaration_createPatternSet IfStatement_ MethodInvocation_ BlockStatement_ ThrowStatement_ MethodInvocation_ LocalVariableDeclaration_ StatementExpression_ MethodInvocation_ ReturnStatement_ MethodDeclaration_createInclude IfStatement_ MethodInvocation_ BlockStatement_ ThrowStatement_ MethodInvocation_ ReturnStatement_ MethodInvocation_ MethodDeclaration_createExclude IfStatement_ MethodInvocation_ BlockStatement_ ThrowStatement_ MethodInvocation_ ReturnStatement_ MethodInvocation_ MethodDeclaration_setIncludes FormalParameter_includes IfStatement_ MethodInvocation_ BlockStatement_ ThrowStatement_ MethodInvocation_ StatementExpression_ MethodInvocation_ MethodDeclaration_setExcludes FormalParameter_excludes IfStatement_ MethodInvocation_ BlockStatement_ ThrowStatement_ MethodInvocation_ StatementExpression_ MethodInvocation_ MethodDeclaration_setIncludesfile FormalParameter_incl IfStatement_ MethodInvocation_ BlockStatement_ ThrowStatement_ MethodInvocation_ StatementExpression_ MethodInvocation_ MethodDeclaration_setExcludesfile FormalParameter_excl IfStatement_ MethodInvocation_ BlockStatement_ ThrowStatement_ MethodInvocation_ StatementExpression_ MethodInvocation_ MethodDeclaration_setDefaultexcludes FormalParameter_useDefaultExcludes IfStatement_ MethodInvocation_ BlockStatement_ ThrowStatement_ MethodInvocation_ StatementExpression_ MethodDeclaration_getDirectoryScanner FormalParameter_p IfStatement_ MethodInvocation_ BlockStatement_ ReturnStatement_ MethodInvocation_ MethodInvocation_ IfStatement_ BlockStatement_ ThrowStatement_ LocalVariableDeclaration_ StatementExpression_ MethodInvocation_ StatementExpression_ MethodInvocation_ ReturnStatement_ MethodDeclaration_setupDirectoryScanner FormalParameter_ds FormalParameter_p IfStatement_ BlockStatement_ ThrowStatement_ StatementExpression_ MethodInvocation_ ForStatement_ VariableDeclaration_ MethodInvocation_ BlockStatement_ LocalVariableDeclaration_ MethodInvocation_ StatementExpression_ MethodInvocation_ StatementExpression_ MethodInvocation_ MethodInvocation_ StatementExpression_ MethodInvocation_ MethodInvocation_ IfStatement_ StatementExpression_ MethodInvocation_ MethodDeclaration_getRef FormalParameter_p IfStatement_ BlockStatement_ LocalVariableDeclaration_ StatementExpression_ MethodInvocation_ StatementExpression_ MethodInvocation_ LocalVariableDeclaration_ MethodInvocation_ IfStatement_ BlockStatement_ LocalVariableDeclaration_ MethodInvocation_ ThrowStatement_ BlockStatement_ ReturnStatement_,"package org apache tools ant types import org apache tools ant BuildException import org apache tools ant FileScanner import org apache tools ant DirectoryScanner import org apache tools ant Project import java io File import java util Stack import java util Vector public class FileSet extends DataType private PatternSet defaultPatterns new PatternSet private Vector additionalPatterns new Vector private File dir private boolean useDefaultExcludes true public FileSet super protected FileSet FileSet fileset this dir fileset dir this defaultPatterns fileset defaultPatterns this additionalPatterns fileset additionalPatterns this useDefaultExcludes fileset useDefaultExcludes public void setRefid Reference r throws BuildException if dir null defaultPatterns hasPatterns throw tooManyAttributes if additionalPatterns isEmpty throw noChildrenAllowed super setRefid r public void setDir File dir throws BuildException if isReference throw tooManyAttributes if dir exists throw new BuildException dir getAbsolutePath "" not found."" if dir isDirectory throw new BuildException dir getAbsolutePath "" is not a directory."" this dir dir public File getDir Project p if isReference return getRef p getDir p return dir public PatternSet createPatternSet if isReference throw noChildrenAllowed PatternSet patterns new PatternSet additionalPatterns addElement patterns return patterns public PatternSet NameEntry createInclude if isReference throw noChildrenAllowed return defaultPatterns createInclude public PatternSet NameEntry createExclude if isReference throw noChildrenAllowed return defaultPatterns createExclude public void setIncludes String includes if isReference throw tooManyAttributes defaultPatterns setIncludes includes public void setExcludes String excludes if isReference throw tooManyAttributes defaultPatterns setExcludes excludes public void setIncludesfile File incl throws BuildException if isReference throw tooManyAttributes defaultPatterns setIncludesfile incl public void setExcludesfile File excl throws BuildException if isReference throw tooManyAttributes defaultPatterns setExcludesfile excl public void setDefaultexcludes boolean useDefaultExcludes if isReference throw tooManyAttributes this useDefaultExcludes useDefaultExcludes public DirectoryScanner getDirectoryScanner Project p if isReference return getRef p getDirectoryScanner p if dir null throw new BuildException ""No directory specified for fileset."" DirectoryScanner ds new DirectoryScanner setupDirectoryScanner ds p ds scan return ds public void setupDirectoryScanner FileScanner ds Project p if ds null throw new IllegalArgumentException ""ds cannot be null"" ds setBasedir dir for int i 0 i additionalPatterns size i Object o additionalPatterns elementAt i defaultPatterns append PatternSet o p ds setIncludes defaultPatterns getIncludePatterns p ds setExcludes defaultPatterns getExcludePatterns p if useDefaultExcludes ds addDefaultExcludes protected FileSet getRef Project p if checked Stack stk new Stack stk push this dieOnCircularReference stk p Object o ref getReferencedObject p if o instanceof FileSet String msg ref getRefId "" doesn\'t denote a fileset"" throw new BuildException msg else return FileSet o"
org.apache.tools.ant.taskdefs.Available,13,3,0,7,35,52,0,7,10,0.869047619,273,1.0,2,0.755102041,0.353846154,1,1,19.46153846,6,1.6923,0,PackageDeclaration_org.apache.tools.ant.taskdefs ClassDeclaration_Available FieldDeclaration_ FieldDeclaration_ FieldDeclaration_ FieldDeclaration_ FieldDeclaration_ FieldDeclaration_ FieldDeclaration_ MethodDeclaration_setClasspath FormalParameter_classpath IfStatement_ BlockStatement_ StatementExpression_ BlockStatement_ StatementExpression_ MethodInvocation_ MethodDeclaration_createClasspath IfStatement_ BlockStatement_ StatementExpression_ ReturnStatement_ MethodInvocation_ MethodDeclaration_setClasspathRef FormalParameter_r StatementExpression_ MethodInvocation_ MethodInvocation_ MethodDeclaration_setProperty FormalParameter_property StatementExpression_ MethodDeclaration_setValue FormalParameter_value StatementExpression_ MethodDeclaration_setClassname FormalParameter_classname IfStatement_ MethodInvocation_ BlockStatement_ StatementExpression_ MethodDeclaration_setFile FormalParameter_file StatementExpression_ MethodDeclaration_setResource FormalParameter_resource StatementExpression_ MethodDeclaration_execute IfStatement_ BlockStatement_ ThrowStatement_ IfStatement_ BlockStatement_ ThrowStatement_ IfStatement_ BlockStatement_ StatementExpression_ IfStatement_ MethodInvocation_ BlockStatement_ StatementExpression_ MethodInvocation_ ReturnStatement_ IfStatement_ MethodInvocation_ BlockStatement_ StatementExpression_ MethodInvocation_ ReturnStatement_ IfStatement_ MethodInvocation_ BlockStatement_ StatementExpression_ MethodInvocation_ ReturnStatement_ StatementExpression_ MethodInvocation_ MethodDeclaration_checkFile FormalParameter_file ReturnStatement_ MethodInvocation_ MethodDeclaration_checkResource FormalParameter_resource IfStatement_ BlockStatement_ ReturnStatement_ MethodInvocation_ BlockStatement_ LocalVariableDeclaration_ MethodInvocation_ MethodInvocation_ IfStatement_ BlockStatement_ ReturnStatement_ MethodInvocation_ BlockStatement_ ReturnStatement_ MethodInvocation_ MethodDeclaration_checkClass FormalParameter_classname TryStatement_ IfStatement_ BlockStatement_ StatementExpression_ MethodInvocation_ BlockStatement_ LocalVariableDeclaration_ MethodInvocation_ MethodInvocation_ IfStatement_ BlockStatement_ StatementExpression_ MethodInvocation_ BlockStatement_ StatementExpression_ MethodInvocation_ ReturnStatement_ CatchClause_ CatchClauseParameter_e ReturnStatement_ CatchClause_ CatchClauseParameter_e ReturnStatement_,"package org apache tools ant taskdefs import java io import java util import org apache tools ant import org apache tools ant types public class Available extends Task private String property private String classname private File file private String resource private Path classpath private AntClassLoader loader private String value ""true"" public void setClasspath Path classpath if this classpath null this classpath classpath else this classpath append classpath public Path createClasspath if this classpath null this classpath new Path project return this classpath createPath public void setClasspathRef Reference r createClasspath setRefid r public void setProperty String property this property property public void setValue String value this value value public void setClassname String classname if """" equals classname this classname classname public void setFile File file this file file public void setResource String resource this resource resource public void execute throws BuildException if property null throw new BuildException ""property attribute is required"" location if classname null file null resource null throw new BuildException ""At least one of (classname|file|resource) is required"" location if classpath null this loader new AntClassLoader project classpath false if classname null checkClass classname log ""Unable to load class "" classname "" to set property "" property Project MSG_VERBOSE return if file null checkFile file log ""Unable to find file "" file "" to set property "" property Project MSG_VERBOSE return if resource null checkResource resource log ""Unable to load resource "" resource "" to set property "" property Project MSG_VERBOSE return this project setProperty property value private boolean checkFile File file return file exists private boolean checkResource String resource if loader null return loader getResourceAsStream resource null else ClassLoader cL this getClass getClassLoader if cL null return cL getResourceAsStream resource null else return ClassLoader getSystemResourceAsStream resource null private boolean checkClass String classname try if loader null loader loadClass classname else ClassLoader l this getClass getClassLoader if l null l loadClass classname else Class forName classname return true catch ClassNotFoundException e return false catch NoClassDefFoundError e return false"
org.apache.tools.ant.Main,14,1,0,7,82,65,0,7,1,0.816568047,1253,0.846153846,0,0.0,0.169642857,0,0,87.57142857,4,2.1429,1,PackageDeclaration_org.apache.tools.ant ClassDeclaration_Main FieldDeclaration_ FieldDeclaration_ FieldDeclaration_ FieldDeclaration_ FieldDeclaration_ FieldDeclaration_ FieldDeclaration_ FieldDeclaration_ FieldDeclaration_ FieldDeclaration_ FieldDeclaration_ FieldDeclaration_ MethodDeclaration_printMessage FormalParameter_t LocalVariableDeclaration_ MethodInvocation_ IfStatement_ BlockStatement_ StatementExpression_ MethodInvocation_ MethodDeclaration_main FormalParameter_args LocalVariableDeclaration_ TryStatement_ StatementExpression_ CatchClause_ CatchClauseParameter_exc StatementExpression_ MethodInvocation_ StatementExpression_ MethodInvocation_ TryStatement_ StatementExpression_ MethodInvocation_ StatementExpression_ MethodInvocation_ CatchClause_ CatchClauseParameter_be IfStatement_ BlockStatement_ StatementExpression_ MethodInvocation_ StatementExpression_ MethodInvocation_ CatchClause_ CatchClauseParameter_exc StatementExpression_ MethodInvocation_ StatementExpression_ MethodInvocation_ ConstructorDeclaration_Main FormalParameter_args LocalVariableDeclaration_ ForStatement_ VariableDeclaration_ BlockStatement_ LocalVariableDeclaration_ IfStatement_ MethodInvocation_ BlockStatement_ StatementExpression_ MethodInvocation_ ReturnStatement_ IfStatement_ MethodInvocation_ BlockStatement_ StatementExpression_ MethodInvocation_ ReturnStatement_ IfStatement_ MethodInvocation_ MethodInvocation_ BlockStatement_ StatementExpression_ IfStatement_ MethodInvocation_ MethodInvocation_ BlockStatement_ StatementExpression_ MethodInvocation_ StatementExpression_ IfStatement_ MethodInvocation_ BlockStatement_ StatementExpression_ MethodInvocation_ StatementExpression_ IfStatement_ MethodInvocation_ MethodInvocation_ BlockStatement_ TryStatement_ LocalVariableDeclaration_ StatementExpression_ StatementExpression_ StatementExpression_ StatementExpression_ MethodInvocation_ StatementExpression_ MethodInvocation_ CatchClause_ CatchClauseParameter_ioe LocalVariableDeclaration_ StatementExpression_ MethodInvocation_ ReturnStatement_ CatchClause_ CatchClauseParameter_aioobe LocalVariableDeclaration_ StatementExpression_ MethodInvocation_ ReturnStatement_ IfStatement_ MethodInvocation_ MethodInvocation_ MethodInvocation_ BlockStatement_ TryStatement_ StatementExpression_ StatementExpression_ CatchClause_ CatchClauseParameter_aioobe LocalVariableDeclaration_ StatementExpression_ MethodInvocation_ ReturnStatement_ IfStatement_ MethodInvocation_ BlockStatement_ TryStatement_ StatementExpression_ MethodInvocation_ StatementExpression_ CatchClause_ CatchClauseParameter_aioobe LocalVariableDeclaration_ StatementExpression_ MethodInvocation_ ReturnStatement_ IfStatement_ MethodInvocation_ BlockStatement_ LocalVariableDeclaration_ MethodInvocation_ MethodInvocation_ LocalVariableDeclaration_ LocalVariableDeclaration_ MethodInvocation_ IfStatement_ BlockStatement_ StatementExpression_ MethodInvocation_ StatementExpression_ MethodInvocation_ IfStatement_ StatementExpression_ StatementExpression_ MethodInvocation_ IfStatement_ MethodInvocation_ BlockStatement_ IfStatement_ BlockStatement_ StatementExpression_ MethodInvocation_ ReturnStatement_ StatementExpression_ IfStatement_ MethodInvocation_ BlockStatement_ StatementExpression_ IfStatement_ MethodInvocation_ BlockStatement_ StatementExpression_ IfStatement_ MethodInvocation_ BlockStatement_ IfStatement_ BlockStatement_ StatementExpression_ BlockStatement_ StatementExpression_ IfStatement_ MethodInvocation_ BlockStatement_ LocalVariableDeclaration_ StatementExpression_ MethodInvocation_ StatementExpression_ MethodInvocation_ ReturnStatement_ BlockStatement_ StatementExpression_ MethodInvocation_ IfStatement_ BlockStatement_ IfStatement_ BlockStatement_ StatementExpression_ MethodInvocation_ BlockStatement_ StatementExpression_ IfStatement_ MethodInvocation_ BlockStatement_ StatementExpression_ MethodInvocation_ ThrowStatement_ IfStatement_ MethodInvocation_ BlockStatement_ StatementExpression_ MethodInvocation_ ThrowStatement_ StatementExpression_ MethodDeclaration_getParentFile FormalParameter_file LocalVariableDeclaration_ MethodInvocation_ StatementExpression_ StatementExpression_ MethodInvocation_ IfStatement_ BlockStatement_ StatementExpression_ MethodInvocation_ ReturnStatement_ MethodDeclaration_findBuildFile FormalParameter_start FormalParameter_suffix IfStatement_ BlockStatement_ StatementExpression_ MethodInvocation_ LocalVariableDeclaration_ MethodInvocation_ LocalVariableDeclaration_ WhileStatement_ MethodInvocation_ BlockStatement_ StatementExpression_ MethodInvocation_ IfStatement_ BlockStatement_ ThrowStatement_ StatementExpression_ ReturnStatement_ MethodDeclaration_runBuild IfStatement_ BlockStatement_ ReturnStatement_ IfStatement_ BlockStatement_ StatementExpression_ MethodInvocation_ LocalVariableDeclaration_ LocalVariableDeclaration_ TryStatement_ StatementExpression_ MethodInvocation_ StatementExpression_ MethodInvocation_ StatementExpression_ MethodInvocation_ LocalVariableDeclaration_ MethodInvocation_ WhileStatement_ MethodInvocation_ BlockStatement_ LocalVariableDeclaration_ MethodInvocation_ LocalVariableDeclaration_ MethodInvocation_ StatementExpression_ MethodInvocation_ StatementExpression_ MethodInvocation_ MethodInvocation_ TryStatement_ StatementExpression_ MethodInvocation_ StatementExpression_ MethodInvocation_ CatchClause_ CatchClauseParameter_ncdfe ThrowStatement_ CatchClause_ CatchClauseParameter_cnfe ThrowStatement_ CatchClause_ CatchClauseParameter_npe ThrowStatement_ IfStatement_ MethodInvocation_ BlockStatement_ StatementExpression_ MethodInvocation_ MethodInvocation_ IfStatement_ BlockStatement_ StatementExpression_ MethodInvocation_ BlockStatement_ StatementExpression_ MethodInvocation_ CatchClause_ CatchClauseParameter_exc StatementExpression_ ThrowStatement_ CatchClause_ CatchClauseParameter_err StatementExpression_ ThrowStatement_ StatementExpression_ MethodInvocation_ MethodDeclaration_addBuildListeners FormalParameter_project StatementExpression_ MethodInvocation_ MethodInvocation_ ForStatement_ VariableDeclaration_ MethodInvocation_ BlockStatement_ LocalVariableDeclaration_ MethodInvocation_ TryStatement_ LocalVariableDeclaration_ MethodInvocation_ MethodInvocation_ StatementExpression_ MethodInvocation_ CatchClause_ CatchClauseParameter_exc ThrowStatement_ MethodDeclaration_createLogger LocalVariableDeclaration_ IfStatement_ BlockStatement_ TryStatement_ StatementExpression_ MethodInvocation_ CatchClause_ CatchClauseParameter_e StatementExpression_ MethodInvocation_ ThrowStatement_ CatchClause_ CatchClauseParameter_e StatementExpression_ MethodInvocation_ MethodInvocation_ MethodInvocation_ ThrowStatement_ BlockStatement_ StatementExpression_ StatementExpression_ MethodInvocation_ StatementExpression_ MethodInvocation_ StatementExpression_ MethodInvocation_ StatementExpression_ MethodInvocation_ ReturnStatement_ MethodDeclaration_printUsage LocalVariableDeclaration_ MethodInvocation_ LocalVariableDeclaration_ StatementExpression_ MethodInvocation_ StatementExpression_ MethodInvocation_ StatementExpression_ MethodInvocation_ StatementExpression_ MethodInvocation_ StatementExpression_ MethodInvocation_ StatementExpression_ MethodInvocation_ StatementExpression_ MethodInvocation_ StatementExpression_ MethodInvocation_ StatementExpression_ MethodInvocation_ StatementExpression_ MethodInvocation_ StatementExpression_ MethodInvocation_ StatementExpression_ MethodInvocation_ StatementExpression_ MethodInvocation_ StatementExpression_ MethodInvocation_ StatementExpression_ MethodInvocation_ StatementExpression_ MethodInvocation_ StatementExpression_ MethodInvocation_ MethodInvocation_ MethodDeclaration_printVersion TryStatement_ LocalVariableDeclaration_ LocalVariableDeclaration_ MethodInvocation_ StatementExpression_ MethodInvocation_ StatementExpression_ MethodInvocation_ LocalVariableDeclaration_ MethodInvocation_ LocalVariableDeclaration_ StatementExpression_ MethodInvocation_ StatementExpression_ MethodInvocation_ MethodInvocation_ StatementExpression_ MethodInvocation_ StatementExpression_ MethodInvocation_ MethodInvocation_ StatementExpression_ MethodInvocation_ StatementExpression_ MethodInvocation_ MethodInvocation_ CatchClause_ CatchClauseParameter_ioe StatementExpression_ MethodInvocation_ StatementExpression_ MethodInvocation_ MethodInvocation_ CatchClause_ CatchClauseParameter_npe StatementExpression_ MethodInvocation_ MethodDeclaration_printTargets FormalParameter_project LocalVariableDeclaration_ LocalVariableDeclaration_ MethodInvocation_ MethodInvocation_ LocalVariableDeclaration_ LocalVariableDeclaration_ LocalVariableDeclaration_ LocalVariableDeclaration_ LocalVariableDeclaration_ LocalVariableDeclaration_ WhileStatement_ MethodInvocation_ BlockStatement_ StatementExpression_ MethodInvocation_ StatementExpression_ MethodInvocation_ StatementExpression_ MethodInvocation_ IfStatement_ BlockStatement_ LocalVariableDeclaration_ MethodInvocation_ StatementExpression_ MethodInvocation_ BlockStatement_ LocalVariableDeclaration_ MethodInvocation_ StatementExpression_ MethodInvocation_ StatementExpression_ MethodInvocation_ IfStatement_ MethodInvocation_ BlockStatement_ StatementExpression_ MethodInvocation_ StatementExpression_ MethodInvocation_ StatementExpression_ MethodInvocation_ MethodDeclaration_findTargetPosition FormalParameter_names FormalParameter_name LocalVariableDeclaration_ MethodInvocation_ ForStatement_ VariableDeclaration_ MethodInvocation_ MethodInvocation_ BlockStatement_ IfStatement_ MethodInvocation_ MethodInvocation_ BlockStatement_ StatementExpression_ ReturnStatement_ MethodDeclaration_printTargets FormalParameter_names FormalParameter_descriptions FormalParameter_heading FormalParameter_maxlen LocalVariableDeclaration_ MethodInvocation_ LocalVariableDeclaration_ WhileStatement_ MethodInvocation_ BlockStatement_ StatementExpression_ LocalVariableDeclaration_ StatementExpression_ MethodInvocation_ ForStatement_ VariableDeclaration_ MethodInvocation_ BlockStatement_ StatementExpression_ MethodInvocation_ StatementExpression_ MethodInvocation_ MethodInvocation_ IfStatement_ BlockStatement_ StatementExpression_ MethodInvocation_ MethodInvocation_ MethodInvocation_ StatementExpression_ MethodInvocation_ MethodInvocation_ StatementExpression_ MethodInvocation_ StatementExpression_ MethodInvocation_ MethodInvocation_,"package org apache tools ant import java io import java util public class Main public static final String DEFAULT_BUILD_FILENAME ""build.xml"" private int msgOutputLevel Project MSG_INFO private File buildFile private PrintStream out System out private PrintStream err System err private Vector targets new Vector 5 private Properties definedProps new Properties private Vector listeners new Vector 5 private String loggerClassname null private boolean emacsMode false private boolean readyToRun false private boolean projectHelp false private static void printMessage Throwable t String message t getMessage if message null System err println message public static void main String args Main m null try m new Main args catch Throwable exc printMessage exc System exit 1 try m runBuild System exit 0 catch BuildException be if m err System err printMessage be System exit 1 catch Throwable exc printMessage exc System exit 1 protected Main String args throws BuildException String searchForThis null for int i 0 i args length i String arg args i if arg equals ""-help"" printUsage return else if arg equals ""-version"" printVersion return else if arg equals ""-quiet"" arg equals ""-q"" msgOutputLevel Project MSG_WARN else if arg equals ""-verbose"" arg equals ""-v"" printVersion msgOutputLevel Project MSG_VERBOSE else if arg equals ""-debug"" printVersion msgOutputLevel Project MSG_DEBUG else if arg equals ""-logfile"" arg equals ""-l"" try File logFile new File args i 1 i out new PrintStream new FileOutputStream logFile err out System setOut out System setErr out catch IOException ioe String msg ""Cannot write on the specified log file. "" ""Make sure the path exists and you have write permissions."" System out println msg return catch ArrayIndexOutOfBoundsException aioobe String msg ""You must specify a log file when "" ""using the -log argument"" System out println msg return else if arg equals ""-buildfile"" arg equals ""-file"" arg equals ""-f"" try buildFile new File args i 1 i catch ArrayIndexOutOfBoundsException aioobe String msg ""You must specify a buildfile when "" ""using the -buildfile argument"" System out println msg return else if arg equals ""-listener"" try listeners addElement args i 1 i catch ArrayIndexOutOfBoundsException aioobe String msg ""You must specify a classname when "" ""using the -listener argument"" System out println msg return else if arg startsWith ""-D"" String name arg substring 2 arg length String value null int posEq name indexOf ""="" if posEq 0 value name substring posEq 1 name name substring 0 posEq else if i args length 1 value args i definedProps put name value else if arg equals ""-logger"" if loggerClassname null System out println ""Only one logger class may be specified."" return loggerClassname args i else if arg equals ""-emacs"" emacsMode true else if arg equals ""-projecthelp"" projectHelp true else if arg equals ""-find"" if i args length 1 searchForThis args i else searchForThis DEFAULT_BUILD_FILENAME else if arg startsWith ""-"" String msg ""Unknown argument: "" arg System out println msg printUsage return else targets addElement arg if buildFile null if searchForThis null buildFile findBuildFile ""."" searchForThis else buildFile new File DEFAULT_BUILD_FILENAME if buildFile exists System out println ""Buildfile: "" buildFile "" does not exist!"" throw new BuildException ""Build failed"" if buildFile isDirectory System out println ""What? Buildfile: "" buildFile "" is a dir!"" throw new BuildException ""Build failed"" readyToRun true private File getParentFile File file String filename file getAbsolutePath file new File filename filename file getParent if filename null msgOutputLevel Project MSG_VERBOSE System out println ""Searching in "" filename return filename null null new File filename private File findBuildFile String start String suffix throws BuildException if msgOutputLevel Project MSG_INFO System out println ""Searching for "" suffix "" ..."" File parent new File new File start getAbsolutePath File file new File parent suffix while file exists parent getParentFile parent if parent null throw new BuildException ""Could not locate a build file!"" file new File parent suffix return file private void runBuild throws BuildException if readyToRun return if msgOutputLevel Project MSG_INFO System out println ""Buildfile: "" buildFile Project project new Project Throwable error null try addBuildListeners project project fireBuildStarted project init Enumeration e definedProps keys while e hasMoreElements String arg String e nextElement String value String definedProps get arg project setUserProperty arg value project setUserProperty ""ant.file"" buildFile getAbsolutePath try Class forName ""javax.xml.parsers.SAXParserFactory"" ProjectHelper configureProject project buildFile catch NoClassDefFoundError ncdfe throw new BuildException ""No JAXP compliant XML parser found. See http://java.sun.com/xml for the\nreference implementation."" ncdfe catch ClassNotFoundException cnfe throw new BuildException ""No JAXP compliant XML parser found. See http://java.sun.com/xml for the\nreference implementation."" cnfe catch NullPointerException npe throw new BuildException ""No JAXP compliant XML parser found. See http://java.sun.com/xml for the\nreference implementation."" npe if targets size 0 targets addElement project getDefaultTarget if projectHelp printTargets project else project executeTargets targets catch RuntimeException exc error exc throw exc catch Error err error err throw err finally project fireBuildFinished error protected void addBuildListeners Project project project addBuildListener createLogger for int i 0 i listeners size i String className String listeners elementAt i try BuildListener listener BuildListener Class forName className newInstance project addBuildListener listener catch Exception exc throw new BuildException ""Unable to instantiate listener "" className exc private BuildLogger createLogger BuildLogger logger null if loggerClassname null try logger BuildLogger Class forName loggerClassname newInstance catch ClassCastException e System err println ""The specified logger class "" loggerClassname "" does not implement the BuildLogger interface"" throw new RuntimeException catch Exception e System err println ""Unable to instantiate specified logger class "" loggerClassname "" : "" e getClass getName throw new RuntimeException else logger new DefaultLogger logger setMessageOutputLevel msgOutputLevel logger setOutputPrintStream out logger setErrorPrintStream err logger setEmacsMode emacsMode return logger private static void printUsage String lSep System getProperty ""line.separator"" StringBuffer msg new StringBuffer msg append ""ant [options] [target [target2 [target3] ...]]"" lSep msg append ""Options: "" lSep msg append ""  -help                  print this message"" lSep msg append ""  -projecthelp           print project help information"" lSep msg append ""  -version               print the version information and exit"" lSep msg append ""  -quiet                 be extra quiet"" lSep msg append ""  -verbose               be extra verbose"" lSep msg append ""  -debug                 print debugging information"" lSep msg append ""  -emacs                 produce logging information without adornments"" lSep msg append ""  -logfile <file>        use given file for log"" lSep msg append ""  -logger <classname>    the class which is to perform logging"" lSep msg append ""  -listener <classname>  add an instance of class as a project listener"" lSep msg append ""  -buildfile <file>      use given buildfile"" lSep msg append ""  -D<property>=<value>   use value for given property"" lSep msg append ""  -find <file>           search for buildfile towards the root of the"" lSep msg append ""                         filesystem and use it"" lSep System out println msg toString private static void printVersion try Properties props new Properties InputStream in Main class getResourceAsStream ""/org/apache/tools/ant/version.txt"" props load in in close String lSep System getProperty ""line.separator"" StringBuffer msg new StringBuffer msg append ""Ant version "" msg append props getProperty ""VERSION"" msg append "" compiled on "" msg append props getProperty ""DATE"" msg append lSep System out println msg toString catch IOException ioe System err println ""Could not load the version information."" System err println ioe getMessage catch NullPointerException npe System err println ""Could not load the version information."" private static void printTargets Project project int maxLength 0 Enumeration ptargets project getTargets elements String targetName String targetDescription Target currentTarget Vector topNames new Vector Vector topDescriptions new Vector Vector subNames new Vector while ptargets hasMoreElements currentTarget Target ptargets nextElement targetName currentTarget getName targetDescription currentTarget getDescription if targetDescription null int pos findTargetPosition subNames targetName subNames insertElementAt targetName pos else int pos findTargetPosition topNames targetName topNames insertElementAt targetName pos topDescriptions insertElementAt targetDescription pos if targetName length maxLength maxLength targetName length printTargets topNames topDescriptions ""Main targets:"" maxLength printTargets subNames null ""Subtargets:"" 0 private static int findTargetPosition Vector names String name int res names size for int i 0 i names size res names size i if name compareTo String names elementAt i 0 res i return res private static void printTargets Vector names Vector descriptions String heading int maxlen String lSep System getProperty ""line.separator"" String spaces ""    "" while spaces length maxlen spaces spaces StringBuffer msg new StringBuffer msg append heading lSep lSep for int i 0 i names size i msg append "" "" msg append names elementAt i if descriptions null msg append spaces substring 0 maxlen String names elementAt i length 2 msg append descriptions elementAt i msg append lSep System out println msg toString"
org.apache.tools.ant.UnknownElement,6,3,0,10,33,0,3,8,5,0.466666667,198,1.0,1,0.880952381,0.333333333,2,4,31.5,2,1.0,3,PackageDeclaration_org.apache.tools.ant ClassDeclaration_UnknownElement FieldDeclaration_ FieldDeclaration_ FieldDeclaration_ ConstructorDeclaration_UnknownElement FormalParameter_elementName StatementExpression_ MethodDeclaration_getTag ReturnStatement_ MethodDeclaration_maybeConfigure StatementExpression_ MethodInvocation_ IfStatement_ BlockStatement_ StatementExpression_ MethodInvocation_ ThrowStatement_ StatementExpression_ MethodInvocation_ LocalVariableDeclaration_ MethodInvocation_ MethodInvocation_ IfStatement_ BlockStatement_ StatementExpression_ MethodInvocation_ StatementExpression_ MethodInvocation_ StatementExpression_ MethodInvocation_ StatementExpression_ MethodInvocation_ StatementExpression_ MethodInvocation_ StatementExpression_ MethodInvocation_ StatementExpression_ MethodInvocation_ StatementExpression_ MethodInvocation_ MethodDeclaration_execute IfStatement_ BlockStatement_ ThrowStatement_ StatementExpression_ MethodInvocation_ MethodDeclaration_addChild FormalParameter_child StatementExpression_ MethodInvocation_ MethodDeclaration_handleChildren FormalParameter_parent FormalParameter_parentWrapper IfStatement_ BlockStatement_ StatementExpression_ LocalVariableDeclaration_ MethodInvocation_ LocalVariableDeclaration_ MethodInvocation_ ForStatement_ VariableDeclaration_ MethodInvocation_ BlockStatement_ LocalVariableDeclaration_ MethodInvocation_ LocalVariableDeclaration_ MethodInvocation_ MethodInvocation_ LocalVariableDeclaration_ MethodInvocation_ StatementExpression_ MethodInvocation_ StatementExpression_ MethodInvocation_,"package org apache tools ant import java util Vector public class UnknownElement extends Task private String elementName private Task realTask private Vector children new Vector public UnknownElement String elementName this elementName elementName public String getTag return elementName public void maybeConfigure throws BuildException realTask project createTask elementName if realTask null log ""Could not create task of type: "" elementName "" Common solutions"" "" are adding the task to defaults.properties and executing bin/bootstrap"" Project MSG_DEBUG throw new BuildException ""Could not create task of type: "" elementName "". Common solutions are to use taskdef to declare"" "" your task, or, if this is an optional task,"" "" to put the optional.jar in the lib directory of"" "" your ant installation (ANT_HOME)."" location realTask setLocation location String id wrapper getAttributes getValue ""id"" if id null project addReference id realTask realTask init realTask setOwningTarget target wrapper setProxy realTask realTask setRuntimeConfigurableWrapper wrapper handleChildren realTask wrapper realTask maybeConfigure target replaceTask this realTask public void execute if realTask null throw new BuildException ""Could not create task of type: "" elementName location realTask execute public void addChild UnknownElement child children addElement child protected void handleChildren Object parent RuntimeConfigurable parentWrapper throws BuildException if parent instanceof TaskAdapter parent TaskAdapter parent getProxy Class parentClass parent getClass IntrospectionHelper ih IntrospectionHelper getHelper parentClass for int i 0 i children size i UnknownElement child UnknownElement children elementAt i Object realChild ih createElement parent child getTag RuntimeConfigurable childWrapper parentWrapper getChild i childWrapper setProxy realChild child handleChildren realChild childWrapper"
org.apache.tools.ant.taskdefs.Transform,9,5,0,12,36,0,0,12,4,0.525,375,1.0,3,0.930434783,0.4,2,4,40.11111111,11,2.4444,0,PackageDeclaration_org.apache.tools.ant.taskdefs ClassDeclaration_Transform FieldDeclaration_ FieldDeclaration_ FieldDeclaration_ FieldDeclaration_ FieldDeclaration_ MethodDeclaration_setDest FormalParameter_destDir StatementExpression_ MethodDeclaration_createTargetfile IfStatement_ BlockStatement_ ThrowStatement_ StatementExpression_ MethodInvocation_ StatementExpression_ ReturnStatement_ MethodDeclaration_createMapper IfStatement_ BlockStatement_ ThrowStatement_ StatementExpression_ ReturnStatement_ MethodDeclaration_checkConfiguration StatementExpression_ IfStatement_ BlockStatement_ ThrowStatement_ IfStatement_ BlockStatement_ ThrowStatement_ StatementExpression_ MethodInvocation_ MethodDeclaration_getFiles FormalParameter_baseDir FormalParameter_ds LocalVariableDeclaration_ ReturnStatement_ MethodInvocation_ MethodInvocation_ MethodDeclaration_getDirs FormalParameter_baseDir FormalParameter_ds LocalVariableDeclaration_ ReturnStatement_ MethodInvocation_ MethodInvocation_ MethodDeclaration_getCommandline FormalParameter_srcFiles FormalParameter_baseDir IfStatement_ BlockStatement_ ReturnStatement_ LocalVariableDeclaration_ LocalVariableDeclaration_ ForStatement_ VariableDeclaration_ BlockStatement_ LocalVariableDeclaration_ MethodInvocation_ IfStatement_ BlockStatement_ ForStatement_ VariableDeclaration_ BlockStatement_ LocalVariableDeclaration_ MethodInvocation_ IfStatement_ MethodInvocation_ BlockStatement_ StatementExpression_ MethodInvocation_ StatementExpression_ MethodInvocation_ LocalVariableDeclaration_ MethodInvocation_ StatementExpression_ MethodInvocation_ LocalVariableDeclaration_ MethodInvocation_ LocalVariableDeclaration_ LocalVariableDeclaration_ IfStatement_ BlockStatement_ StatementExpression_ MethodInvocation_ LocalVariableDeclaration_ MethodInvocation_ IfStatement_ BlockStatement_ StatementExpression_ MethodInvocation_ StatementExpression_ MethodInvocation_ StatementExpression_ MethodInvocation_ StatementExpression_ MethodInvocation_ BlockStatement_ StatementExpression_ MethodInvocation_ StatementExpression_ MethodInvocation_ StatementExpression_ MethodInvocation_ StatementExpression_ MethodInvocation_ StatementExpression_ ForStatement_ VariableDeclaration_ BlockStatement_ StatementExpression_ MethodInvocation_ ReturnStatement_ MethodDeclaration_getCommandline FormalParameter_srcFile FormalParameter_baseDir ReturnStatement_ MethodInvocation_,"package org apache tools ant taskdefs import java io File import java util Hashtable import java util Vector import org apache tools ant import org apache tools ant types import org apache tools ant util public class Transform extends ExecuteOn protected Commandline Marker targetFilePos null protected Mapper mapperElement null protected FileNameMapper mapper null protected File destDir null protected boolean srcIsFirst true public void setDest File destDir this destDir destDir public Commandline Marker createTargetfile if targetFilePos null throw new BuildException taskType "" doesn\'t support multiple targetfile elements."" location targetFilePos cmdl createMarker srcIsFirst srcFilePos null return targetFilePos public Mapper createMapper throws BuildException if mapperElement null throw new BuildException ""Cannot define more than one mapper"" location mapperElement new Mapper project return mapperElement protected void checkConfiguration super checkConfiguration if mapperElement null throw new BuildException ""no mapper specified"" location if destDir null throw new BuildException ""no dest attribute specified"" location mapper mapperElement getImplementation protected String getFiles File baseDir DirectoryScanner ds SourceFileScanner sfs new SourceFileScanner this return sfs restrict ds getIncludedFiles baseDir destDir mapper protected String getDirs File baseDir DirectoryScanner ds SourceFileScanner sfs new SourceFileScanner this return sfs restrict ds getIncludedDirectories baseDir destDir mapper protected String getCommandline String srcFiles File baseDir if targetFilePos null return super getCommandline srcFiles baseDir Vector targets new Vector Hashtable addedFiles new Hashtable for int i 0 i srcFiles length i String subTargets mapper mapFileName srcFiles i if subTargets null for int j 0 j subTargets length j String name new File destDir subTargets j getAbsolutePath if addedFiles contains name targets addElement name addedFiles put name name String targetFiles new String targets size targets copyInto targetFiles String orig cmdl getCommandline String result new String orig length srcFiles length targetFiles length int srcIndex orig length if srcFilePos null srcIndex srcFilePos getPosition int targetIndex targetFilePos getPosition if srcIndex targetIndex srcIndex targetIndex srcIsFirst System arraycopy orig 0 result 0 srcIndex System arraycopy orig srcIndex result srcIndex srcFiles length targetIndex srcIndex System arraycopy targetFiles 0 result targetIndex srcFiles length targetFiles length System arraycopy orig targetIndex result targetIndex srcFiles length targetFiles length orig length targetIndex else System arraycopy orig 0 result 0 targetIndex System arraycopy targetFiles 0 result targetIndex targetFiles length System arraycopy orig targetIndex result targetIndex targetFiles length srcIndex targetIndex System arraycopy orig srcIndex result srcIndex srcFiles length targetFiles length orig length srcIndex srcIndex targetFiles length for int i 0 i srcFiles length i result srcIndex i new File baseDir srcFiles i getAbsolutePath return result protected String getCommandline String srcFile File baseDir return getCommandline new String srcFile baseDir"
org.apache.tools.ant.taskdefs.Rename,5,3,0,4,18,0,0,4,5,0.666666667,107,1.0,0,0.902439024,0.8,1,1,19.8,1,0.8,0,PackageDeclaration_org.apache.tools.ant.taskdefs ClassDeclaration_Rename FieldDeclaration_ FieldDeclaration_ FieldDeclaration_ MethodDeclaration_setSrc FormalParameter_src StatementExpression_ MethodInvocation_ MethodDeclaration_setDest FormalParameter_dest StatementExpression_ MethodInvocation_ MethodDeclaration_setReplace FormalParameter_replace StatementExpression_ MethodInvocation_ MethodDeclaration_execute StatementExpression_ MethodInvocation_ IfStatement_ BlockStatement_ ThrowStatement_ IfStatement_ BlockStatement_ ThrowStatement_ IfStatement_ MethodInvocation_ BlockStatement_ IfStatement_ MethodInvocation_ BlockStatement_ ThrowStatement_ IfStatement_ MethodInvocation_ BlockStatement_ ThrowStatement_,"package org apache tools ant taskdefs import org apache tools ant BuildException import org apache tools ant Task import java io File public class Rename extends Task private File src private File dest private boolean replace true public void setSrc String src this src project resolveFile src public void setDest String dest this dest project resolveFile dest public void setReplace String replace this replace project toBoolean replace public void execute throws BuildException log ""DEPRECATED - The rename task is deprecated.  Use move instead."" if dest null throw new BuildException ""dest attribute is required"" location if src null throw new BuildException ""src attribute is required"" location if replace dest exists if dest delete throw new BuildException ""Unable to remove existing file "" dest if src renameTo dest throw new BuildException ""Unable to rename "" src "" to "" dest"
org.apache.tools.ant.util.regexp.RegexpMatcherFactory,3,1,0,3,9,3,1,2,2,2.0,43,0.0,0,0.0,0.666666667,0,0,13.33333333,1,0.6667,0,PackageDeclaration_org.apache.tools.ant.util.regexp ClassDeclaration_RegexpMatcherFactory ConstructorDeclaration_RegexpMatcherFactory MethodDeclaration_newRegexpMatcher LocalVariableDeclaration_ MethodInvocation_ IfStatement_ BlockStatement_ ReturnStatement_ MethodInvocation_ TryStatement_ ReturnStatement_ MethodInvocation_ CatchClause_ CatchClauseParameter_be TryStatement_ ReturnStatement_ MethodInvocation_ CatchClause_ CatchClauseParameter_be ThrowStatement_ MethodDeclaration_createInstance FormalParameter_className TryStatement_ LocalVariableDeclaration_ MethodInvocation_ ReturnStatement_ MethodInvocation_ CatchClause_ CatchClauseParameter_t ThrowStatement_,"package org apache tools ant util regexp import org apache tools ant BuildException public class RegexpMatcherFactory public RegexpMatcherFactory public RegexpMatcher newRegexpMatcher throws BuildException String systemDefault System getProperty ""ant.regexp.matcherimpl"" if systemDefault null return createInstance systemDefault try return createInstance ""org.apache.tools.ant.util.regexp.JakartaOroMatcher"" catch BuildException be try return createInstance ""org.apache.tools.ant.util.regexp.JakartaRegexpMatcher"" catch BuildException be throw new BuildException ""No supported regular expression matcher found"" protected RegexpMatcher createInstance String className throws BuildException try Class implClass Class forName className return RegexpMatcher implClass newInstance catch Throwable t throw new BuildException t"
org.apache.tools.ant.taskdefs.Property,27,3,0,11,83,291,2,9,20,0.889423077,658,1.0,2,0.587301587,0.185185185,0,0,23.07407407,11,1.9259,2,PackageDeclaration_org.apache.tools.ant.taskdefs ClassDeclaration_Property FieldDeclaration_ FieldDeclaration_ FieldDeclaration_ FieldDeclaration_ FieldDeclaration_ FieldDeclaration_ FieldDeclaration_ FieldDeclaration_ MethodDeclaration_setName FormalParameter_name StatementExpression_ MethodDeclaration_getName ReturnStatement_ MethodDeclaration_setLocation FormalParameter_location StatementExpression_ MethodInvocation_ MethodInvocation_ MethodDeclaration_setValue FormalParameter_value StatementExpression_ MethodDeclaration_getValue ReturnStatement_ MethodDeclaration_setFile FormalParameter_file StatementExpression_ MethodDeclaration_getFile ReturnStatement_ MethodDeclaration_setRefid FormalParameter_ref StatementExpression_ MethodDeclaration_getRefid ReturnStatement_ MethodDeclaration_setResource FormalParameter_resource StatementExpression_ MethodDeclaration_getResource ReturnStatement_ MethodDeclaration_setEnvironment FormalParameter_env StatementExpression_ MethodDeclaration_getEnvironment ReturnStatement_ MethodDeclaration_setClasspath FormalParameter_classpath IfStatement_ BlockStatement_ StatementExpression_ BlockStatement_ StatementExpression_ MethodInvocation_ MethodDeclaration_createClasspath IfStatement_ BlockStatement_ StatementExpression_ ReturnStatement_ MethodInvocation_ MethodDeclaration_setClasspathRef FormalParameter_r StatementExpression_ MethodInvocation_ MethodInvocation_ MethodDeclaration_setUserProperty FormalParameter_userProperty StatementExpression_ MethodDeclaration_toString ReturnStatement_ MethodDeclaration_execute TryStatement_ IfStatement_ BlockStatement_ StatementExpression_ MethodInvocation_ IfStatement_ StatementExpression_ MethodInvocation_ IfStatement_ StatementExpression_ MethodInvocation_ IfStatement_ StatementExpression_ MethodInvocation_ IfStatement_ BlockStatement_ LocalVariableDeclaration_ MethodInvocation_ MethodInvocation_ IfStatement_ BlockStatement_ StatementExpression_ MethodInvocation_ MethodInvocation_ CatchClause_ CatchClauseParameter_e ThrowStatement_ MethodDeclaration_loadFile FormalParameter_file LocalVariableDeclaration_ StatementExpression_ MethodInvocation_ MethodInvocation_ TryStatement_ IfStatement_ MethodInvocation_ BlockStatement_ LocalVariableDeclaration_ TryStatement_ StatementExpression_ MethodInvocation_ IfStatement_ BlockStatement_ StatementExpression_ MethodInvocation_ StatementExpression_ MethodInvocation_ BlockStatement_ StatementExpression_ MethodInvocation_ MethodInvocation_ CatchClause_ CatchClauseParameter_ex ThrowStatement_ MethodInvocation_ MethodDeclaration_loadResource FormalParameter_name LocalVariableDeclaration_ StatementExpression_ MethodInvocation_ TryStatement_ LocalVariableDeclaration_ LocalVariableDeclaration_ IfStatement_ BlockStatement_ StatementExpression_ BlockStatement_ StatementExpression_ MethodInvocation_ MethodInvocation_ IfStatement_ BlockStatement_ StatementExpression_ MethodInvocation_ BlockStatement_ StatementExpression_ MethodInvocation_ IfStatement_ BlockStatement_ StatementExpression_ MethodInvocation_ StatementExpression_ MethodInvocation_ BlockStatement_ StatementExpression_ MethodInvocation_ CatchClause_ CatchClauseParameter_ex StatementExpression_ MethodInvocation_ MethodDeclaration_loadEnvironment FormalParameter_prefix LocalVariableDeclaration_ IfStatement_ MethodInvocation_ StatementExpression_ StatementExpression_ MethodInvocation_ TryStatement_ LocalVariableDeclaration_ MethodInvocation_ ForStatement_ VariableDeclaration_ MethodInvocation_ MethodInvocation_ BlockStatement_ LocalVariableDeclaration_ MethodInvocation_ LocalVariableDeclaration_ MethodInvocation_ StatementExpression_ MethodInvocation_ MethodInvocation_ MethodInvocation_ StatementExpression_ MethodInvocation_ CatchClause_ CatchClauseParameter_ex ThrowStatement_ MethodDeclaration_addProperties FormalParameter_props StatementExpression_ MethodInvocation_ LocalVariableDeclaration_ MethodInvocation_ WhileStatement_ MethodInvocation_ BlockStatement_ LocalVariableDeclaration_ MethodInvocation_ LocalVariableDeclaration_ MethodInvocation_ LocalVariableDeclaration_ MethodInvocation_ MethodInvocation_ StatementExpression_ MethodInvocation_ MethodDeclaration_addProperty FormalParameter_n FormalParameter_v IfStatement_ BlockStatement_ IfStatement_ MethodInvocation_ BlockStatement_ StatementExpression_ MethodInvocation_ BlockStatement_ StatementExpression_ MethodInvocation_ BlockStatement_ IfStatement_ MethodInvocation_ BlockStatement_ StatementExpression_ MethodInvocation_ BlockStatement_ StatementExpression_ MethodInvocation_ MethodDeclaration_resolveAllProperties FormalParameter_props LocalVariableDeclaration_ ForStatement_ VariableDeclaration_ MethodInvocation_ MethodInvocation_ BlockStatement_ LocalVariableDeclaration_ MethodInvocation_ LocalVariableDeclaration_ MethodInvocation_ LocalVariableDeclaration_ WhileStatement_ BlockStatement_ LocalVariableDeclaration_ StatementExpression_ LocalVariableDeclaration_ IfStatement_ MethodInvocation_ BlockStatement_ ForStatement_ VariableDeclaration_ MethodInvocation_ BlockStatement_ LocalVariableDeclaration_ MethodInvocation_ IfStatement_ MethodInvocation_ MethodInvocation_ BlockStatement_ StatementExpression_ BreakStatement_ IfStatement_ MethodInvocation_ MethodInvocation_ MethodInvocation_ BlockStatement_ StatementExpression_ IfStatement_ BlockStatement_ StatementExpression_ MethodInvocation_ StatementExpression_ IfStatement_ BlockStatement_ StatementExpression_ MethodInvocation_ MethodInvocation_ StatementExpression_ MethodInvocation_ StatementExpression_ MethodInvocation_ MethodDeclaration_extractProperties FormalParameter_source FormalParameter_properties LocalVariableDeclaration_ LocalVariableDeclaration_ LocalVariableDeclaration_ WhileStatement_ MethodInvocation_ BlockStatement_ IfStatement_ MethodInvocation_ BlockStatement_ StatementExpression_ IfStatement_ MethodInvocation_ BlockStatement_ StatementExpression_ BlockStatement_ LocalVariableDeclaration_ MethodInvocation_ LocalVariableDeclaration_ MethodInvocation_ StatementExpression_ MethodInvocation_ StatementExpression_ ReturnStatement_ MethodInvocation_,"package org apache tools ant taskdefs import org apache tools ant import org apache tools ant types Path import org apache tools ant types Reference import java io import java util public class Property extends Task protected String name protected String value protected File file protected String resource protected Path classpath protected String env protected Reference ref null protected boolean userProperty false public void setName String name this name name public String getName return name public void setLocation File location setValue location getAbsolutePath public void setValue String value this value value public String getValue return value public void setFile File file this file file public File getFile return file public void setRefid Reference ref this ref ref public Reference getRefid return ref public void setResource String resource this resource resource public String getResource return resource public void setEnvironment String env this env env public String getEnvironment return env public void setClasspath Path classpath if this classpath null this classpath classpath else this classpath append classpath public Path createClasspath if this classpath null this classpath new Path project return this classpath createPath public void setClasspathRef Reference r createClasspath setRefid r public void setUserProperty boolean userProperty this userProperty userProperty public String toString return value null """" value public void execute throws BuildException try if name null value null addProperty name value if file null loadFile file if resource null loadResource resource if env null loadEnvironment env if name null ref null Object obj ref getReferencedObject getProject if obj null addProperty name obj toString catch Exception e throw new BuildException e location protected void loadFile File file throws BuildException Properties props new Properties log ""Loading "" file getAbsolutePath Project MSG_VERBOSE try if file exists FileInputStream fis new FileInputStream file try props load fis finally if fis null fis close addProperties props else log ""Unable to find "" file getAbsolutePath Project MSG_VERBOSE catch Exception ex throw new BuildException ex getMessage ex location protected void loadResource String name Properties props new Properties log ""Resource Loading "" name Project MSG_VERBOSE try ClassLoader cL null InputStream is null if classpath null cL new AntClassLoader project classpath false else cL this getClass getClassLoader if cL null is ClassLoader getSystemResourceAsStream name else is cL getResourceAsStream name if is null props load is addProperties props else log ""Unable to find resource "" name Project MSG_WARN catch Exception ex ex printStackTrace protected void loadEnvironment String prefix Properties props new Properties if prefix endsWith ""."" prefix ""."" log ""Loading Environment "" prefix Project MSG_VERBOSE try Vector osEnv Execute getProcEnvironment for Enumeration e osEnv elements e hasMoreElements String entry String e nextElement int pos entry indexOf '=' props put prefix entry substring 0 pos entry substring pos 1 addProperties props catch Exception ex throw new BuildException ex location protected void addProperties Properties props resolveAllProperties props Enumeration e props keys while e hasMoreElements String name String e nextElement String value String props getProperty name String v ProjectHelper replaceProperties project value project getProperties addProperty name value protected void addProperty String n String v if userProperty if project getUserProperty n null project setUserProperty n v else log ""Override ignored for "" n Project MSG_VERBOSE else if project getProperty n null project setProperty n v else log ""Override ignored for "" n Project MSG_VERBOSE private void resolveAllProperties Hashtable props Hashtable unresolvableProperties new Hashtable for Enumeration e props keys e hasMoreElements String name String e nextElement String value String props get name boolean resolved false while resolved Vector propsInValue new Vector resolved true boolean unresolvable false if extractProperties value propsInValue for int i 0 i propsInValue size i String elem String propsInValue elementAt i if elem equals name unresolvableProperties containsKey elem unresolvable true break if project getProperties containsKey elem props containsKey elem resolved false if unresolvable unresolvableProperties put name value resolved true if resolved value ProjectHelper replaceProperties project value project getProperties value ProjectHelper replaceProperties project value props props put name value private boolean extractProperties String source Vector properties int i 0 int prev 0 int pos while pos source indexOf ""$"" prev 0 if pos source length 1 prev pos 1 else if source charAt pos 1 '{' prev pos 2 else int endName source indexOf '}' pos String n source substring pos 2 endName properties addElement n prev endName 1 return properties size 0"
org.apache.tools.ant.taskdefs.Ant,10,3,0,9,70,1,1,8,8,0.703703704,440,0.666666667,1,0.804347826,0.466666667,1,1,42.4,6,1.9,0,PackageDeclaration_org.apache.tools.ant.taskdefs ClassDeclaration_Ant FieldDeclaration_ FieldDeclaration_ FieldDeclaration_ FieldDeclaration_ FieldDeclaration_ FieldDeclaration_ MethodDeclaration_init StatementExpression_ StatementExpression_ MethodInvocation_ StatementExpression_ MethodInvocation_ MethodInvocation_ MethodInvocation_ MethodDeclaration_reinit StatementExpression_ MethodInvocation_ ForStatement_ VariableDeclaration_ MethodInvocation_ BlockStatement_ LocalVariableDeclaration_ MethodInvocation_ LocalVariableDeclaration_ MethodInvocation_ StatementExpression_ MethodInvocation_ MethodInvocation_ IfStatement_ MethodInvocation_ BlockStatement_ StatementExpression_ MethodInvocation_ MethodInvocation_ IfStatement_ MethodInvocation_ BlockStatement_ StatementExpression_ MethodInvocation_ MethodInvocation_ IfStatement_ MethodInvocation_ BlockStatement_ StatementExpression_ MethodInvocation_ MethodInvocation_ StatementExpression_ MethodInvocation_ MethodDeclaration_initializeProject LocalVariableDeclaration_ MethodInvocation_ ForStatement_ VariableDeclaration_ MethodInvocation_ BlockStatement_ StatementExpression_ MethodInvocation_ MethodInvocation_ IfStatement_ BlockStatement_ TryStatement_ LocalVariableDeclaration_ LocalVariableDeclaration_ StatementExpression_ MethodInvocation_ StatementExpression_ MethodInvocation_ StatementExpression_ MethodInvocation_ StatementExpression_ MethodInvocation_ CatchClause_ CatchClauseParameter_ex StatementExpression_ MethodInvocation_ LocalVariableDeclaration_ MethodInvocation_ LocalVariableDeclaration_ MethodInvocation_ WhileStatement_ MethodInvocation_ BlockStatement_ LocalVariableDeclaration_ MethodInvocation_ LocalVariableDeclaration_ MethodInvocation_ StatementExpression_ MethodInvocation_ LocalVariableDeclaration_ MethodInvocation_ LocalVariableDeclaration_ MethodInvocation_ WhileStatement_ MethodInvocation_ BlockStatement_ LocalVariableDeclaration_ MethodInvocation_ LocalVariableDeclaration_ MethodInvocation_ StatementExpression_ MethodInvocation_ LocalVariableDeclaration_ MethodInvocation_ StatementExpression_ MethodInvocation_ WhileStatement_ MethodInvocation_ BlockStatement_ LocalVariableDeclaration_ MethodInvocation_ LocalVariableDeclaration_ MethodInvocation_ StatementExpression_ MethodInvocation_ MethodDeclaration_execute TryStatement_ IfStatement_ BlockStatement_ StatementExpression_ MethodInvocation_ IfStatement_ StatementExpression_ MethodInvocation_ StatementExpression_ MethodInvocation_ StatementExpression_ MethodInvocation_ StatementExpression_ MethodInvocation_ MethodInvocation_ LocalVariableDeclaration_ MethodInvocation_ WhileStatement_ MethodInvocation_ BlockStatement_ LocalVariableDeclaration_ MethodInvocation_ StatementExpression_ MethodInvocation_ IfStatement_ StatementExpression_ LocalVariableDeclaration_ IfStatement_ MethodInvocation_ BlockStatement_ StatementExpression_ MethodInvocation_ StatementExpression_ IfStatement_ MethodInvocation_ BlockStatement_ ThrowStatement_ StatementExpression_ MethodInvocation_ StatementExpression_ MethodInvocation_ IfStatement_ BlockStatement_ StatementExpression_ MethodInvocation_ IfStatement_ MethodInvocation_ MethodInvocation_ MethodInvocation_ MethodInvocation_ MethodInvocation_ MethodInvocation_ MethodInvocation_ MethodInvocation_ MethodInvocation_ BlockStatement_ ThrowStatement_ StatementExpression_ MethodInvocation_ StatementExpression_ MethodDeclaration_setDir FormalParameter_d StatementExpression_ MethodDeclaration_setAntfile FormalParameter_s StatementExpression_ MethodDeclaration_setTarget FormalParameter_s StatementExpression_ MethodDeclaration_setOutput FormalParameter_s StatementExpression_ MethodDeclaration_createProperty IfStatement_ BlockStatement_ StatementExpression_ MethodInvocation_ LocalVariableDeclaration_ MethodInvocation_ StatementExpression_ MethodInvocation_ StatementExpression_ MethodInvocation_ ReturnStatement_,"package org apache tools ant taskdefs import org apache tools ant import java io import java util public class Ant extends Task private File dir null private String antFile null private String target null private String output null Vector properties new Vector Project p1 public void init p1 new Project p1 setJavaVersionProperty p1 addTaskDefinition ""property"" Class project getTaskDefinitions get ""property"" private void reinit init for int i 0 i properties size i Property p Property properties elementAt i Property newP Property p1 createTask ""property"" newP setName p getName if p getValue null newP setValue p getValue if p getFile null newP setFile p getFile if p getResource null newP setResource p getResource properties setElementAt newP i private void initializeProject Vector listeners project getBuildListeners for int i 0 i listeners size i p1 addBuildListener BuildListener listeners elementAt i if output null try PrintStream out new PrintStream new FileOutputStream output DefaultLogger logger new DefaultLogger logger setMessageOutputLevel Project MSG_INFO logger setOutputPrintStream out logger setErrorPrintStream out p1 addBuildListener logger catch IOException ex log ""Ant: Can't set output to "" output Hashtable taskdefs project getTaskDefinitions Enumeration et taskdefs keys while et hasMoreElements String taskName String et nextElement Class taskClass Class taskdefs get taskName p1 addTaskDefinition taskName taskClass Hashtable typedefs project getDataTypeDefinitions Enumeration e typedefs keys while e hasMoreElements String typeName String e nextElement Class typeClass Class typedefs get typeName p1 addDataTypeDefinition typeName typeClass Hashtable prop1 project getProperties e prop1 keys while e hasMoreElements String arg String e nextElement String value String prop1 get arg p1 setProperty arg value public void execute throws BuildException try if p1 null reinit if dir null dir project getBaseDir initializeProject p1 setBaseDir dir p1 setUserProperty ""basedir"" dir getAbsolutePath Enumeration e properties elements while e hasMoreElements Property p Property e nextElement p execute if antFile null antFile ""build.xml"" File file new File antFile if file isAbsolute antFile new File dir antFile getAbsolutePath file new File antFile if file isFile throw new BuildException ""Build file "" file "" not found."" p1 setUserProperty ""ant.file"" antFile ProjectHelper configureProject p1 new File antFile if target null target p1 getDefaultTarget if p1 getBaseDir equals project getBaseDir p1 getProperty ""ant.file"" equals project getProperty ""ant.file"" target equals this getOwningTarget getName throw new BuildException ""ant task calling its own parent target"" p1 executeTarget target finally p1 null public void setDir File d this dir d public void setAntfile String s this antFile s public void setTarget String s this target s public void setOutput String s this output s public Property createProperty if p1 null reinit Property p Property p1 createTask ""property"" p setUserProperty true properties addElement p return p"
org.apache.tools.ant.types.ZipScanner,6,2,0,3,11,13,2,1,6,0.8,68,1.0,0,0.924242424,0.444444444,1,5,10.16666667,3,1.5,0,PackageDeclaration_org.apache.tools.ant.types ClassDeclaration_ZipScanner FieldDeclaration_ MethodDeclaration_setSrc FormalParameter_srcFile StatementExpression_ MethodDeclaration_getIncludedFiles LocalVariableDeclaration_ StatementExpression_ MethodInvocation_ ReturnStatement_ MethodDeclaration_getIncludedDirectories ReturnStatement_ MethodDeclaration_init IfStatement_ BlockStatement_ StatementExpression_ StatementExpression_ IfStatement_ BlockStatement_ StatementExpression_ MethodDeclaration_match FormalParameter_path LocalVariableDeclaration_ MethodInvocation_ MethodInvocation_ ReturnStatement_ MethodInvocation_ MethodInvocation_,"package org apache tools ant types import org apache tools ant DirectoryScanner import java io File public class ZipScanner extends DirectoryScanner protected File srcFile public void setSrc File srcFile this srcFile srcFile public String getIncludedFiles String result new String 1 result 0 srcFile getAbsolutePath return result public String getIncludedDirectories return new String 0 public void init if includes null includes new String 1 includes 0 ""**"" if excludes null excludes new String 0 public boolean match String path String vpath path replace '/' File separatorChar replace '\\' File separatorChar return isIncluded vpath isExcluded vpath"
org.apache.tools.ant.taskdefs.SignJar,14,3,0,5,35,63,0,5,13,0.909090909,307,1.0,0,0.74,0.595238095,2,3,20.14285714,7,1.3571,0,PackageDeclaration_org.apache.tools.ant.taskdefs ClassDeclaration_SignJar FieldDeclaration_ FieldDeclaration_ FieldDeclaration_ FieldDeclaration_ FieldDeclaration_ FieldDeclaration_ FieldDeclaration_ FieldDeclaration_ FieldDeclaration_ FieldDeclaration_ FieldDeclaration_ MethodDeclaration_setJar FormalParameter_jar StatementExpression_ MethodDeclaration_setAlias FormalParameter_alias StatementExpression_ MethodDeclaration_setKeystore FormalParameter_keystore StatementExpression_ MethodDeclaration_setStorepass FormalParameter_storepass StatementExpression_ MethodDeclaration_setStoretype FormalParameter_storetype StatementExpression_ MethodDeclaration_setKeypass FormalParameter_keypass StatementExpression_ MethodDeclaration_setSigfile FormalParameter_sigfile StatementExpression_ MethodDeclaration_setSignedjar FormalParameter_signedjar StatementExpression_ MethodDeclaration_setVerbose FormalParameter_verbose StatementExpression_ MethodDeclaration_setInternalsf FormalParameter_internalsf StatementExpression_ MethodDeclaration_setSectionsonly FormalParameter_sectionsonly StatementExpression_ MethodDeclaration_execute IfStatement_ MethodInvocation_ MethodInvocation_ BlockStatement_ ThrowStatement_ IfStatement_ BlockStatement_ ThrowStatement_ IfStatement_ BlockStatement_ ThrowStatement_ IfStatement_ BlockStatement_ ThrowStatement_ IfStatement_ MethodInvocation_ ReturnStatement_ LocalVariableDeclaration_ LocalVariableDeclaration_ MethodInvocation_ StatementExpression_ MethodInvocation_ IfStatement_ BlockStatement_ StatementExpression_ MethodInvocation_ MethodInvocation_ StatementExpression_ MethodInvocation_ MethodInvocation_ IfStatement_ BlockStatement_ StatementExpression_ MethodInvocation_ MethodInvocation_ StatementExpression_ MethodInvocation_ MethodInvocation_ IfStatement_ BlockStatement_ StatementExpression_ MethodInvocation_ MethodInvocation_ StatementExpression_ MethodInvocation_ MethodInvocation_ IfStatement_ BlockStatement_ StatementExpression_ MethodInvocation_ MethodInvocation_ StatementExpression_ MethodInvocation_ MethodInvocation_ IfStatement_ BlockStatement_ StatementExpression_ MethodInvocation_ MethodInvocation_ StatementExpression_ MethodInvocation_ MethodInvocation_ IfStatement_ BlockStatement_ StatementExpression_ MethodInvocation_ MethodInvocation_ StatementExpression_ MethodInvocation_ MethodInvocation_ IfStatement_ BlockStatement_ StatementExpression_ MethodInvocation_ MethodInvocation_ IfStatement_ BlockStatement_ StatementExpression_ MethodInvocation_ MethodInvocation_ IfStatement_ BlockStatement_ StatementExpression_ MethodInvocation_ MethodInvocation_ StatementExpression_ MethodInvocation_ MethodInvocation_ StatementExpression_ MethodInvocation_ MethodInvocation_ StatementExpression_ MethodInvocation_ MethodInvocation_ StatementExpression_ MethodInvocation_ StatementExpression_ MethodInvocation_ MethodInvocation_ StatementExpression_ MethodInvocation_ MethodDeclaration_isUpToDate IfStatement_ BlockStatement_ LocalVariableDeclaration_ LocalVariableDeclaration_ IfStatement_ MethodInvocation_ ReturnStatement_ IfStatement_ MethodInvocation_ ReturnStatement_ IfStatement_ MethodInvocation_ ReturnStatement_ IfStatement_ MethodInvocation_ MethodInvocation_ ReturnStatement_ ReturnStatement_,"package org apache tools ant taskdefs import java io File import org apache tools ant import org apache tools ant types Commandline public class SignJar extends Task protected String jar protected String alias protected String keystore protected String storepass protected String storetype protected String keypass protected String sigfile protected String signedjar protected boolean verbose protected boolean internalsf protected boolean sectionsonly public void setJar final String jar this jar jar public void setAlias final String alias this alias alias public void setKeystore final String keystore this keystore keystore public void setStorepass final String storepass this storepass storepass public void setStoretype final String storetype this storetype storetype public void setKeypass final String keypass this keypass keypass public void setSigfile final String sigfile this sigfile sigfile public void setSignedjar final String signedjar this signedjar signedjar public void setVerbose final boolean verbose this verbose verbose public void setInternalsf final boolean internalsf this internalsf internalsf public void setSectionsonly final boolean sectionsonly this sectionsonly sectionsonly public void execute throws BuildException if project getJavaVersion equals Project JAVA_1_1 throw new BuildException ""The signjar task is only available on JDK versions 1.2 or greater"" if null jar throw new BuildException ""jar attribute must be set"" if null alias throw new BuildException ""alias attribute must be set"" if null storepass throw new BuildException ""storepass attribute must be set"" if isUpToDate return final StringBuffer sb new StringBuffer final ExecTask cmd ExecTask project createTask ""exec"" cmd setExecutable ""jarsigner"" if null keystore cmd createArg setValue ""-keystore"" cmd createArg setValue keystore if null storepass cmd createArg setValue ""-storepass"" cmd createArg setValue storepass if null storetype cmd createArg setValue ""-storetype"" cmd createArg setValue storetype if null keypass cmd createArg setValue ""-keypass"" cmd createArg setValue keypass if null sigfile cmd createArg setValue ""-sigfile"" cmd createArg setValue sigfile if null signedjar cmd createArg setValue ""-signedjar"" cmd createArg setValue signedjar if verbose cmd createArg setValue ""-verbose"" if internalsf cmd createArg setValue ""-internalsf"" if sectionsonly cmd createArg setValue ""-sectionsonly"" cmd createArg setValue jar cmd createArg setValue alias log ""Signing Jar : "" new File jar getAbsolutePath cmd setFailonerror true cmd setTaskName getTaskName cmd execute protected boolean isUpToDate if null jar null signedjar final File jarFile new File jar final File signedjarFile new File signedjar if jarFile exists return false if signedjarFile exists return false if jarFile equals signedjarFile return false if signedjarFile lastModified jarFile lastModified return true return false"
org.apache.tools.ant.taskdefs.Jikes,2,1,0,5,29,0,0,5,0,0.0,176,1.0,2,0.0,0.6,0,0,85.5,10,5.0,0,PackageDeclaration_org.apache.tools.ant.taskdefs ClassDeclaration_Jikes FieldDeclaration_ FieldDeclaration_ FieldDeclaration_ ConstructorDeclaration_Jikes FormalParameter_jop FormalParameter_command FormalParameter_project StatementExpression_ StatementExpression_ StatementExpression_ StatementExpression_ MethodDeclaration_compile FormalParameter_args LocalVariableDeclaration_ LocalVariableDeclaration_ TryStatement_ LocalVariableDeclaration_ MethodInvocation_ IfStatement_ MethodInvocation_ MethodInvocation_ BlockStatement_ LocalVariableDeclaration_ TryStatement_ StatementExpression_ MethodInvocation_ MethodInvocation_ StatementExpression_ ForStatement_ VariableDeclaration_ BlockStatement_ StatementExpression_ MethodInvocation_ StatementExpression_ MethodInvocation_ StatementExpression_ MethodInvocation_ CatchClause_ CatchClauseParameter_e ThrowStatement_ IfStatement_ BlockStatement_ TryStatement_ StatementExpression_ MethodInvocation_ CatchClause_ CatchClauseParameter_t BlockStatement_ StatementExpression_ StatementExpression_ StatementExpression_ MethodInvocation_ TryStatement_ LocalVariableDeclaration_ StatementExpression_ MethodInvocation_ StatementExpression_ MethodInvocation_ MethodInvocation_ StatementExpression_ MethodInvocation_ StatementExpression_ MethodInvocation_ CatchClause_ CatchClauseParameter_e ThrowStatement_ IfStatement_ BlockStatement_ StatementExpression_ MethodInvocation_,"package org apache tools ant taskdefs import java io import org apache tools ant import java util Random public class Jikes protected JikesOutputParser jop protected String command protected Project project protected Jikes JikesOutputParser jop String command Project project super this jop jop this command command this project project protected void compile String args String commandArray null File tmpFile null try String myos System getProperty ""os.name"" if myos toLowerCase indexOf ""windows"" 0 args length 250 PrintWriter out null try tmpFile new File ""jikes"" new Random System currentTimeMillis nextLong out new PrintWriter new FileWriter tmpFile for int i 0 i args length i out println args i out flush commandArray new String command ""@"" tmpFile getAbsolutePath catch IOException e throw new BuildException ""Error creating temporary file"" e finally if out null try out close catch Throwable t else commandArray new String args length 1 commandArray 0 command System arraycopy args 0 commandArray 1 args length try Execute exe new Execute jop exe setAntRun project exe setWorkingDirectory project getBaseDir exe setCommandline commandArray exe execute catch IOException e throw new BuildException ""Error running Jikes compiler"" e finally if tmpFile null tmpFile delete"
org.apache.tools.ant.taskdefs.compilers.Jikes,2,2,0,9,23,1,1,8,2,2.0,204,0.0,0,0.958333333,1.0,1,1,101.0,1,0.5,0,PackageDeclaration_org.apache.tools.ant.taskdefs.compilers ClassDeclaration_Jikes MethodDeclaration_execute StatementExpression_ MethodInvocation_ LocalVariableDeclaration_ IfStatement_ BlockStatement_ StatementExpression_ MethodInvocation_ StatementExpression_ MethodInvocation_ IfStatement_ MethodInvocation_ BlockStatement_ StatementExpression_ BlockStatement_ StatementExpression_ MethodInvocation_ MethodInvocation_ StatementExpression_ MethodInvocation_ LocalVariableDeclaration_ MethodInvocation_ IfStatement_ BlockStatement_ StatementExpression_ MethodInvocation_ LocalVariableDeclaration_ StatementExpression_ MethodInvocation_ IfStatement_ StatementExpression_ MethodInvocation_ MethodInvocation_ IfStatement_ BlockStatement_ StatementExpression_ MethodInvocation_ MethodInvocation_ StatementExpression_ MethodInvocation_ MethodInvocation_ StatementExpression_ MethodInvocation_ MethodInvocation_ StatementExpression_ MethodInvocation_ MethodInvocation_ IfStatement_ BlockStatement_ StatementExpression_ MethodInvocation_ MethodInvocation_ StatementExpression_ MethodInvocation_ MethodInvocation_ IfStatement_ BlockStatement_ StatementExpression_ MethodInvocation_ MethodInvocation_ IfStatement_ BlockStatement_ StatementExpression_ MethodInvocation_ MethodInvocation_ IfStatement_ BlockStatement_ StatementExpression_ MethodInvocation_ MethodInvocation_ IfStatement_ BlockStatement_ StatementExpression_ MethodInvocation_ MethodInvocation_ LocalVariableDeclaration_ MethodInvocation_ IfStatement_ MethodInvocation_ BlockStatement_ StatementExpression_ MethodInvocation_ MethodInvocation_ LocalVariableDeclaration_ MethodInvocation_ IfStatement_ MethodInvocation_ BlockStatement_ StatementExpression_ MethodInvocation_ MethodInvocation_ LocalVariableDeclaration_ MethodInvocation_ IfStatement_ MethodInvocation_ BlockStatement_ StatementExpression_ MethodInvocation_ MethodInvocation_ LocalVariableDeclaration_ MethodInvocation_ IfStatement_ MethodInvocation_ BlockStatement_ StatementExpression_ MethodInvocation_ MethodInvocation_ LocalVariableDeclaration_ MethodInvocation_ StatementExpression_ MethodInvocation_ ReturnStatement_ MethodInvocation_ MethodInvocation_,"package org apache tools ant taskdefs compilers import org apache tools ant BuildException import org apache tools ant Project import org apache tools ant types public class Jikes extends DefaultCompilerAdapter public boolean execute throws BuildException attributes log ""Using jikes compiler"" Project MSG_VERBOSE Path classpath new Path project if bootclasspath null classpath append bootclasspath addExtdirsToClasspath classpath if bootclasspath null bootclasspath size 0 includeJavaRuntime true else classpath append getCompileClasspath classpath append src String jikesPath System getProperty ""jikes.class.path"" if jikesPath null classpath append new Path project jikesPath Commandline cmd new Commandline cmd setExecutable ""jikes"" if deprecation true cmd createArgument setValue ""-deprecation"" if destDir null cmd createArgument setValue ""-d"" cmd createArgument setFile destDir cmd createArgument setValue ""-classpath"" cmd createArgument setPath classpath if encoding null cmd createArgument setValue ""-encoding"" cmd createArgument setValue encoding if debug cmd createArgument setValue ""-g"" if optimize cmd createArgument setValue ""-O"" if verbose cmd createArgument setValue ""-verbose"" if depend cmd createArgument setValue ""-depend"" String emacsProperty project getProperty ""build.compiler.emacs"" if emacsProperty null Project toBoolean emacsProperty cmd createArgument setValue ""+E"" String warningsProperty project getProperty ""build.compiler.warnings"" if warningsProperty null Project toBoolean warningsProperty cmd createArgument setValue ""-nowarn"" String pedanticProperty project getProperty ""build.compiler.pedantic"" if pedanticProperty null Project toBoolean pedanticProperty cmd createArgument setValue ""+P"" String fullDependProperty project getProperty ""build.compiler.fulldepend"" if fullDependProperty null Project toBoolean fullDependProperty cmd createArgument setValue ""+F"" int firstFileName cmd size logAndAddFilesToCompile cmd return executeExternalCompile cmd getCommandline firstFileName 0"
org.apache.tools.ant.taskdefs.ExecuteStreamHandler,5,1,0,10,5,10,10,0,5,2.0,5,0.0,0,0.0,0.533333333,0,0,0.0,1,1.0,0,PackageDeclaration_org.apache.tools.ant.taskdefs InterfaceDeclaration_ExecuteStreamHandler MethodDeclaration_setProcessInputStream FormalParameter_os MethodDeclaration_setProcessErrorStream FormalParameter_is MethodDeclaration_setProcessOutputStream FormalParameter_is MethodDeclaration_start MethodDeclaration_stop,package org apache tools ant taskdefs import java io InputStream import java io IOException import java io OutputStream public interface ExecuteStreamHandler public void setProcessInputStream OutputStream os throws IOException public void setProcessErrorStream InputStream is throws IOException public void setProcessOutputStream InputStream is throws IOException public void start throws IOException public void stop
org.apache.tools.ant.util.regexp.JakartaOroMatcher,5,1,0,7,17,0,0,7,5,0.5,75,1.0,0,0.0,0.8,0,0,13.4,3,1.2,0,PackageDeclaration_org.apache.tools.ant.util.regexp ClassDeclaration_JakartaOroMatcher FieldDeclaration_ FieldDeclaration_ FieldDeclaration_ MethodDeclaration_setPattern FormalParameter_pattern TryStatement_ StatementExpression_ MethodInvocation_ CatchClause_ CatchClauseParameter_e ThrowStatement_ MethodDeclaration_getPattern ReturnStatement_ MethodInvocation_ MethodDeclaration_matches FormalParameter_argument ReturnStatement_ MethodInvocation_ MethodDeclaration_getGroups FormalParameter_argument IfStatement_ MethodInvocation_ BlockStatement_ ReturnStatement_ LocalVariableDeclaration_ LocalVariableDeclaration_ MethodInvocation_ ForStatement_ VariableDeclaration_ MethodInvocation_ BlockStatement_ StatementExpression_ MethodInvocation_ MethodInvocation_ ReturnStatement_,package org apache tools ant util regexp import org apache oro text regex import org apache tools ant BuildException import java util Vector public class JakartaOroMatcher implements RegexpMatcher protected Perl5Matcher reg new Perl5Matcher protected Perl5Compiler comp new Perl5Compiler private Pattern pattern public void setPattern String pattern throws BuildException try this pattern comp compile pattern catch MalformedPatternException e throw new BuildException e public String getPattern return pattern getPattern public boolean matches String argument return reg contains argument pattern public Vector getGroups String argument if matches argument return null Vector v new Vector MatchResult mr reg getMatch for int i 0 i mr groups i v addElement mr group i return v
org.apache.tools.ant.taskdefs.MatchingTask,12,3,11,18,37,0,12,6,11,0.454545455,164,1.0,1,0.770833333,0.416666667,0,0,12.5,6,1.5833,0,PackageDeclaration_org.apache.tools.ant.taskdefs ClassDeclaration_MatchingTask FieldDeclaration_ FieldDeclaration_ MethodDeclaration_createInclude ReturnStatement_ MethodInvocation_ MethodDeclaration_createExclude ReturnStatement_ MethodInvocation_ MethodDeclaration_createPatternSet ReturnStatement_ MethodInvocation_ MethodDeclaration_setIncludes FormalParameter_includes StatementExpression_ MethodInvocation_ MethodDeclaration_XsetItems FormalParameter_itemString StatementExpression_ MethodInvocation_ IfStatement_ MethodInvocation_ MethodInvocation_ BlockStatement_ StatementExpression_ MethodInvocation_ MethodInvocation_ BlockStatement_ LocalVariableDeclaration_ WhileStatement_ MethodInvocation_ BlockStatement_ LocalVariableDeclaration_ MethodInvocation_ MethodInvocation_ IfStatement_ MethodInvocation_ BlockStatement_ StatementExpression_ MethodInvocation_ MethodInvocation_ MethodDeclaration_setExcludes FormalParameter_excludes StatementExpression_ MethodInvocation_ MethodDeclaration_XsetIgnore FormalParameter_ignoreString StatementExpression_ MethodInvocation_ IfStatement_ MethodInvocation_ BlockStatement_ LocalVariableDeclaration_ LocalVariableDeclaration_ WhileStatement_ MethodInvocation_ BlockStatement_ StatementExpression_ MethodInvocation_ MethodInvocation_ MethodInvocation_ MethodInvocation_ MethodDeclaration_setDefaultexcludes FormalParameter_useDefaultExcludes StatementExpression_ MethodDeclaration_getDirectoryScanner FormalParameter_baseDir StatementExpression_ MethodInvocation_ StatementExpression_ MethodInvocation_ ReturnStatement_ MethodInvocation_ MethodDeclaration_setIncludesfile FormalParameter_includesfile StatementExpression_ MethodInvocation_ MethodDeclaration_setExcludesfile FormalParameter_excludesfile StatementExpression_ MethodInvocation_,"package org apache tools ant taskdefs import org apache tools ant import org apache tools ant types import java io import java util public abstract class MatchingTask extends Task protected boolean useDefaultExcludes true protected FileSet fileset new FileSet public PatternSet NameEntry createInclude return fileset createInclude public PatternSet NameEntry createExclude return fileset createExclude public PatternSet createPatternSet return fileset createPatternSet public void setIncludes String includes fileset setIncludes includes public void XsetItems String itemString log ""The items attribute is deprecated. "" ""Please use the includes attribute."" Project MSG_WARN if itemString null itemString equals ""*"" itemString equals ""."" createInclude setName ""**"" else StringTokenizer tok new StringTokenizer itemString "", "" while tok hasMoreTokens String pattern tok nextToken trim if pattern length 0 createInclude setName pattern ""/**"" public void setExcludes String excludes fileset setExcludes excludes public void XsetIgnore String ignoreString log ""The ignore attribute is deprecated."" ""Please use the excludes attribute."" Project MSG_WARN if ignoreString null ignoreString length 0 Vector tmpExcludes new Vector StringTokenizer tok new StringTokenizer ignoreString "", "" false while tok hasMoreTokens createExclude setName ""**/"" tok nextToken trim ""/**"" public void setDefaultexcludes boolean useDefaultExcludes this useDefaultExcludes useDefaultExcludes protected DirectoryScanner getDirectoryScanner File baseDir fileset setDir baseDir fileset setDefaultexcludes useDefaultExcludes return fileset getDirectoryScanner project public void setIncludesfile File includesfile fileset setIncludesfile includesfile public void setExcludesfile File excludesfile fileset setExcludesfile excludesfile"
org.apache.tools.ant.taskdefs.compilers.Javac13,2,2,0,8,17,1,1,7,2,2.0,97,1.0,0,0.958333333,1.0,0,0,47.0,1,0.5,0,PackageDeclaration_org.apache.tools.ant.taskdefs.compilers ClassDeclaration_Javac13 FieldDeclaration_ MethodDeclaration_execute StatementExpression_ MethodInvocation_ LocalVariableDeclaration_ MethodInvocation_ LocalVariableDeclaration_ LocalVariableDeclaration_ TryStatement_ LocalVariableDeclaration_ StatementExpression_ MethodInvocation_ StatementExpression_ MethodInvocation_ LocalVariableDeclaration_ MethodInvocation_ LocalVariableDeclaration_ MethodInvocation_ LocalVariableDeclaration_ MethodInvocation_ MethodInvocation_ LocalVariableDeclaration_ MethodInvocation_ MethodInvocation_ ReturnStatement_ CatchClause_ CatchClauseParameter_ex IfStatement_ BlockStatement_ ThrowStatement_ BlockStatement_ ThrowStatement_ StatementExpression_ MethodInvocation_ StatementExpression_ MethodInvocation_,"package org apache tools ant taskdefs compilers import org apache tools ant BuildException import org apache tools ant Project import org apache tools ant taskdefs LogOutputStream import org apache tools ant types Commandline import java lang reflect Method import java io public class Javac13 extends DefaultCompilerAdapter private static final int MODERN_COMPILER_SUCCESS 0 public boolean execute throws BuildException attributes log ""Using modern compiler"" Project MSG_VERBOSE Commandline cmd setupJavacCommand PrintStream err System err PrintStream out System out try PrintStream logstr new PrintStream new LogOutputStream attributes Project MSG_WARN System setOut logstr System setErr logstr Class c Class forName ""com.sun.tools.javac.Main"" Object compiler c newInstance Method compile c getMethod ""compile"" new Class new String getClass int result Integer compile invoke compiler new Object cmd getArguments intValue return result MODERN_COMPILER_SUCCESS catch Exception ex if ex instanceof BuildException throw BuildException ex else throw new BuildException ""Error starting modern compiler"" ex location finally System setErr err System setOut out"
org.apache.tools.ant.ProjectHelper,17,1,0,19,73,112,13,7,5,0.84375,502,1.0,1,0.0,0.170454545,0,0,28.17647059,2,1.0,3,PackageDeclaration_org.apache.tools.ant ClassDeclaration_ProjectHelper FieldDeclaration_ FieldDeclaration_ FieldDeclaration_ FieldDeclaration_ FieldDeclaration_ FieldDeclaration_ MethodDeclaration_configureProject FormalParameter_project FormalParameter_buildFile StatementExpression_ MethodInvocation_ ConstructorDeclaration_ProjectHelper FormalParameter_project FormalParameter_buildFile StatementExpression_ StatementExpression_ MethodInvocation_ StatementExpression_ MethodInvocation_ MethodDeclaration_parse LocalVariableDeclaration_ LocalVariableDeclaration_ TryStatement_ LocalVariableDeclaration_ MethodInvocation_ MethodInvocation_ StatementExpression_ MethodInvocation_ LocalVariableDeclaration_ MethodInvocation_ MethodInvocation_ ForStatement_ VariableDeclaration_ MethodInvocation_ MethodInvocation_ BlockStatement_ StatementExpression_ MethodInvocation_ MethodInvocation_ StatementExpression_ StatementExpression_ StatementExpression_ MethodInvocation_ StatementExpression_ MethodInvocation_ StatementExpression_ MethodInvocation_ CatchClause_ CatchClauseParameter_exc ThrowStatement_ CatchClause_ CatchClauseParameter_exc LocalVariableDeclaration_ MethodInvocation_ MethodInvocation_ MethodInvocation_ LocalVariableDeclaration_ MethodInvocation_ IfStatement_ BlockStatement_ LocalVariableDeclaration_ IfStatement_ MethodInvocation_ BlockStatement_ StatementExpression_ MethodInvocation_ ThrowStatement_ ThrowStatement_ MethodInvocation_ CatchClause_ CatchClauseParameter_exc LocalVariableDeclaration_ MethodInvocation_ IfStatement_ BlockStatement_ ThrowStatement_ ThrowStatement_ MethodInvocation_ CatchClause_ CatchClauseParameter_exc ThrowStatement_ CatchClause_ CatchClauseParameter_exc ThrowStatement_ IfStatement_ BlockStatement_ TryStatement_ StatementExpression_ MethodInvocation_ CatchClause_ CatchClauseParameter_ioe ClassDeclaration_AbstractHandler FieldDeclaration_ ConstructorDeclaration_AbstractHandler FormalParameter_parentHandler StatementExpression_ StatementExpression_ MethodInvocation_ MethodDeclaration_startElement FormalParameter_tag FormalParameter_attrs ThrowStatement_ MethodDeclaration_characters FormalParameter_buf FormalParameter_start FormalParameter_end LocalVariableDeclaration_ MethodInvocation_ IfStatement_ MethodInvocation_ BlockStatement_ ThrowStatement_ MethodDeclaration_finished MethodDeclaration_endElement FormalParameter_name StatementExpression_ MethodInvocation_ StatementExpression_ MethodInvocation_ ClassDeclaration_RootHandler MethodDeclaration_resolveEntity FormalParameter_publicId FormalParameter_systemId StatementExpression_ MethodInvocation_ IfStatement_ MethodInvocation_ BlockStatement_ LocalVariableDeclaration_ MethodInvocation_ LocalVariableDeclaration_ MethodInvocation_ WhileStatement_ BlockStatement_ StatementExpression_ MethodInvocation_ MethodInvocation_ StatementExpression_ MethodInvocation_ LocalVariableDeclaration_ StatementExpression_ MethodInvocation_ WhileStatement_ BlockStatement_ StatementExpression_ MethodInvocation_ MethodInvocation_ StatementExpression_ MethodInvocation_ LocalVariableDeclaration_ IfStatement_ MethodInvocation_ BlockStatement_ StatementExpression_ TryStatement_ LocalVariableDeclaration_ StatementExpression_ MethodInvocation_ ReturnStatement_ CatchClause_ CatchClauseParameter_fne StatementExpression_ MethodInvocation_ MethodInvocation_ ReturnStatement_ MethodDeclaration_startElement FormalParameter_tag FormalParameter_attrs IfStatement_ MethodInvocation_ BlockStatement_ StatementExpression_ MethodInvocation_ BlockStatement_ ThrowStatement_ MethodDeclaration_setDocumentLocator FormalParameter_locator StatementExpression_ ClassDeclaration_ProjectHandler ConstructorDeclaration_ProjectHandler FormalParameter_parentHandler StatementExpression_ MethodDeclaration_init FormalParameter_tag FormalParameter_attrs LocalVariableDeclaration_ LocalVariableDeclaration_ LocalVariableDeclaration_ LocalVariableDeclaration_ ForStatement_ VariableDeclaration_ MethodInvocation_ BlockStatement_ LocalVariableDeclaration_ MethodInvocation_ LocalVariableDeclaration_ MethodInvocation_ IfStatement_ MethodInvocation_ BlockStatement_ StatementExpression_ IfStatement_ MethodInvocation_ BlockStatement_ StatementExpression_ IfStatement_ MethodInvocation_ BlockStatement_ StatementExpression_ IfStatement_ MethodInvocation_ BlockStatement_ StatementExpression_ BlockStatement_ ThrowStatement_ MethodInvocation_ IfStatement_ BlockStatement_ ThrowStatement_ StatementExpression_ MethodInvocation_ IfStatement_ BlockStatement_ StatementExpression_ MethodInvocation_ StatementExpression_ MethodInvocation_ IfStatement_ StatementExpression_ MethodInvocation_ IfStatement_ MethodInvocation_ BlockStatement_ StatementExpression_ MethodInvocation_ MethodInvocation_ BlockStatement_ IfStatement_ BlockStatement_ StatementExpression_ MethodInvocation_ MethodInvocation_ BlockStatement_ IfStatement_ MethodInvocation_ BlockStatement_ StatementExpression_ MethodInvocation_ BlockStatement_ StatementExpression_ MethodInvocation_ MethodInvocation_ MethodDeclaration_startElement FormalParameter_name FormalParameter_attrs IfStatement_ MethodInvocation_ BlockStatement_ StatementExpression_ MethodInvocation_ IfStatement_ MethodInvocation_ BlockStatement_ StatementExpression_ MethodInvocation_ IfStatement_ MethodInvocation_ BlockStatement_ StatementExpression_ MethodInvocation_ IfStatement_ MethodInvocation_ MethodInvocation_ BlockStatement_ StatementExpression_ MethodInvocation_ BlockStatement_ ThrowStatement_ MethodDeclaration_handleTaskdef FormalParameter_name FormalParameter_attrs StatementExpression_ MethodInvocation_ MethodDeclaration_handleProperty FormalParameter_name FormalParameter_attrs StatementExpression_ MethodInvocation_ MethodDeclaration_handleTarget FormalParameter_tag FormalParameter_attrs StatementExpression_ MethodInvocation_ MethodDeclaration_handleDataType FormalParameter_name FormalParameter_attrs StatementExpression_ MethodInvocation_ ClassDeclaration_TargetHandler FieldDeclaration_ ConstructorDeclaration_TargetHandler FormalParameter_parentHandler StatementExpression_ MethodDeclaration_init FormalParameter_tag FormalParameter_attrs LocalVariableDeclaration_ LocalVariableDeclaration_ LocalVariableDeclaration_ LocalVariableDeclaration_ LocalVariableDeclaration_ LocalVariableDeclaration_ ForStatement_ VariableDeclaration_ MethodInvocation_ BlockStatement_ LocalVariableDeclaration_ MethodInvocation_ LocalVariableDeclaration_ MethodInvocation_ IfStatement_ MethodInvocation_ BlockStatement_ StatementExpression_ IfStatement_ MethodInvocation_ BlockStatement_ StatementExpression_ IfStatement_ MethodInvocation_ BlockStatement_ StatementExpression_ IfStatement_ MethodInvocation_ BlockStatement_ StatementExpression_ IfStatement_ MethodInvocation_ BlockStatement_ StatementExpression_ IfStatement_ MethodInvocation_ BlockStatement_ StatementExpression_ BlockStatement_ ThrowStatement_ IfStatement_ BlockStatement_ ThrowStatement_ StatementExpression_ StatementExpression_ MethodInvocation_ StatementExpression_ MethodInvocation_ StatementExpression_ MethodInvocation_ StatementExpression_ MethodInvocation_ StatementExpression_ MethodInvocation_ IfStatement_ MethodInvocation_ StatementExpression_ MethodInvocation_ IfStatement_ MethodInvocation_ BlockStatement_ LocalVariableDeclaration_ WhileStatement_ MethodInvocation_ BlockStatement_ StatementExpression_ MethodInvocation_ MethodInvocation_ MethodInvocation_ MethodDeclaration_startElement FormalParameter_name FormalParameter_attrs StatementExpression_ MethodInvocation_ ClassDeclaration_TaskHandler FieldDeclaration_ FieldDeclaration_ FieldDeclaration_ ConstructorDeclaration_TaskHandler FormalParameter_parentHandler FormalParameter_target StatementExpression_ StatementExpression_ MethodDeclaration_init FormalParameter_tag FormalParameter_attrs TryStatement_ StatementExpression_ MethodInvocation_ CatchClause_ CatchClauseParameter_e IfStatement_ BlockStatement_ StatementExpression_ StatementExpression_ MethodInvocation_ StatementExpression_ MethodInvocation_ MethodInvocation_ MethodInvocation_ MethodInvocation_ StatementExpression_ MethodInvocation_ IfStatement_ BlockStatement_ StatementExpression_ MethodInvocation_ StatementExpression_ MethodInvocation_ StatementExpression_ MethodInvocation_ StatementExpression_ MethodInvocation_ StatementExpression_ MethodInvocation_ BlockStatement_ StatementExpression_ MethodInvocation_ StatementExpression_ MethodInvocation_ MethodDeclaration_finished IfStatement_ BlockStatement_ StatementExpression_ MethodInvocation_ MethodDeclaration_characters FormalParameter_buf FormalParameter_start FormalParameter_end IfStatement_ BlockStatement_ TryStatement_ StatementExpression_ MethodInvocation_ CatchClause_ CatchClauseParameter_exc ThrowStatement_ MethodInvocation_ BlockStatement_ StatementExpression_ MethodInvocation_ MethodDeclaration_startElement FormalParameter_name FormalParameter_attrs StatementExpression_ MethodInvocation_ ClassDeclaration_NestedElementHandler FieldDeclaration_ FieldDeclaration_ FieldDeclaration_ FieldDeclaration_ ConstructorDeclaration_NestedElementHandler FormalParameter_parentHandler FormalParameter_target FormalParameter_parentWrapper StatementExpression_ IfStatement_ BlockStatement_ StatementExpression_ BlockStatement_ StatementExpression_ StatementExpression_ MethodDeclaration_init FormalParameter_propType FormalParameter_attrs LocalVariableDeclaration_ MethodInvocation_ LocalVariableDeclaration_ MethodInvocation_ TryStatement_ IfStatement_ BlockStatement_ StatementExpression_ MethodInvocation_ StatementExpression_ BlockStatement_ StatementExpression_ MethodInvocation_ MethodInvocation_ StatementExpression_ MethodInvocation_ IfStatement_ BlockStatement_ StatementExpression_ StatementExpression_ MethodInvocation_ StatementExpression_ MethodInvocation_ BlockStatement_ StatementExpression_ MethodInvocation_ CatchClause_ CatchClauseParameter_exc ThrowStatement_ MethodInvocation_ MethodDeclaration_characters FormalParameter_buf FormalParameter_start FormalParameter_end IfStatement_ BlockStatement_ TryStatement_ StatementExpression_ MethodInvocation_ CatchClause_ CatchClauseParameter_exc ThrowStatement_ MethodInvocation_ BlockStatement_ StatementExpression_ MethodInvocation_ MethodDeclaration_startElement FormalParameter_name FormalParameter_attrs StatementExpression_ MethodInvocation_ ClassDeclaration_DataTypeHandler FieldDeclaration_ ConstructorDeclaration_DataTypeHandler FormalParameter_parentHandler StatementExpression_ MethodDeclaration_init FormalParameter_propType FormalParameter_attrs TryStatement_ StatementExpression_ MethodInvocation_ IfStatement_ BlockStatement_ ThrowStatement_ StatementExpression_ MethodInvocation_ StatementExpression_ MethodInvocation_ CatchClause_ CatchClauseParameter_exc ThrowStatement_ MethodInvocation_ MethodDeclaration_characters FormalParameter_buf FormalParameter_start FormalParameter_end TryStatement_ StatementExpression_ MethodInvocation_ CatchClause_ CatchClauseParameter_exc ThrowStatement_ MethodInvocation_ MethodDeclaration_startElement FormalParameter_name FormalParameter_attrs StatementExpression_ MethodInvocation_ MethodDeclaration_configure FormalParameter_target FormalParameter_attrs FormalParameter_project IfStatement_ StatementExpression_ LocalVariableDeclaration_ MethodInvocation_ MethodInvocation_ ForStatement_ VariableDeclaration_ MethodInvocation_ BlockStatement_ LocalVariableDeclaration_ MethodInvocation_ MethodInvocation_ MethodInvocation_ TryStatement_ StatementExpression_ MethodInvocation_ MethodInvocation_ MethodInvocation_ CatchClause_ CatchClauseParameter_be IfStatement_ MethodInvocation_ MethodInvocation_ BlockStatement_ ThrowStatement_ MethodDeclaration_addText FormalParameter_target FormalParameter_buf FormalParameter_start FormalParameter_end StatementExpression_ MethodInvocation_ MethodDeclaration_addText FormalParameter_target FormalParameter_text IfStatement_ MethodInvocation_ MethodInvocation_ BlockStatement_ ReturnStatement_ IfStatement_ StatementExpression_ StatementExpression_ MethodInvocation_ MethodInvocation_ MethodInvocation_ MethodDeclaration_replaceProperties FormalParameter_project FormalParameter_value FormalParameter_keys LocalVariableDeclaration_ LocalVariableDeclaration_ LocalVariableDeclaration_ LocalVariableDeclaration_ WhileStatement_ MethodInvocation_ BlockStatement_ IfStatement_ BlockStatement_ StatementExpression_ MethodInvocation_ MethodInvocation_ IfStatement_ MethodInvocation_ BlockStatement_ StatementExpression_ MethodInvocation_ StatementExpression_ IfStatement_ MethodInvocation_ BlockStatement_ StatementExpression_ MethodInvocation_ MethodInvocation_ StatementExpression_ BlockStatement_ LocalVariableDeclaration_ MethodInvocation_ IfStatement_ BlockStatement_ ThrowStatement_ LocalVariableDeclaration_ MethodInvocation_ IfStatement_ MethodInvocation_ BlockStatement_ StatementExpression_ MethodInvocation_ LocalVariableDeclaration_ MethodInvocation_ MethodInvocation_ StatementExpression_ MethodInvocation_ StatementExpression_ IfStatement_ MethodInvocation_ StatementExpression_ MethodInvocation_ MethodInvocation_ ReturnStatement_ MethodInvocation_ MethodDeclaration_getParserFactory IfStatement_ BlockStatement_ StatementExpression_ MethodInvocation_ ReturnStatement_ MethodDeclaration_configureId FormalParameter_target FormalParameter_attr LocalVariableDeclaration_ MethodInvocation_ IfStatement_ BlockStatement_ StatementExpression_ MethodInvocation_,"package org apache tools ant import java io import java util import org xml sax import org w3c dom import org apache tools ant taskdefs import javax xml parsers public class ProjectHelper private static SAXParserFactory parserFactory null private org xml sax Parser parser private Project project private File buildFile private File buildFileParent private Locator locator public static void configureProject Project project File buildFile throws BuildException new ProjectHelper project buildFile parse private ProjectHelper Project project File buildFile this project project this buildFile new File buildFile getAbsolutePath buildFileParent new File this buildFile getParent private void parse throws BuildException FileInputStream inputStream null InputSource inputSource null try SAXParser saxParser getParserFactory newSAXParser parser saxParser getParser String uri ""file:"" buildFile getAbsolutePath replace '\\' '/' for int index uri indexOf '#' index 1 index uri indexOf '#' uri uri substring 0 index ""%23"" uri substring index 1 inputStream new FileInputStream buildFile inputSource new InputSource inputStream inputSource setSystemId uri project log ""parsing buildfile "" buildFile "" with URI = "" uri Project MSG_VERBOSE saxParser parse inputSource new RootHandler catch ParserConfigurationException exc throw new BuildException ""Parser has not been configured correctly"" exc catch SAXParseException exc Location location new Location buildFile toString exc getLineNumber exc getColumnNumber Throwable t exc getException if t instanceof BuildException BuildException be BuildException t if be getLocation Location UNKNOWN_LOCATION be setLocation location throw be throw new BuildException exc getMessage t location catch SAXException exc Throwable t exc getException if t instanceof BuildException throw BuildException t throw new BuildException exc getMessage t catch FileNotFoundException exc throw new BuildException exc catch IOException exc throw new BuildException ""Error reading project file"" exc finally if inputStream null try inputStream close catch IOException ioe private class AbstractHandler extends HandlerBase protected DocumentHandler parentHandler public AbstractHandler DocumentHandler parentHandler this parentHandler parentHandler parser setDocumentHandler this public void startElement String tag AttributeList attrs throws SAXParseException throw new SAXParseException ""Unexpected element \"""" tag ""\"""" locator public void characters char buf int start int end throws SAXParseException String s new String buf start end trim if s length 0 throw new SAXParseException ""Unexpected text \"""" s ""\"""" locator protected void finished public void endElement String name throws SAXException finished parser setDocumentHandler parentHandler private class RootHandler extends HandlerBase public InputSource resolveEntity String publicId String systemId project log ""resolving systemId: "" systemId Project MSG_VERBOSE if systemId startsWith ""file:"" String path systemId substring 5 int index path indexOf ""file:"" while index 1 path path substring 0 index path substring index 5 index path indexOf ""file:"" String entitySystemId path index path indexOf ""%23"" while index 1 path path substring 0 index ""#"" path substring index 3 index path indexOf ""%23"" File file new File path if file isAbsolute file new File buildFileParent path try InputSource inputSource new InputSource new FileInputStream file inputSource setSystemId ""file:"" entitySystemId return inputSource catch FileNotFoundException fne project log file getAbsolutePath "" could not be found"" Project MSG_WARN return null public void startElement String tag AttributeList attrs throws SAXParseException if tag equals ""project"" new ProjectHandler this init tag attrs else throw new SAXParseException ""Config file is not of expected XML type"" locator public void setDocumentLocator Locator locator ProjectHelper this locator locator private class ProjectHandler extends AbstractHandler public ProjectHandler DocumentHandler parentHandler super parentHandler public void init String tag AttributeList attrs throws SAXParseException String def null String name null String id null String baseDir null for int i 0 i attrs getLength i String key attrs getName i String value attrs getValue i if key equals ""default"" def value else if key equals ""name"" name value else if key equals ""id"" id value else if key equals ""basedir"" baseDir value else throw new SAXParseException ""Unexpected attribute \"""" attrs getName i ""\"""" locator if def null throw new SAXParseException ""The default attribute of project is required"" locator project setDefaultTarget def if name null project setName name project addReference name project if id null project addReference id project if project getProperty ""basedir"" null project setBasedir project getProperty ""basedir"" else if baseDir null project setBasedir buildFileParent getAbsolutePath else if new File baseDir isAbsolute project setBasedir baseDir else project setBasedir new File buildFileParent baseDir getAbsolutePath public void startElement String name AttributeList attrs throws SAXParseException if name equals ""taskdef"" handleTaskdef name attrs else if name equals ""property"" handleProperty name attrs else if name equals ""target"" handleTarget name attrs else if project getDataTypeDefinitions get name null handleDataType name attrs else throw new SAXParseException ""Unexpected element \"""" name ""\"""" locator private void handleTaskdef String name AttributeList attrs throws SAXParseException new TaskHandler this null init name attrs private void handleProperty String name AttributeList attrs throws SAXParseException new TaskHandler this null init name attrs private void handleTarget String tag AttributeList attrs throws SAXParseException new TargetHandler this init tag attrs private void handleDataType String name AttributeList attrs throws SAXParseException new DataTypeHandler this init name attrs private class TargetHandler extends AbstractHandler private Target target public TargetHandler DocumentHandler parentHandler super parentHandler public void init String tag AttributeList attrs throws SAXParseException String name null String depends """" String ifCond null String unlessCond null String id null String description null for int i 0 i attrs getLength i String key attrs getName i String value attrs getValue i if key equals ""name"" name value else if key equals ""depends"" depends value else if key equals ""if"" ifCond value else if key equals ""unless"" unlessCond value else if key equals ""id"" id value else if key equals ""description"" description value else throw new SAXParseException ""Unexpected attribute \"""" key ""\"""" locator if name null throw new SAXParseException ""target element appears without a name attribute"" locator target new Target target setName name target setIf ifCond target setUnless unlessCond target setDescription description project addTarget name target if id null id equals """" project addReference id target if depends length 0 StringTokenizer tok new StringTokenizer depends "","" false while tok hasMoreTokens target addDependency tok nextToken trim public void startElement String name AttributeList attrs throws SAXParseException new TaskHandler this target init name attrs private class TaskHandler extends AbstractHandler private Target target private Task task private RuntimeConfigurable wrapper null public TaskHandler DocumentHandler parentHandler Target target super parentHandler this target target public void init String tag AttributeList attrs throws SAXParseException try task project createTask tag catch BuildException e if task null task new UnknownElement tag task setProject project task setLocation new Location buildFile toString locator getLineNumber locator getColumnNumber configureId task attrs if target null task setOwningTarget target target addTask task task init wrapper task getRuntimeConfigurableWrapper wrapper setAttributes attrs else task init configure task attrs project protected void finished if task null target null task execute public void characters char buf int start int end throws SAXParseException if wrapper null try addText task buf start end catch BuildException exc throw new SAXParseException exc getMessage locator exc else wrapper addText buf start end public void startElement String name AttributeList attrs throws SAXParseException new NestedElementHandler this task wrapper init name attrs private class NestedElementHandler extends AbstractHandler private Object target private Object child private RuntimeConfigurable parentWrapper private RuntimeConfigurable childWrapper null public NestedElementHandler DocumentHandler parentHandler Object target RuntimeConfigurable parentWrapper super parentHandler if target instanceof TaskAdapter this target TaskAdapter target getProxy else this target target this parentWrapper parentWrapper public void init String propType AttributeList attrs throws SAXParseException Class targetClass target getClass IntrospectionHelper ih IntrospectionHelper getHelper targetClass try if target instanceof UnknownElement child new UnknownElement propType toLowerCase UnknownElement target addChild UnknownElement child else child ih createElement target propType toLowerCase configureId child attrs if parentWrapper null childWrapper new RuntimeConfigurable child childWrapper setAttributes attrs parentWrapper addChild childWrapper else configure child attrs project catch BuildException exc throw new SAXParseException exc getMessage locator exc public void characters char buf int start int end throws SAXParseException if parentWrapper null try addText child buf start end catch BuildException exc throw new SAXParseException exc getMessage locator exc else childWrapper addText buf start end public void startElement String name AttributeList attrs throws SAXParseException new NestedElementHandler this child childWrapper init name attrs private class DataTypeHandler extends AbstractHandler private Object element public DataTypeHandler DocumentHandler parentHandler super parentHandler public void init String propType AttributeList attrs throws SAXParseException try element project createDataType propType if element null throw new BuildException ""Unknown data type "" propType configureId element attrs configure element attrs project catch BuildException exc throw new SAXParseException exc getMessage locator exc public void characters char buf int start int end throws SAXParseException try addText element buf start end catch BuildException exc throw new SAXParseException exc getMessage locator exc public void startElement String name AttributeList attrs throws SAXParseException new NestedElementHandler this element null init name attrs public static void configure Object target AttributeList attrs Project project throws BuildException if target instanceof TaskAdapter target TaskAdapter target getProxy IntrospectionHelper ih IntrospectionHelper getHelper target getClass for int i 0 i attrs getLength i String value replaceProperties project attrs getValue i project getProperties try ih setAttribute project target attrs getName i toLowerCase value catch BuildException be if attrs getName i equals ""id"" throw be public static void addText Object target char buf int start int end throws BuildException addText target new String buf start end public static void addText Object target String text throws BuildException if text null text trim length 0 return if target instanceof TaskAdapter target TaskAdapter target getProxy IntrospectionHelper getHelper target getClass addText target text public static String replaceProperties Project project String value Hashtable keys throws BuildException StringBuffer sb new StringBuffer int i 0 int prev 0 int pos while pos value indexOf ""$"" prev 0 if pos 0 sb append value substring prev pos if pos value length 1 sb append '$' prev pos 1 else if value charAt pos 1 '{' sb append value charAt pos 1 prev pos 2 else int endName value indexOf '}' pos if endName 0 throw new BuildException ""Syntax error in prop: "" value String n value substring pos 2 endName if keys containsKey n project log ""Property ${"" n ""} has not been set"" Project MSG_VERBOSE String v keys containsKey n String keys get n ""${"" n ""}"" sb append v prev endName 1 if prev value length sb append value substring prev return sb toString private static SAXParserFactory getParserFactory if parserFactory null parserFactory SAXParserFactory newInstance return parserFactory private void configureId Object target AttributeList attr String id attr getValue ""id"" if id null project addReference id target"
org.apache.tools.ant.taskdefs.LogStreamHandler,1,2,0,9,3,0,6,3,1,2.0,14,0.0,0,1.0,1.0,0,0,13.0,0,0.0,0,PackageDeclaration_org.apache.tools.ant.taskdefs ClassDeclaration_LogStreamHandler ConstructorDeclaration_LogStreamHandler FormalParameter_task FormalParameter_outlevel FormalParameter_errlevel StatementExpression_,package org apache tools ant taskdefs import org apache tools ant Project import org apache tools ant Task import java io OutputStream import java io InputStream public class LogStreamHandler extends PumpStreamHandler public LogStreamHandler Task task int outlevel int errlevel super new LogOutputStream task outlevel new LogOutputStream task errlevel
org.apache.tools.ant.taskdefs.Delete,18,4,0,8,49,19,0,8,16,0.773109244,579,1.0,0,0.821052632,0.296296296,2,3,30.77777778,14,2.1111,0,PackageDeclaration_org.apache.tools.ant.taskdefs ClassDeclaration_Delete FieldDeclaration_ FieldDeclaration_ FieldDeclaration_ FieldDeclaration_ FieldDeclaration_ FieldDeclaration_ FieldDeclaration_ MethodDeclaration_setFile FormalParameter_file StatementExpression_ MethodDeclaration_setDir FormalParameter_dir StatementExpression_ MethodDeclaration_setVerbose FormalParameter_verbose IfStatement_ BlockStatement_ StatementExpression_ BlockStatement_ StatementExpression_ MethodDeclaration_setQuiet FormalParameter_quiet StatementExpression_ MethodDeclaration_setIncludeEmptyDirs FormalParameter_includeEmpty StatementExpression_ MethodDeclaration_addFileset FormalParameter_set StatementExpression_ MethodInvocation_ MethodDeclaration_createInclude StatementExpression_ ReturnStatement_ MethodDeclaration_createExclude StatementExpression_ ReturnStatement_ MethodDeclaration_createPatternSet StatementExpression_ ReturnStatement_ MethodDeclaration_setIncludes FormalParameter_includes StatementExpression_ StatementExpression_ MethodDeclaration_setExcludes FormalParameter_excludes StatementExpression_ StatementExpression_ MethodDeclaration_setDefaultexcludes FormalParameter_useDefaultExcludes StatementExpression_ StatementExpression_ MethodDeclaration_setIncludesfile FormalParameter_includesfile StatementExpression_ StatementExpression_ MethodDeclaration_setExcludesfile FormalParameter_excludesfile StatementExpression_ StatementExpression_ MethodDeclaration_execute IfStatement_ BlockStatement_ StatementExpression_ MethodInvocation_ IfStatement_ MethodInvocation_ BlockStatement_ ThrowStatement_ IfStatement_ BlockStatement_ IfStatement_ MethodInvocation_ BlockStatement_ IfStatement_ MethodInvocation_ BlockStatement_ StatementExpression_ MethodInvocation_ MethodInvocation_ BlockStatement_ StatementExpression_ MethodInvocation_ MethodInvocation_ IfStatement_ MethodInvocation_ BlockStatement_ ThrowStatement_ MethodInvocation_ BlockStatement_ StatementExpression_ MethodInvocation_ MethodInvocation_ IfStatement_ MethodInvocation_ MethodInvocation_ BlockStatement_ IfStatement_ BlockStatement_ StatementExpression_ MethodInvocation_ MethodInvocation_ StatementExpression_ MethodInvocation_ ForStatement_ VariableDeclaration_ MethodInvocation_ BlockStatement_ LocalVariableDeclaration_ MethodInvocation_ LocalVariableDeclaration_ MethodInvocation_ LocalVariableDeclaration_ MethodInvocation_ LocalVariableDeclaration_ MethodInvocation_ StatementExpression_ MethodInvocation_ MethodInvocation_ IfStatement_ BlockStatement_ LocalVariableDeclaration_ LocalVariableDeclaration_ MethodInvocation_ LocalVariableDeclaration_ MethodInvocation_ StatementExpression_ MethodInvocation_ MethodDeclaration_removeDir FormalParameter_d LocalVariableDeclaration_ MethodInvocation_ IfStatement_ StatementExpression_ ForStatement_ VariableDeclaration_ BlockStatement_ LocalVariableDeclaration_ LocalVariableDeclaration_ IfStatement_ MethodInvocation_ BlockStatement_ StatementExpression_ MethodInvocation_ BlockStatement_ StatementExpression_ MethodInvocation_ MethodInvocation_ IfStatement_ MethodInvocation_ BlockStatement_ ThrowStatement_ MethodInvocation_ StatementExpression_ MethodInvocation_ MethodInvocation_ IfStatement_ MethodInvocation_ BlockStatement_ ThrowStatement_ MethodInvocation_ MethodDeclaration_removeFiles FormalParameter_d FormalParameter_files FormalParameter_dirs IfStatement_ BlockStatement_ StatementExpression_ MethodInvocation_ MethodInvocation_ ForStatement_ VariableDeclaration_ BlockStatement_ LocalVariableDeclaration_ StatementExpression_ MethodInvocation_ MethodInvocation_ IfStatement_ MethodInvocation_ BlockStatement_ ThrowStatement_ MethodInvocation_ IfStatement_ BlockStatement_ LocalVariableDeclaration_ ForStatement_ VariableDeclaration_ BlockStatement_ LocalVariableDeclaration_ LocalVariableDeclaration_ MethodInvocation_ IfStatement_ BlockStatement_ StatementExpression_ MethodInvocation_ MethodInvocation_ IfStatement_ MethodInvocation_ BlockStatement_ ThrowStatement_ MethodInvocation_ BlockStatement_ StatementExpression_ IfStatement_ BlockStatement_ StatementExpression_ MethodInvocation_ MethodInvocation_,"package org apache tools ant taskdefs import org apache tools ant import org apache tools ant types import java io import java util public class Delete extends MatchingTask protected File file null protected File dir null protected Vector filesets new Vector protected boolean usedMatchingTask false protected boolean includeEmpty false private int verbosity Project MSG_VERBOSE private boolean quiet false public void setFile File file this file file public void setDir File dir this dir dir public void setVerbose boolean verbose if verbose this verbosity Project MSG_INFO else this verbosity Project MSG_VERBOSE public void setQuiet boolean quiet this quiet quiet public void setIncludeEmptyDirs boolean includeEmpty this includeEmpty includeEmpty public void addFileset FileSet set filesets addElement set public PatternSet NameEntry createInclude usedMatchingTask true return super createInclude public PatternSet NameEntry createExclude usedMatchingTask true return super createExclude public PatternSet createPatternSet usedMatchingTask true return super createPatternSet public void setIncludes String includes usedMatchingTask true super setIncludes includes public void setExcludes String excludes usedMatchingTask true super setExcludes excludes public void setDefaultexcludes boolean useDefaultExcludes usedMatchingTask true super setDefaultexcludes useDefaultExcludes public void setIncludesfile File includesfile usedMatchingTask true super setIncludesfile includesfile public void setExcludesfile File excludesfile usedMatchingTask true super setExcludesfile excludesfile public void execute throws BuildException if usedMatchingTask log ""DEPRECATED - Use of the implicit FileSet is deprecated.  Use a nested fileset element instead."" if file null dir null filesets size 0 throw new BuildException ""At least one of the file or dir attributes, or a fileset element, must be set."" if file null if file exists if file isDirectory log ""Directory "" file getAbsolutePath "" cannot be removed using the file attribute.  Use dir instead."" else log ""Deleting: "" file getAbsolutePath if file delete quiet throw new BuildException ""Unable to delete file "" file getAbsolutePath else log ""Could not find file "" file getAbsolutePath "" to delete."" if dir null dir exists dir isDirectory usedMatchingTask if verbosity Project MSG_VERBOSE log ""Deleting directory "" dir getAbsolutePath removeDir dir for int i 0 i filesets size i FileSet fs FileSet filesets elementAt i DirectoryScanner ds fs getDirectoryScanner project String files ds getIncludedFiles String dirs ds getIncludedDirectories removeFiles fs getDir project files dirs if usedMatchingTask dir null DirectoryScanner ds super getDirectoryScanner dir String files ds getIncludedFiles String dirs ds getIncludedDirectories removeFiles dir files dirs protected void removeDir File d String list d list if list null list new String 0 for int i 0 i list length i String s list i File f new File d s if f isDirectory removeDir f else log ""Deleting "" f getAbsolutePath verbosity if f delete quiet throw new BuildException ""Unable to delete file "" f getAbsolutePath log ""Deleting directory "" d getAbsolutePath verbosity if d delete quiet throw new BuildException ""Unable to delete directory "" dir getAbsolutePath protected void removeFiles File d String files String dirs if files length 0 log ""Deleting "" files length "" files from "" d getAbsolutePath for int j 0 j files length j File f new File d files j log ""Deleting "" f getAbsolutePath verbosity if f delete quiet throw new BuildException ""Unable to delete file "" f getAbsolutePath if dirs length 0 includeEmpty int dirCount 0 for int j 0 j dirs length j File dir new File d dirs j String dirFiles dir list if dirFiles null dirFiles length 0 log ""Deleting "" dir getAbsolutePath verbosity if dir delete quiet throw new BuildException ""Unable to delete directory "" dir getAbsolutePath else dirCount if dirCount 0 log ""Deleted "" dirCount "" director"" dirCount 1 ""y"" ""ies"" "" from "" d getAbsolutePath"
org.apache.tools.ant.taskdefs.SQLExec,23,3,0,10,96,175,1,10,19,0.886363636,1034,1.0,2,0.627118644,0.191304348,3,3,43.08695652,7,1.3043,0,PackageDeclaration_org.apache.tools.ant.taskdefs ClassDeclaration_SQLExec FieldDeclaration_ FieldDeclaration_ FieldDeclaration_ FieldDeclaration_ FieldDeclaration_ FieldDeclaration_ FieldDeclaration_ FieldDeclaration_ FieldDeclaration_ FieldDeclaration_ FieldDeclaration_ FieldDeclaration_ FieldDeclaration_ FieldDeclaration_ FieldDeclaration_ FieldDeclaration_ FieldDeclaration_ FieldDeclaration_ FieldDeclaration_ MethodDeclaration_setClasspath FormalParameter_classpath IfStatement_ BlockStatement_ StatementExpression_ BlockStatement_ StatementExpression_ MethodInvocation_ MethodDeclaration_createClasspath IfStatement_ BlockStatement_ StatementExpression_ ReturnStatement_ MethodInvocation_ MethodDeclaration_setClasspathRef FormalParameter_r StatementExpression_ MethodInvocation_ MethodInvocation_ MethodDeclaration_setSrc FormalParameter_srcFile StatementExpression_ MethodDeclaration_addText FormalParameter_sql StatementExpression_ MethodDeclaration_createTransaction LocalVariableDeclaration_ StatementExpression_ MethodInvocation_ ReturnStatement_ MethodDeclaration_setDriver FormalParameter_driver StatementExpression_ MethodDeclaration_setUrl FormalParameter_url StatementExpression_ MethodDeclaration_setUserid FormalParameter_userId StatementExpression_ MethodDeclaration_setPassword FormalParameter_password StatementExpression_ MethodDeclaration_setAutocommit FormalParameter_autocommit StatementExpression_ MethodDeclaration_setPrint FormalParameter_print StatementExpression_ MethodDeclaration_setShowheaders FormalParameter_showheaders StatementExpression_ MethodDeclaration_setOutput FormalParameter_output StatementExpression_ MethodDeclaration_setRdbms FormalParameter_vendor StatementExpression_ MethodInvocation_ MethodDeclaration_setVersion FormalParameter_version StatementExpression_ MethodInvocation_ MethodDeclaration_setOnerror FormalParameter_action StatementExpression_ MethodInvocation_ MethodDeclaration_execute StatementExpression_ MethodInvocation_ IfStatement_ MethodInvocation_ BlockStatement_ IfStatement_ MethodInvocation_ BlockStatement_ ThrowStatement_ BlockStatement_ LocalVariableDeclaration_ MethodInvocation_ StatementExpression_ MethodInvocation_ StatementExpression_ MethodInvocation_ IfStatement_ BlockStatement_ ThrowStatement_ IfStatement_ BlockStatement_ ThrowStatement_ IfStatement_ BlockStatement_ ThrowStatement_ IfStatement_ BlockStatement_ ThrowStatement_ IfStatement_ MethodInvocation_ BlockStatement_ ThrowStatement_ LocalVariableDeclaration_ TryStatement_ LocalVariableDeclaration_ IfStatement_ BlockStatement_ StatementExpression_ MethodInvocation_ StatementExpression_ StatementExpression_ MethodInvocation_ BlockStatement_ StatementExpression_ MethodInvocation_ StatementExpression_ MethodInvocation_ StatementExpression_ MethodInvocation_ CatchClause_ CatchClauseParameter_e ThrowStatement_ CatchClause_ CatchClauseParameter_e ThrowStatement_ CatchClause_ CatchClauseParameter_e ThrowStatement_ TryStatement_ StatementExpression_ MethodInvocation_ LocalVariableDeclaration_ StatementExpression_ MethodInvocation_ StatementExpression_ MethodInvocation_ StatementExpression_ MethodInvocation_ IfStatement_ BlockStatement_ ThrowStatement_ IfStatement_ MethodInvocation_ ReturnStatement_ StatementExpression_ MethodInvocation_ StatementExpression_ MethodInvocation_ LocalVariableDeclaration_ TryStatement_ IfStatement_ BlockStatement_ StatementExpression_ MethodInvocation_ StatementExpression_ ForStatement_ VariableDeclaration_ MethodInvocation_ MethodInvocation_ BlockStatement_ StatementExpression_ MethodInvocation_ IfStatement_ BlockStatement_ StatementExpression_ MethodInvocation_ StatementExpression_ MethodInvocation_ IfStatement_ BlockStatement_ StatementExpression_ MethodInvocation_ CatchClause_ CatchClauseParameter_e IfStatement_ MethodInvocation_ BlockStatement_ TryStatement_ StatementExpression_ MethodInvocation_ CatchClause_ CatchClauseParameter_ex ThrowStatement_ CatchClause_ CatchClauseParameter_e IfStatement_ MethodInvocation_ BlockStatement_ TryStatement_ StatementExpression_ MethodInvocation_ CatchClause_ CatchClauseParameter_ex ThrowStatement_ TryStatement_ IfStatement_ BlockStatement_ StatementExpression_ MethodInvocation_ IfStatement_ BlockStatement_ StatementExpression_ MethodInvocation_ CatchClause_ CatchClauseParameter_e StatementExpression_ MethodInvocation_ MethodDeclaration_runStatements FormalParameter_reader FormalParameter_out LocalVariableDeclaration_ LocalVariableDeclaration_ LocalVariableDeclaration_ TryStatement_ WhileStatement_ MethodInvocation_ BlockStatement_ IfStatement_ MethodInvocation_ MethodInvocation_ ContinueStatement_ IfStatement_ MethodInvocation_ MethodInvocation_ ContinueStatement_ StatementExpression_ StatementExpression_ MethodInvocation_ IfStatement_ MethodInvocation_ StatementExpression_ IfStatement_ MethodInvocation_ BlockStatement_ StatementExpression_ MethodInvocation_ StatementExpression_ MethodInvocation_ MethodInvocation_ MethodInvocation_ StatementExpression_ IfStatement_ MethodInvocation_ BlockStatement_ StatementExpression_ MethodInvocation_ CatchClause_ CatchClauseParameter_e ThrowStatement_ MethodDeclaration_isValidRdbms FormalParameter_conn IfStatement_ ReturnStatement_ TryStatement_ LocalVariableDeclaration_ MethodInvocation_ IfStatement_ BlockStatement_ LocalVariableDeclaration_ MethodInvocation_ MethodInvocation_ StatementExpression_ MethodInvocation_ IfStatement_ MethodInvocation_ BlockStatement_ StatementExpression_ MethodInvocation_ ReturnStatement_ IfStatement_ BlockStatement_ LocalVariableDeclaration_ MethodInvocation_ MethodInvocation_ StatementExpression_ MethodInvocation_ IfStatement_ MethodInvocation_ MethodInvocation_ BlockStatement_ StatementExpression_ MethodInvocation_ ReturnStatement_ CatchClause_ CatchClauseParameter_e StatementExpression_ MethodInvocation_ ReturnStatement_ ReturnStatement_ MethodDeclaration_execSQL FormalParameter_sql FormalParameter_out IfStatement_ MethodInvocation_ MethodInvocation_ ReturnStatement_ TryStatement_ StatementExpression_ IfStatement_ MethodInvocation_ BlockStatement_ StatementExpression_ MethodInvocation_ MethodInvocation_ IfStatement_ BlockStatement_ StatementExpression_ MethodInvocation_ LocalVariableDeclaration_ MethodInvocation_ WhileStatement_ BlockStatement_ StatementExpression_ MethodInvocation_ StatementExpression_ MethodInvocation_ StatementExpression_ MethodInvocation_ StatementExpression_ CatchClause_ CatchClauseParameter_e StatementExpression_ MethodInvocation_ IfStatement_ MethodInvocation_ ThrowStatement_ StatementExpression_ MethodInvocation_ MethodInvocation_ MethodDeclaration_printResults FormalParameter_out LocalVariableDeclaration_ DoStatement_ MethodInvocation_ BlockStatement_ StatementExpression_ MethodInvocation_ IfStatement_ BlockStatement_ StatementExpression_ MethodInvocation_ LocalVariableDeclaration_ MethodInvocation_ LocalVariableDeclaration_ MethodInvocation_ LocalVariableDeclaration_ IfStatement_ BlockStatement_ ForStatement_ VariableDeclaration_ BlockStatement_ StatementExpression_ MethodInvocation_ MethodInvocation_ StatementExpression_ MethodInvocation_ StatementExpression_ MethodInvocation_ MethodInvocation_ StatementExpression_ MethodInvocation_ StatementExpression_ MethodInvocation_ WhileStatement_ MethodInvocation_ BlockStatement_ LocalVariableDeclaration_ ForStatement_ VariableDeclaration_ BlockStatement_ LocalVariableDeclaration_ MethodInvocation_ IfStatement_ BlockStatement_ StatementExpression_ MethodInvocation_ IfStatement_ BlockStatement_ StatementExpression_ BlockStatement_ StatementExpression_ MethodInvocation_ StatementExpression_ MethodInvocation_ StatementExpression_ MethodInvocation_ StatementExpression_ MethodInvocation_ StatementExpression_ MethodInvocation_ ClassDeclaration_OnError MethodDeclaration_getValues ReturnStatement_ ClassDeclaration_Transaction FieldDeclaration_ FieldDeclaration_ MethodDeclaration_setSrc FormalParameter_src StatementExpression_ MethodDeclaration_addText FormalParameter_sql StatementExpression_ MethodDeclaration_runTransaction FormalParameter_out IfStatement_ MethodInvocation_ BlockStatement_ StatementExpression_ MethodInvocation_ StatementExpression_ MethodInvocation_ IfStatement_ BlockStatement_ StatementExpression_ MethodInvocation_ MethodInvocation_ LocalVariableDeclaration_ StatementExpression_ MethodInvocation_ StatementExpression_ MethodInvocation_,"package org apache tools ant taskdefs import org apache tools ant import org apache tools ant types import java io import java util Enumeration import java util StringTokenizer import java util Vector import java util Properties import java util zip import java sql public class SQLExec extends Task private int goodSql 0 totalSql 0 private Path classpath private AntClassLoader loader private Connection conn null private boolean autocommit false private Statement statement null private String driver null private String url null private String userId null private String password null private File srcFile null private String sqlCommand """" private Vector transactions new Vector private boolean print false private boolean showheaders true private File output null private String rdbms null private String version null private String onError ""abort"" public void setClasspath Path classpath if this classpath null this classpath classpath else this classpath append classpath public Path createClasspath if this classpath null this classpath new Path project return this classpath createPath public void setClasspathRef Reference r createClasspath setRefid r public void setSrc File srcFile this srcFile srcFile public void addText String sql this sqlCommand sql public Transaction createTransaction Transaction t new Transaction transactions addElement t return t public void setDriver String driver this driver driver public void setUrl String url this url url public void setUserid String userId this userId userId public void setPassword String password this password password public void setAutocommit boolean autocommit this autocommit autocommit public void setPrint boolean print this print print public void setShowheaders boolean showheaders this showheaders showheaders public void setOutput File output this output output public void setRdbms String vendor this rdbms vendor toLowerCase public void setVersion String version this version version toLowerCase public void setOnerror OnError action this onError action getValue public void execute throws BuildException sqlCommand sqlCommand trim if srcFile null sqlCommand length 0 if transactions size 0 throw new BuildException ""Source file, transactions or sql statement must be set!"" location else Transaction t createTransaction t setSrc srcFile t addText sqlCommand if driver null throw new BuildException ""Driver attribute must be set!"" location if userId null throw new BuildException ""User Id attribute must be set!"" location if password null throw new BuildException ""Password attribute must be set!"" location if url null throw new BuildException ""Url attribute must be set!"" location if srcFile null srcFile exists throw new BuildException ""Source file does not exist!"" location Driver driverInstance null try Class dc if classpath null log ""Loading "" driver "" using AntClassLoader with classpath "" classpath Project MSG_VERBOSE loader new AntClassLoader project classpath false dc loader loadClass driver else log ""Loading "" driver "" using system loader."" Project MSG_VERBOSE dc Class forName driver driverInstance Driver dc newInstance catch ClassNotFoundException e throw new BuildException ""Class Not Found: JDBC driver "" driver "" could not be loaded"" location catch IllegalAccessException e throw new BuildException ""Illegal Access: JDBC driver "" driver "" could not be loaded"" location catch InstantiationException e throw new BuildException ""Instantiation Exception: JDBC driver "" driver "" could not be loaded"" location try log ""connecting to "" url Project MSG_VERBOSE Properties info new Properties info put ""user"" userId info put ""password"" password conn driverInstance connect url info if conn null throw new SQLException ""No suitable Driver for "" url if isValidRdbms conn return conn setAutoCommit autocommit statement conn createStatement PrintStream out System out try if output null log ""Opening PrintStream to output file "" output Project MSG_VERBOSE out new PrintStream new BufferedOutputStream new FileOutputStream output for Enumeration e transactions elements e hasMoreElements Transaction e nextElement runTransaction out if autocommit log ""Commiting transaction"" Project MSG_VERBOSE conn commit finally if out null out System out out close catch IOException e if autocommit conn null onError equals ""abort"" try conn rollback catch SQLException ex throw new BuildException e location catch SQLException e if autocommit conn null onError equals ""abort"" try conn rollback catch SQLException ex throw new BuildException e location finally try if statement null statement close if conn null conn close catch SQLException e log goodSql "" of "" totalSql "" SQL statements executed successfully"" protected void runStatements Reader reader PrintStream out throws SQLException IOException String sql """" String line """" BufferedReader in new BufferedReader reader try while line in readLine null if line trim startsWith ""//"" continue if line trim startsWith ""--"" continue sql "" "" line sql sql trim if line indexOf ""--"" 0 sql ""\n"" if sql endsWith "";"" log ""SQL: "" sql Project MSG_VERBOSE execSQL sql substring 0 sql length 1 out sql """" if sql equals """" execSQL sql out catch SQLException e throw e protected boolean isValidRdbms Connection conn if rdbms null version null return true try DatabaseMetaData dmd conn getMetaData if rdbms null String theVendor dmd getDatabaseProductName toLowerCase log ""RDBMS = "" theVendor Project MSG_VERBOSE if theVendor null theVendor indexOf rdbms 0 log ""Not the required RDBMS: "" rdbms Project MSG_VERBOSE return false if version null String theVersion dmd getDatabaseProductVersion toLowerCase log ""Version = "" theVersion Project MSG_VERBOSE if theVersion null theVersion startsWith version theVersion indexOf "" "" version 0 log ""Not the required version: \"""" version ""\"""" Project MSG_VERBOSE return false catch SQLException e log ""Failed to obtain required RDBMS information"" Project MSG_ERR return false return true protected void execSQL String sql PrintStream out throws SQLException if """" equals sql trim return try totalSql if statement execute sql log statement getUpdateCount "" rows affected"" Project MSG_VERBOSE if print printResults out SQLWarning warning conn getWarnings while warning null log warning "" sql warning"" Project MSG_VERBOSE warning warning getNextWarning conn clearWarnings goodSql catch SQLException e log ""Failed to execute: "" sql Project MSG_ERR if onError equals ""continue"" throw e log e toString Project MSG_ERR protected void printResults PrintStream out throws java sql SQLException ResultSet rs null do rs statement getResultSet if rs null log ""Processing new result set."" Project MSG_VERBOSE ResultSetMetaData md rs getMetaData int columnCount md getColumnCount StringBuffer line new StringBuffer if showheaders for int col 1 col columnCount col line append md getColumnName col line append "","" line append md getColumnName columnCount out println line line setLength 0 while rs next boolean first true for int col 1 col columnCount col String columnValue rs getString col if columnValue null columnValue columnValue trim if first first false else line append "","" line append columnValue out println line line setLength 0 while statement getMoreResults out println public static class OnError extends EnumeratedAttribute public String getValues return new String ""continue"" ""stop"" ""abort"" public class Transaction private File tSrcFile null private String tSqlCommand """" public void setSrc File src this tSrcFile src public void addText String sql this tSqlCommand sql private void runTransaction PrintStream out throws IOException SQLException if tSqlCommand length 0 log ""Executing commands"" Project MSG_INFO runStatements new StringReader tSqlCommand out if tSrcFile null log ""Executing file: "" tSrcFile getAbsolutePath Project MSG_INFO FileReader reader new FileReader tSrcFile runStatements reader out reader close"
org.apache.tools.ant.taskdefs.Javac,42,4,1,19,74,741,7,13,40,0.948350072,550,1.0,4,0.655462185,0.210884354,3,3,11.69047619,2,1.2143,0,PackageDeclaration_org.apache.tools.ant.taskdefs ClassDeclaration_Javac FieldDeclaration_ FieldDeclaration_ FieldDeclaration_ FieldDeclaration_ FieldDeclaration_ FieldDeclaration_ FieldDeclaration_ FieldDeclaration_ FieldDeclaration_ FieldDeclaration_ FieldDeclaration_ FieldDeclaration_ FieldDeclaration_ FieldDeclaration_ FieldDeclaration_ FieldDeclaration_ FieldDeclaration_ MethodDeclaration_createSrc IfStatement_ BlockStatement_ StatementExpression_ ReturnStatement_ MethodInvocation_ MethodDeclaration_setSrcdir FormalParameter_srcDir IfStatement_ BlockStatement_ StatementExpression_ BlockStatement_ StatementExpression_ MethodInvocation_ MethodDeclaration_getSrcdir ReturnStatement_ MethodDeclaration_setDestdir FormalParameter_destDir StatementExpression_ MethodDeclaration_getDestdir ReturnStatement_ MethodDeclaration_setClasspath FormalParameter_classpath IfStatement_ BlockStatement_ StatementExpression_ BlockStatement_ StatementExpression_ MethodInvocation_ MethodDeclaration_getClasspath ReturnStatement_ MethodDeclaration_createClasspath IfStatement_ BlockStatement_ StatementExpression_ ReturnStatement_ MethodInvocation_ MethodDeclaration_setClasspathRef FormalParameter_r StatementExpression_ MethodInvocation_ MethodInvocation_ MethodDeclaration_setBootclasspath FormalParameter_bootclasspath IfStatement_ BlockStatement_ StatementExpression_ BlockStatement_ StatementExpression_ MethodInvocation_ MethodDeclaration_getBootclasspath ReturnStatement_ MethodDeclaration_createBootclasspath IfStatement_ BlockStatement_ StatementExpression_ ReturnStatement_ MethodInvocation_ MethodDeclaration_setBootClasspathRef FormalParameter_r StatementExpression_ MethodInvocation_ MethodInvocation_ MethodDeclaration_setExtdirs FormalParameter_extdirs IfStatement_ BlockStatement_ StatementExpression_ BlockStatement_ StatementExpression_ MethodInvocation_ MethodDeclaration_getExtdirs ReturnStatement_ MethodDeclaration_createExtdirs IfStatement_ BlockStatement_ StatementExpression_ ReturnStatement_ MethodInvocation_ MethodDeclaration_setFailonerror FormalParameter_fail StatementExpression_ MethodDeclaration_setProceed FormalParameter_proceed StatementExpression_ MethodDeclaration_getFailonerror ReturnStatement_ MethodDeclaration_setDeprecation FormalParameter_deprecation StatementExpression_ MethodDeclaration_getDeprecation ReturnStatement_ MethodDeclaration_setEncoding FormalParameter_encoding StatementExpression_ MethodDeclaration_getEncoding ReturnStatement_ MethodDeclaration_setDebug FormalParameter_debug StatementExpression_ MethodDeclaration_getDebug ReturnStatement_ MethodDeclaration_setOptimize FormalParameter_optimize StatementExpression_ MethodDeclaration_getOptimize ReturnStatement_ MethodDeclaration_setDepend FormalParameter_depend StatementExpression_ MethodDeclaration_getDepend ReturnStatement_ MethodDeclaration_setVerbose FormalParameter_verbose StatementExpression_ MethodDeclaration_getVerbose ReturnStatement_ MethodDeclaration_setTarget FormalParameter_target StatementExpression_ MethodDeclaration_getTarget ReturnStatement_ MethodDeclaration_setIncludeantruntime FormalParameter_include StatementExpression_ MethodDeclaration_getIncludeantruntime ReturnStatement_ MethodDeclaration_setIncludejavaruntime FormalParameter_include StatementExpression_ MethodDeclaration_getIncludejavaruntime ReturnStatement_ MethodDeclaration_execute IfStatement_ BlockStatement_ ThrowStatement_ LocalVariableDeclaration_ MethodInvocation_ IfStatement_ BlockStatement_ ThrowStatement_ IfStatement_ MethodInvocation_ BlockStatement_ ThrowStatement_ StatementExpression_ MethodInvocation_ ForStatement_ VariableDeclaration_ BlockStatement_ LocalVariableDeclaration_ MethodInvocation_ IfStatement_ MethodInvocation_ BlockStatement_ ThrowStatement_ MethodInvocation_ LocalVariableDeclaration_ MethodInvocation_ LocalVariableDeclaration_ MethodInvocation_ StatementExpression_ MethodInvocation_ LocalVariableDeclaration_ MethodInvocation_ IfStatement_ BlockStatement_ IfStatement_ MethodInvocation_ MethodInvocation_ BlockStatement_ StatementExpression_ BlockStatement_ StatementExpression_ IfStatement_ BlockStatement_ LocalVariableDeclaration_ MethodInvocation_ StatementExpression_ MethodInvocation_ StatementExpression_ MethodInvocation_ IfStatement_ MethodInvocation_ BlockStatement_ IfStatement_ BlockStatement_ ThrowStatement_ BlockStatement_ StatementExpression_ MethodInvocation_ MethodDeclaration_resetFileLists StatementExpression_ MethodDeclaration_scanDir FormalParameter_srcDir FormalParameter_destDir FormalParameter_files LocalVariableDeclaration_ StatementExpression_ MethodInvocation_ StatementExpression_ MethodInvocation_ LocalVariableDeclaration_ LocalVariableDeclaration_ MethodInvocation_ IfStatement_ BlockStatement_ LocalVariableDeclaration_ StatementExpression_ MethodInvocation_ StatementExpression_ MethodInvocation_ StatementExpression_ MethodDeclaration_getFileList ReturnStatement_,"package org apache tools ant taskdefs import org apache tools ant BuildException import org apache tools ant DirectoryScanner import org apache tools ant Project import org apache tools ant types import org apache tools ant util import org apache tools ant taskdefs compilers import java io File public class Javac extends MatchingTask private static final String FAIL_MSG ""Compile failed, messages should have been provided."" private Path src private File destDir private Path compileClasspath private String encoding private boolean debug false private boolean optimize false private boolean deprecation false private boolean depend false private boolean verbose false private String target private Path bootclasspath private Path extdirs private boolean includeAntRuntime true private boolean includeJavaRuntime false protected boolean failOnError true protected File compileList new File 0 public Path createSrc if src null src new Path project return src createPath public void setSrcdir Path srcDir if src null src srcDir else src append srcDir public Path getSrcdir return src public void setDestdir File destDir this destDir destDir public File getDestdir return destDir public void setClasspath Path classpath if compileClasspath null compileClasspath classpath else compileClasspath append classpath public Path getClasspath return compileClasspath public Path createClasspath if compileClasspath null compileClasspath new Path project return compileClasspath createPath public void setClasspathRef Reference r createClasspath setRefid r public void setBootclasspath Path bootclasspath if this bootclasspath null this bootclasspath bootclasspath else this bootclasspath append bootclasspath public Path getBootclasspath return bootclasspath public Path createBootclasspath if bootclasspath null bootclasspath new Path project return bootclasspath createPath public void setBootClasspathRef Reference r createBootclasspath setRefid r public void setExtdirs Path extdirs if this extdirs null this extdirs extdirs else this extdirs append extdirs public Path getExtdirs return extdirs public Path createExtdirs if extdirs null extdirs new Path project return extdirs createPath public void setFailonerror boolean fail failOnError fail public void setProceed boolean proceed failOnError proceed public boolean getFailonerror return failOnError public void setDeprecation boolean deprecation this deprecation deprecation public boolean getDeprecation return deprecation public void setEncoding String encoding this encoding encoding public String getEncoding return encoding public void setDebug boolean debug this debug debug public boolean getDebug return debug public void setOptimize boolean optimize this optimize optimize public boolean getOptimize return optimize public void setDepend boolean depend this depend depend public boolean getDepend return depend public void setVerbose boolean verbose this verbose verbose public boolean getVerbose return verbose public void setTarget String target this target target public String getTarget return target public void setIncludeantruntime boolean include includeAntRuntime include public boolean getIncludeantruntime return includeAntRuntime public void setIncludejavaruntime boolean include includeJavaRuntime include public boolean getIncludejavaruntime return includeJavaRuntime public void execute throws BuildException if src null throw new BuildException ""srcdir attribute must be set!"" location String list src list if list length 0 throw new BuildException ""srcdir attribute must be set!"" location if destDir null destDir isDirectory throw new BuildException ""destination directory \"""" destDir ""\"" does not exist or is not a directory"" location resetFileLists for int i 0 i list length i File srcDir File project resolveFile list i if srcDir exists throw new BuildException ""srcdir \"""" srcDir getPath ""\"" does not exist!"" location DirectoryScanner ds this getDirectoryScanner srcDir String files ds getIncludedFiles scanDir srcDir destDir null destDir srcDir files String compiler project getProperty ""build.compiler"" if compiler null if Project getJavaVersion startsWith ""1.3"" compiler ""modern"" else compiler ""classic"" if compileList length 0 CompilerAdapter adapter CompilerAdapterFactory getCompiler compiler this log ""Compiling "" compileList length "" source file"" compileList length 1 """" ""s"" destDir null "" to "" destDir """" adapter setJavac this if adapter execute if failOnError throw new BuildException FAIL_MSG location else log FAIL_MSG Project MSG_ERR protected void resetFileLists compileList new File 0 protected void scanDir File srcDir File destDir String files GlobPatternMapper m new GlobPatternMapper m setFrom ""*.java"" m setTo ""*.class"" SourceFileScanner sfs new SourceFileScanner this File newFiles sfs restrictAsFiles files srcDir destDir m if newFiles length 0 File newCompileList new File compileList length newFiles length System arraycopy compileList 0 newCompileList 0 compileList length System arraycopy newFiles 0 newCompileList compileList length newFiles length compileList newCompileList public File getFileList return compileList"
org.apache.tools.ant.util.RegexpPatternMapper,5,1,0,4,20,0,0,4,4,0.333333333,144,1.0,1,0.0,0.9,0,0,27.2,5,2.2,0,PackageDeclaration_org.apache.tools.ant.util ClassDeclaration_RegexpPatternMapper FieldDeclaration_ FieldDeclaration_ FieldDeclaration_ ConstructorDeclaration_RegexpPatternMapper StatementExpression_ MethodInvocation_ MethodDeclaration_setFrom FormalParameter_from TryStatement_ StatementExpression_ MethodInvocation_ CatchClause_ CatchClauseParameter_e ThrowStatement_ MethodDeclaration_setTo FormalParameter_to StatementExpression_ MethodInvocation_ MethodDeclaration_mapFileName FormalParameter_sourceFileName IfStatement_ MethodInvocation_ BlockStatement_ ReturnStatement_ ReturnStatement_ MethodInvocation_ MethodDeclaration_replaceReferences FormalParameter_source LocalVariableDeclaration_ MethodInvocation_ StatementExpression_ MethodInvocation_ ForStatement_ VariableDeclaration_ BlockStatement_ IfStatement_ BlockStatement_ IfStatement_ BlockStatement_ LocalVariableDeclaration_ MethodInvocation_ IfStatement_ BlockStatement_ StatementExpression_ MethodInvocation_ MethodInvocation_ BlockStatement_ StatementExpression_ MethodInvocation_ BlockStatement_ StatementExpression_ MethodInvocation_ BlockStatement_ StatementExpression_ MethodInvocation_ ReturnStatement_ MethodInvocation_,"package org apache tools ant util import org apache tools ant BuildException import org apache tools ant util regexp RegexpMatcher import org apache tools ant util regexp RegexpMatcherFactory import java util Enumeration import java util Vector public class RegexpPatternMapper implements FileNameMapper protected RegexpMatcher reg null protected char to null protected StringBuffer result new StringBuffer public RegexpPatternMapper throws BuildException reg new RegexpMatcherFactory newRegexpMatcher public void setFrom String from throws BuildException try reg setPattern from catch NoClassDefFoundError e throw new BuildException ""Cannot load regular expression matcher"" e public void setTo String to this to to toCharArray public String mapFileName String sourceFileName if reg null to null reg matches sourceFileName return null return new String replaceReferences sourceFileName protected String replaceReferences String source Vector v reg getGroups source result setLength 0 for int i 0 i to length i if to i '\\' if i to length int value Character digit to i 10 if value 1 result append String v elementAt value else result append to i else result append '\\' else result append to i return result toString"
org.apache.tools.ant.taskdefs.Exit,3,3,0,2,6,1,0,2,3,0.5,29,1.0,0,0.948717949,0.666666667,0,0,8.333333333,1,0.6667,0,PackageDeclaration_org.apache.tools.ant.taskdefs ClassDeclaration_Exit FieldDeclaration_ MethodDeclaration_setMessage FormalParameter_value StatementExpression_ MethodDeclaration_execute IfStatement_ MethodInvocation_ BlockStatement_ ThrowStatement_ BlockStatement_ ThrowStatement_,"package org apache tools ant taskdefs import org apache tools ant public class Exit extends Task private String message public void setMessage String value this message value public void execute throws BuildException if message null message length 0 throw new BuildException message else throw new BuildException ""No message"""
org.apache.tools.ant.BuildListener,7,1,0,6,7,21,5,1,7,2.0,7,0.0,0,0.0,1.0,0,0,0.0,1,1.0,0,PackageDeclaration_org.apache.tools.ant InterfaceDeclaration_BuildListener MethodDeclaration_buildStarted FormalParameter_event MethodDeclaration_buildFinished FormalParameter_event MethodDeclaration_targetStarted FormalParameter_event MethodDeclaration_targetFinished FormalParameter_event MethodDeclaration_taskStarted FormalParameter_event MethodDeclaration_taskFinished FormalParameter_event MethodDeclaration_messageLogged FormalParameter_event,package org apache tools ant import java util EventListener public interface BuildListener extends EventListener public void buildStarted BuildEvent event public void buildFinished BuildEvent event public void targetStarted BuildEvent event public void targetFinished BuildEvent event public void taskStarted BuildEvent event public void taskFinished BuildEvent event public void messageLogged BuildEvent event
org.apache.tools.ant.util.FileNameMapper,3,1,0,15,3,3,15,0,3,2.0,3,0.0,0,0.0,1.0,0,0,0.0,1,1.0,0,PackageDeclaration_org.apache.tools.ant.util InterfaceDeclaration_FileNameMapper MethodDeclaration_setFrom FormalParameter_from MethodDeclaration_setTo FormalParameter_to MethodDeclaration_mapFileName FormalParameter_sourceFileName,package org apache tools ant util public interface FileNameMapper public void setFrom String from public void setTo String to public String mapFileName String sourceFileName
org.apache.tools.ant.types.Mapper,11,3,0,11,37,11,3,8,10,0.683333333,285,1.0,3,0.75,0.287878788,1,1,24.36363636,3,1.9091,0,PackageDeclaration_org.apache.tools.ant.types ClassDeclaration_Mapper FieldDeclaration_ FieldDeclaration_ ConstructorDeclaration_Mapper FormalParameter_p StatementExpression_ MethodDeclaration_setType FormalParameter_type IfStatement_ MethodInvocation_ BlockStatement_ ThrowStatement_ MethodInvocation_ StatementExpression_ FieldDeclaration_ MethodDeclaration_setClassname FormalParameter_classname IfStatement_ MethodInvocation_ BlockStatement_ ThrowStatement_ MethodInvocation_ StatementExpression_ FieldDeclaration_ MethodDeclaration_setClasspath FormalParameter_classpath IfStatement_ MethodInvocation_ BlockStatement_ ThrowStatement_ MethodInvocation_ IfStatement_ BlockStatement_ StatementExpression_ BlockStatement_ StatementExpression_ MethodInvocation_ MethodDeclaration_createClasspath IfStatement_ MethodInvocation_ BlockStatement_ ThrowStatement_ MethodInvocation_ IfStatement_ BlockStatement_ StatementExpression_ ReturnStatement_ MethodInvocation_ MethodDeclaration_setClasspathRef FormalParameter_r IfStatement_ MethodInvocation_ BlockStatement_ ThrowStatement_ MethodInvocation_ StatementExpression_ MethodInvocation_ MethodInvocation_ FieldDeclaration_ MethodDeclaration_setFrom FormalParameter_from IfStatement_ MethodInvocation_ BlockStatement_ ThrowStatement_ MethodInvocation_ StatementExpression_ FieldDeclaration_ MethodDeclaration_setTo FormalParameter_to IfStatement_ MethodInvocation_ BlockStatement_ ThrowStatement_ MethodInvocation_ StatementExpression_ MethodDeclaration_setRefid FormalParameter_r IfStatement_ BlockStatement_ ThrowStatement_ MethodInvocation_ StatementExpression_ MethodDeclaration_getImplementation IfStatement_ MethodInvocation_ BlockStatement_ ReturnStatement_ MethodInvocation_ MethodInvocation_ IfStatement_ BlockStatement_ ThrowStatement_ IfStatement_ BlockStatement_ ThrowStatement_ TryStatement_ IfStatement_ BlockStatement_ StatementExpression_ MethodInvocation_ LocalVariableDeclaration_ IfStatement_ BlockStatement_ StatementExpression_ MethodInvocation_ BlockStatement_ LocalVariableDeclaration_ StatementExpression_ MethodInvocation_ LocalVariableDeclaration_ MethodInvocation_ StatementExpression_ MethodInvocation_ StatementExpression_ MethodInvocation_ ReturnStatement_ CatchClause_ CatchClauseParameter_be ThrowStatement_ CatchClause_ CatchClauseParameter_t ThrowStatement_ IfStatement_ BlockStatement_ StatementExpression_ MethodDeclaration_getRef IfStatement_ BlockStatement_ LocalVariableDeclaration_ StatementExpression_ MethodInvocation_ StatementExpression_ MethodInvocation_ LocalVariableDeclaration_ MethodInvocation_ IfStatement_ BlockStatement_ LocalVariableDeclaration_ MethodInvocation_ ThrowStatement_ BlockStatement_ ReturnStatement_ ClassDeclaration_MapperType FieldDeclaration_ ConstructorDeclaration_MapperType StatementExpression_ StatementExpression_ MethodInvocation_ StatementExpression_ MethodInvocation_ StatementExpression_ MethodInvocation_ StatementExpression_ MethodInvocation_ StatementExpression_ MethodInvocation_ MethodDeclaration_getValues ReturnStatement_ MethodDeclaration_getImplementation ReturnStatement_ MethodInvocation_ MethodInvocation_,"package org apache tools ant types import org apache tools ant AntClassLoader import org apache tools ant BuildException import org apache tools ant Project import org apache tools ant util import java util Properties import java util Stack public class Mapper extends DataType protected Project p protected MapperType type null public Mapper Project p this p p public void setType MapperType type if isReference throw tooManyAttributes this type type protected String classname null public void setClassname String classname if isReference throw tooManyAttributes this classname classname protected Path classpath null public void setClasspath Path classpath if isReference throw tooManyAttributes if this classpath null this classpath classpath else this classpath append classpath public Path createClasspath if isReference throw noChildrenAllowed if this classpath null this classpath new Path p return this classpath createPath public void setClasspathRef Reference r if isReference throw tooManyAttributes createClasspath setRefid r protected String from null public void setFrom String from if isReference throw tooManyAttributes this from from protected String to null public void setTo String to if isReference throw tooManyAttributes this to to public void setRefid Reference r throws BuildException if type null from null to null throw tooManyAttributes super setRefid r public FileNameMapper getImplementation throws BuildException if isReference return getRef getImplementation if type null classname null throw new BuildException ""one of the attributes type or classname is required"" if type null classname null throw new BuildException ""must not specify both type and classname attribute"" try if type null classname type getImplementation Class c null if classpath null c Class forName classname else AntClassLoader al new AntClassLoader p classpath c al loadClass classname FileNameMapper m FileNameMapper c newInstance m setFrom from m setTo to return m catch BuildException be throw be catch Throwable t throw new BuildException t finally if type null classname null protected Mapper getRef if checked Stack stk new Stack stk push this dieOnCircularReference stk p Object o ref getReferencedObject p if o instanceof Mapper String msg ref getRefId "" doesn\'t denote a mapper"" throw new BuildException msg else return Mapper o public static class MapperType extends EnumeratedAttribute private Properties implementations public MapperType implementations new Properties implementations put ""identity"" ""org.apache.tools.ant.util.IdentityMapper"" implementations put ""flatten"" ""org.apache.tools.ant.util.FlatFileNameMapper"" implementations put ""glob"" ""org.apache.tools.ant.util.GlobPatternMapper"" implementations put ""merge"" ""org.apache.tools.ant.util.MergingMapper"" implementations put ""regexp"" ""org.apache.tools.ant.util.RegexpPatternMapper"" public String getValues return new String ""identity"" ""flatten"" ""glob"" ""merge"" ""regexp"" public String getImplementation return implementations getProperty getValue"
org.apache.tools.ant.Location,5,1,0,51,10,8,51,0,3,0.3125,69,0.75,1,0.0,0.583333333,0,0,12.0,3,0.6,0,PackageDeclaration_org.apache.tools.ant ClassDeclaration_Location FieldDeclaration_ FieldDeclaration_ FieldDeclaration_ FieldDeclaration_ ConstructorDeclaration_Location StatementExpression_ ConstructorDeclaration_Location FormalParameter_fileName StatementExpression_ ConstructorDeclaration_Location FormalParameter_fileName FormalParameter_lineNumber FormalParameter_columnNumber StatementExpression_ StatementExpression_ StatementExpression_ MethodDeclaration_toString LocalVariableDeclaration_ IfStatement_ BlockStatement_ StatementExpression_ MethodInvocation_ IfStatement_ BlockStatement_ StatementExpression_ MethodInvocation_ StatementExpression_ MethodInvocation_ StatementExpression_ MethodInvocation_ ReturnStatement_ MethodInvocation_,"package org apache tools ant public class Location private String fileName private int lineNumber private int columnNumber public static final Location UNKNOWN_LOCATION new Location private Location this null 0 0 public Location String fileName this fileName 0 0 public Location String fileName int lineNumber int columnNumber this fileName fileName this lineNumber lineNumber this columnNumber columnNumber public String toString StringBuffer buf new StringBuffer if fileName null buf append fileName if lineNumber 0 buf append "":"" buf append lineNumber buf append "": "" return buf toString"
org.apache.tools.ant.taskdefs.GUnzip,4,3,0,4,32,2,0,4,4,0.666666667,215,1.0,0,0.925,0.75,1,1,52.25,1,0.75,0,PackageDeclaration_org.apache.tools.ant.taskdefs ClassDeclaration_GUnzip FieldDeclaration_ FieldDeclaration_ MethodDeclaration_setSrc FormalParameter_src StatementExpression_ MethodInvocation_ MethodDeclaration_setDest FormalParameter_dest StatementExpression_ MethodInvocation_ MethodDeclaration_execute IfStatement_ BlockStatement_ ThrowStatement_ IfStatement_ MethodInvocation_ BlockStatement_ ThrowStatement_ IfStatement_ MethodInvocation_ BlockStatement_ ThrowStatement_ IfStatement_ BlockStatement_ StatementExpression_ MethodInvocation_ IfStatement_ MethodInvocation_ BlockStatement_ LocalVariableDeclaration_ MethodInvocation_ LocalVariableDeclaration_ MethodInvocation_ IfStatement_ MethodInvocation_ MethodInvocation_ BlockStatement_ StatementExpression_ MethodInvocation_ BlockStatement_ StatementExpression_ IfStatement_ MethodInvocation_ MethodInvocation_ BlockStatement_ StatementExpression_ MethodInvocation_ MethodInvocation_ MethodInvocation_ LocalVariableDeclaration_ LocalVariableDeclaration_ TryStatement_ StatementExpression_ StatementExpression_ LocalVariableDeclaration_ LocalVariableDeclaration_ DoStatement_ BlockStatement_ StatementExpression_ MethodInvocation_ StatementExpression_ MethodInvocation_ CatchClause_ CatchClauseParameter_ioe LocalVariableDeclaration_ MethodInvocation_ ThrowStatement_ IfStatement_ BlockStatement_ TryStatement_ StatementExpression_ MethodInvocation_ CatchClause_ CatchClauseParameter_ioex IfStatement_ BlockStatement_ TryStatement_ StatementExpression_ MethodInvocation_ CatchClause_ CatchClauseParameter_ioex,"package org apache tools ant taskdefs import org apache tools ant import java io import java util zip public class GUnzip extends Task private File source private File dest public void setSrc String src source project resolveFile src public void setDest String dest this dest project resolveFile dest public void execute throws BuildException if source null throw new BuildException ""No source for gunzip specified"" location if source exists throw new BuildException ""source doesn't exist"" location if source isDirectory throw new BuildException ""Cannot expand a directory"" location if dest null dest new File source getParent if dest isDirectory String sourceName source getName int len sourceName length if len 3 "".gz"" equalsIgnoreCase sourceName substring len 3 dest new File dest sourceName substring 0 len 3 else dest new File dest sourceName if source lastModified dest lastModified log ""Expanding "" source getAbsolutePath "" to "" dest getAbsolutePath FileOutputStream out null GZIPInputStream zIn null try out new FileOutputStream dest zIn new GZIPInputStream new FileInputStream source byte buffer new byte 8 1024 int count 0 do out write buffer 0 count count zIn read buffer 0 buffer length while count 1 catch IOException ioe String msg ""Problem expanding gzip "" ioe getMessage throw new BuildException msg ioe location finally if out null try out close catch IOException ioex if zIn null try zIn close catch IOException ioex"
org.apache.tools.ant.BuildEvent,11,2,0,7,15,13,5,3,11,0.75,97,1.0,3,0.2,0.220779221,0,0,7.272727273,1,0.7273,0,PackageDeclaration_org.apache.tools.ant ClassDeclaration_BuildEvent FieldDeclaration_ FieldDeclaration_ FieldDeclaration_ FieldDeclaration_ FieldDeclaration_ FieldDeclaration_ ConstructorDeclaration_BuildEvent FormalParameter_project StatementExpression_ StatementExpression_ StatementExpression_ StatementExpression_ ConstructorDeclaration_BuildEvent FormalParameter_target StatementExpression_ StatementExpression_ MethodInvocation_ StatementExpression_ StatementExpression_ ConstructorDeclaration_BuildEvent FormalParameter_task StatementExpression_ StatementExpression_ MethodInvocation_ StatementExpression_ MethodInvocation_ StatementExpression_ MethodDeclaration_setMessage FormalParameter_message FormalParameter_priority StatementExpression_ StatementExpression_ MethodDeclaration_setException FormalParameter_exception StatementExpression_ MethodDeclaration_getProject ReturnStatement_ MethodDeclaration_getTarget ReturnStatement_ MethodDeclaration_getTask ReturnStatement_ MethodDeclaration_getMessage ReturnStatement_ MethodDeclaration_getPriority ReturnStatement_ MethodDeclaration_getException ReturnStatement_,package org apache tools ant import java util EventObject public class BuildEvent extends EventObject private Project project private Target target private Task task private String message private int priority Project MSG_VERBOSE private Throwable exception public BuildEvent Project project super project this project project this target null this task null public BuildEvent Target target super target this project target getProject this target target this task null public BuildEvent Task task super task this project task getProject this target task getOwningTarget this task task public void setMessage String message int priority this message message this priority priority public void setException Throwable exception this exception exception public Project getProject return project public Target getTarget return target public Task getTask return task public String getMessage return message public int getPriority return priority public Throwable getException return exception
org.apache.tools.ant.taskdefs.JavacOutputStream,4,2,0,1,11,0,0,1,1,0.222222222,68,1.0,1,0.625,0.5,1,1,15.25,2,1.0,0,PackageDeclaration_org.apache.tools.ant.taskdefs ClassDeclaration_JavacOutputStream FieldDeclaration_ FieldDeclaration_ FieldDeclaration_ ConstructorDeclaration_JavacOutputStream FormalParameter_task StatementExpression_ StatementExpression_ MethodDeclaration_write FormalParameter_c LocalVariableDeclaration_ IfStatement_ BlockStatement_ IfStatement_ MethodInvocation_ BlockStatement_ StatementExpression_ MethodInvocation_ BlockStatement_ StatementExpression_ MethodInvocation_ MethodDeclaration_processLine LocalVariableDeclaration_ MethodInvocation_ IfStatement_ MethodInvocation_ BlockStatement_ StatementExpression_ StatementExpression_ MethodInvocation_ StatementExpression_ MethodDeclaration_getErrorFlag ReturnStatement_,"package org apache tools ant taskdefs import org apache tools ant import java io class JavacOutputStream extends OutputStream private Task task private StringBuffer line private boolean errorFlag false JavacOutputStream Task task this task task line new StringBuffer public void write int c throws IOException char cc char c if cc '\r' cc '\n' if line length 0 processLine else line append cc private void processLine String s line toString if s indexOf ""error"" 1 errorFlag true task log s line new StringBuffer boolean getErrorFlag return errorFlag"
org.apache.tools.ant.types.Reference,5,1,0,16,12,4,14,2,5,0.25,55,1.0,0,0.0,0.533333333,0,0,9.8,1,0.6,0,PackageDeclaration_org.apache.tools.ant.types ClassDeclaration_Reference FieldDeclaration_ ConstructorDeclaration_Reference StatementExpression_ ConstructorDeclaration_Reference FormalParameter_id StatementExpression_ StatementExpression_ MethodInvocation_ MethodDeclaration_setRefId FormalParameter_id StatementExpression_ MethodDeclaration_getRefId ReturnStatement_ MethodDeclaration_getReferencedObject FormalParameter_project IfStatement_ BlockStatement_ ThrowStatement_ LocalVariableDeclaration_ MethodInvocation_ MethodInvocation_ IfStatement_ BlockStatement_ ThrowStatement_ ReturnStatement_,"package org apache tools ant types import org apache tools ant Project import org apache tools ant BuildException public class Reference private String refid public Reference super public Reference String id this setRefId id public void setRefId String id refid id public String getRefId return refid public Object getReferencedObject Project project throws BuildException if refid null throw new BuildException ""No reference specified"" Object o project getReferences get refid if o null throw new BuildException ""Reference "" refid "" not found."" return o"
org.apache.tools.ant.taskdefs.Tar,8,4,0,12,65,2,0,12,6,0.916666667,583,0.166666667,0,0.917647059,0.333333333,3,3,70.375,3,1.25,0,PackageDeclaration_org.apache.tools.ant.taskdefs ClassDeclaration_Tar FieldDeclaration_ FieldDeclaration_ FieldDeclaration_ FieldDeclaration_ FieldDeclaration_ FieldDeclaration_ FieldDeclaration_ FieldDeclaration_ FieldDeclaration_ FieldDeclaration_ FieldDeclaration_ FieldDeclaration_ MethodDeclaration_createTarFileSet LocalVariableDeclaration_ StatementExpression_ MethodInvocation_ ReturnStatement_ MethodDeclaration_setTarfile FormalParameter_tarFile StatementExpression_ MethodDeclaration_setBasedir FormalParameter_baseDir StatementExpression_ MethodDeclaration_setLongfile FormalParameter_mode ForStatement_ VariableDeclaration_ BlockStatement_ IfStatement_ MethodInvocation_ BlockStatement_ StatementExpression_ ReturnStatement_ ThrowStatement_ MethodDeclaration_execute IfStatement_ BlockStatement_ ThrowStatement_ IfStatement_ MethodInvocation_ MethodInvocation_ BlockStatement_ ThrowStatement_ IfStatement_ MethodInvocation_ MethodInvocation_ BlockStatement_ ThrowStatement_ IfStatement_ BlockStatement_ IfStatement_ MethodInvocation_ BlockStatement_ ThrowStatement_ LocalVariableDeclaration_ StatementExpression_ MethodInvocation_ StatementExpression_ MethodInvocation_ StatementExpression_ MethodInvocation_ IfStatement_ MethodInvocation_ BlockStatement_ ThrowStatement_ LocalVariableDeclaration_ ForStatement_ VariableDeclaration_ MethodInvocation_ MethodInvocation_ BlockStatement_ LocalVariableDeclaration_ MethodInvocation_ LocalVariableDeclaration_ MethodInvocation_ IfStatement_ MethodInvocation_ BlockStatement_ StatementExpression_ ForStatement_ VariableDeclaration_ BlockStatement_ IfStatement_ MethodInvocation_ MethodInvocation_ BlockStatement_ ThrowStatement_ IfStatement_ BlockStatement_ StatementExpression_ MethodInvocation_ MethodInvocation_ ReturnStatement_ StatementExpression_ MethodInvocation_ MethodInvocation_ LocalVariableDeclaration_ TryStatement_ StatementExpression_ StatementExpression_ MethodInvocation_ IfStatement_ MethodInvocation_ BlockStatement_ StatementExpression_ MethodInvocation_ IfStatement_ MethodInvocation_ MethodInvocation_ BlockStatement_ StatementExpression_ MethodInvocation_ BlockStatement_ StatementExpression_ MethodInvocation_ StatementExpression_ ForStatement_ VariableDeclaration_ MethodInvocation_ MethodInvocation_ BlockStatement_ LocalVariableDeclaration_ MethodInvocation_ LocalVariableDeclaration_ MethodInvocation_ ForStatement_ VariableDeclaration_ BlockStatement_ LocalVariableDeclaration_ LocalVariableDeclaration_ MethodInvocation_ StatementExpression_ MethodInvocation_ CatchClause_ CatchClauseParameter_ioe LocalVariableDeclaration_ MethodInvocation_ ThrowStatement_ IfStatement_ BlockStatement_ TryStatement_ StatementExpression_ MethodInvocation_ CatchClause_ CatchClauseParameter_e MethodDeclaration_tarFile FormalParameter_file FormalParameter_tOut FormalParameter_vPath FormalParameter_tarFileSet LocalVariableDeclaration_ TryStatement_ IfStatement_ MethodInvocation_ BlockStatement_ IfStatement_ MethodInvocation_ BlockStatement_ StatementExpression_ MethodInvocation_ ReturnStatement_ IfStatement_ MethodInvocation_ BlockStatement_ StatementExpression_ MethodInvocation_ IfStatement_ BlockStatement_ StatementExpression_ MethodInvocation_ StatementExpression_ IfStatement_ MethodInvocation_ BlockStatement_ ThrowStatement_ LocalVariableDeclaration_ StatementExpression_ MethodInvocation_ MethodInvocation_ StatementExpression_ MethodInvocation_ MethodInvocation_ IfStatement_ MethodInvocation_ BlockStatement_ StatementExpression_ MethodInvocation_ MethodInvocation_ StatementExpression_ MethodInvocation_ MethodInvocation_ StatementExpression_ MethodInvocation_ MethodInvocation_ StatementExpression_ MethodInvocation_ LocalVariableDeclaration_ LocalVariableDeclaration_ DoStatement_ BlockStatement_ StatementExpression_ MethodInvocation_ StatementExpression_ MethodInvocation_ StatementExpression_ MethodInvocation_ StatementExpression_ MethodInvocation_ MethodDeclaration_archiveIsUpToDate FormalParameter_files LocalVariableDeclaration_ LocalVariableDeclaration_ StatementExpression_ MethodInvocation_ MethodInvocation_ ReturnStatement_ MethodInvocation_ ClassDeclaration_TarFileSet FieldDeclaration_ FieldDeclaration_ FieldDeclaration_ FieldDeclaration_ ConstructorDeclaration_TarFileSet FormalParameter_fileset StatementExpression_ ConstructorDeclaration_TarFileSet StatementExpression_ MethodDeclaration_getFiles FormalParameter_p IfStatement_ BlockStatement_ LocalVariableDeclaration_ MethodInvocation_ StatementExpression_ MethodInvocation_ ReturnStatement_ MethodDeclaration_setMode FormalParameter_octalString StatementExpression_ MethodInvocation_ MethodDeclaration_getMode ReturnStatement_ MethodDeclaration_setUserName FormalParameter_userName StatementExpression_ MethodDeclaration_getUserName ReturnStatement_ MethodDeclaration_setGroup FormalParameter_groupName StatementExpression_ MethodDeclaration_getGroup ReturnStatement_,"package org apache tools ant taskdefs import java io import java util import org apache tools ant import org apache tools ant util import org apache tools tar import org apache tools ant types public class Tar extends MatchingTask static public final String WARN ""warn"" static public final String FAIL ""fail"" static public final String TRUNCATE ""truncate"" static public final String GNU ""gnu"" static public final String OMIT ""omit"" private String validModes new String WARN FAIL TRUNCATE GNU OMIT File tarFile File baseDir String longFileMode WARN Vector filesets new Vector Vector fileSetFiles new Vector private boolean longWarningGiven false public TarFileSet createTarFileSet TarFileSet fileset new TarFileSet filesets addElement fileset return fileset public void setTarfile File tarFile this tarFile tarFile public void setBasedir File baseDir this baseDir baseDir public void setLongfile String mode for int i 0 i validModes length i if mode equalsIgnoreCase validModes i this longFileMode mode return throw new BuildException ""The longfile value "" mode "" is not a valid value"" public void execute throws BuildException if tarFile null throw new BuildException ""tarfile attribute must be set!"" location if tarFile exists tarFile isDirectory throw new BuildException ""tarfile is a directory!"" location if tarFile exists tarFile canWrite throw new BuildException ""Can not write to the specified tarfile!"" location if baseDir null if baseDir exists throw new BuildException ""basedir does not exist!"" location TarFileSet mainFileSet new TarFileSet fileset mainFileSet setDir baseDir mainFileSet setDefaultexcludes useDefaultExcludes filesets addElement mainFileSet if filesets size 0 throw new BuildException ""You must supply either a basdir attribute or some nested filesets."" location boolean upToDate true for Enumeration e filesets elements e hasMoreElements TarFileSet fs TarFileSet e nextElement String files fs getFiles project if archiveIsUpToDate files upToDate false for int i 0 i files length i if tarFile equals new File fs getDir project files i throw new BuildException ""A tar file cannot include itself"" location if upToDate log ""Nothing to do: "" tarFile getAbsolutePath "" is up to date."" Project MSG_INFO return log ""Building tar: "" tarFile getAbsolutePath Project MSG_INFO TarOutputStream tOut null try tOut new TarOutputStream new FileOutputStream tarFile tOut setDebug true if longFileMode equalsIgnoreCase TRUNCATE tOut setLongFileMode TarOutputStream LONGFILE_TRUNCATE else if longFileMode equalsIgnoreCase FAIL longFileMode equalsIgnoreCase OMIT tOut setLongFileMode TarOutputStream LONGFILE_ERROR else tOut setLongFileMode TarOutputStream LONGFILE_GNU longWarningGiven false for Enumeration e filesets elements e hasMoreElements TarFileSet fs TarFileSet e nextElement String files fs getFiles project for int i 0 i files length i File f new File baseDir files i String name files i replace File separatorChar '/' tarFile f tOut name fs catch IOException ioe String msg ""Problem creating TAR: "" ioe getMessage throw new BuildException msg ioe location finally if tOut null try tOut close catch IOException e protected void tarFile File file TarOutputStream tOut String vPath TarFileSet tarFileSet throws IOException FileInputStream fIn new FileInputStream file try if vPath length TarConstants NAMELEN if longFileMode equalsIgnoreCase OMIT log ""Omitting: "" vPath Project MSG_INFO return else if longFileMode equalsIgnoreCase WARN log ""Entry: "" vPath "" longer than "" TarConstants NAMELEN "" characters."" Project MSG_WARN if longWarningGiven log ""Resulting tar file can only be processed successfully"" "" by GNU compatible tar commands"" Project MSG_WARN longWarningGiven true else if longFileMode equalsIgnoreCase FAIL throw new BuildException ""Entry: "" vPath "" longer than "" TarConstants NAMELEN ""characters."" location TarEntry te new TarEntry vPath te setSize file length te setModTime file lastModified if file isDirectory te setMode tarFileSet getMode te setUserName tarFileSet getUserName te setGroupName tarFileSet getGroup tOut putNextEntry te byte buffer new byte 8 1024 int count 0 do tOut write buffer 0 count count fIn read buffer 0 buffer length while count 1 tOut closeEntry finally fIn close protected boolean archiveIsUpToDate String files SourceFileScanner sfs new SourceFileScanner this MergingMapper mm new MergingMapper mm setTo tarFile getAbsolutePath return sfs restrict files baseDir null mm length 0 static public class TarFileSet extends FileSet private String files null private int mode 0100644 private String userName """" private String groupName """" public TarFileSet FileSet fileset super fileset public TarFileSet super public String getFiles Project p if files null DirectoryScanner ds getDirectoryScanner p files ds getIncludedFiles return files public void setMode String octalString this mode 0100000 Integer parseInt octalString 8 public int getMode return mode public void setUserName String userName this userName userName public String getUserName return userName public void setGroup String groupName this groupName groupName public String getGroup return groupName"
org.apache.tools.ant.taskdefs.XSLTProcess,13,4,0,7,55,30,1,7,10,0.802083333,590,1.0,1,0.866666667,0.5,2,2,43.76923077,1,0.9231,0,PackageDeclaration_org.apache.tools.ant.taskdefs ClassDeclaration_XSLTProcess FieldDeclaration_ FieldDeclaration_ FieldDeclaration_ FieldDeclaration_ FieldDeclaration_ FieldDeclaration_ FieldDeclaration_ FieldDeclaration_ ConstructorDeclaration_XSLTProcess MethodDeclaration_execute LocalVariableDeclaration_ LocalVariableDeclaration_ LocalVariableDeclaration_ IfStatement_ BlockStatement_ StatementExpression_ MethodInvocation_ IfStatement_ BlockStatement_ LocalVariableDeclaration_ ThrowStatement_ StatementExpression_ MethodInvocation_ StatementExpression_ MethodInvocation_ IfStatement_ BlockStatement_ TryStatement_ StatementExpression_ MethodInvocation_ CatchClause_ CatchClauseParameter_e1 TryStatement_ StatementExpression_ MethodInvocation_ CatchClause_ CatchClauseParameter_e2 TryStatement_ StatementExpression_ MethodInvocation_ CatchClause_ CatchClauseParameter_e3 ThrowStatement_ StatementExpression_ MethodInvocation_ MethodInvocation_ MethodInvocation_ LocalVariableDeclaration_ IfStatement_ BlockStatement_ TryStatement_ LocalVariableDeclaration_ MethodInvocation_ StatementExpression_ MethodInvocation_ StatementExpression_ MethodInvocation_ StatementExpression_ MethodInvocation_ MethodInvocation_ ForStatement_ VariableDeclaration_ MethodInvocation_ MethodInvocation_ BlockStatement_ LocalVariableDeclaration_ MethodInvocation_ StatementExpression_ MethodInvocation_ MethodInvocation_ MethodInvocation_ CatchClause_ CatchClauseParameter_ex StatementExpression_ MethodInvocation_ ThrowStatement_ IfStatement_ BlockStatement_ StatementExpression_ MethodInvocation_ ReturnStatement_ StatementExpression_ MethodInvocation_ ForStatement_ VariableDeclaration_ BlockStatement_ StatementExpression_ MethodInvocation_ StatementExpression_ MethodInvocation_ ForStatement_ VariableDeclaration_ BlockStatement_ StatementExpression_ MethodInvocation_ ForStatement_ VariableDeclaration_ StatementExpression_ MethodInvocation_ MethodDeclaration_setBasedir FormalParameter_dir StatementExpression_ MethodDeclaration_setDestdir FormalParameter_dir StatementExpression_ MethodDeclaration_setExtension FormalParameter_name StatementExpression_ MethodDeclaration_setStyle FormalParameter_xslFile StatementExpression_ MethodDeclaration_setProcessor FormalParameter_processor IfStatement_ MethodInvocation_ BlockStatement_ LocalVariableDeclaration_ MethodInvocation_ StatementExpression_ MethodInvocation_ IfStatement_ MethodInvocation_ BlockStatement_ LocalVariableDeclaration_ MethodInvocation_ StatementExpression_ MethodInvocation_ IfStatement_ MethodInvocation_ BlockStatement_ LocalVariableDeclaration_ MethodInvocation_ StatementExpression_ MethodInvocation_ BlockStatement_ StatementExpression_ MethodInvocation_ MethodInvocation_ MethodDeclaration_setOut FormalParameter_outFile StatementExpression_ MethodDeclaration_setIn FormalParameter_inFile StatementExpression_ MethodDeclaration_process FormalParameter_baseDir FormalParameter_xmlFile FormalParameter_destDir FormalParameter_styleSheetLastModified LocalVariableDeclaration_ LocalVariableDeclaration_ LocalVariableDeclaration_ TryStatement_ StatementExpression_ LocalVariableDeclaration_ MethodInvocation_ IfStatement_ BlockStatement_ StatementExpression_ MethodInvocation_ MethodInvocation_ BlockStatement_ StatementExpression_ IfStatement_ MethodInvocation_ MethodInvocation_ MethodInvocation_ BlockStatement_ StatementExpression_ MethodInvocation_ StatementExpression_ MethodInvocation_ StatementExpression_ MethodInvocation_ MethodInvocation_ MethodInvocation_ CatchClause_ CatchClauseParameter_ex StatementExpression_ MethodInvocation_ IfStatement_ BlockStatement_ StatementExpression_ MethodInvocation_ ThrowStatement_ MethodDeclaration_process FormalParameter_inFile FormalParameter_outFile FormalParameter_styleSheetLastModified TryStatement_ StatementExpression_ MethodInvocation_ MethodInvocation_ StatementExpression_ MethodInvocation_ MethodInvocation_ StatementExpression_ MethodInvocation_ IfStatement_ MethodInvocation_ MethodInvocation_ MethodInvocation_ BlockStatement_ StatementExpression_ MethodInvocation_ StatementExpression_ MethodInvocation_ StatementExpression_ MethodInvocation_ MethodInvocation_ MethodInvocation_ CatchClause_ CatchClauseParameter_ex StatementExpression_ MethodInvocation_ IfStatement_ StatementExpression_ MethodInvocation_ ThrowStatement_ MethodDeclaration_ensureDirectoryFor FormalParameter_targetFile LocalVariableDeclaration_ MethodInvocation_ IfStatement_ MethodInvocation_ BlockStatement_ IfStatement_ MethodInvocation_ BlockStatement_ ThrowStatement_ MethodInvocation_ MethodDeclaration_createParam LocalVariableDeclaration_ StatementExpression_ MethodInvocation_ ReturnStatement_ ClassDeclaration_Param FieldDeclaration_ FieldDeclaration_ MethodDeclaration_setName FormalParameter_name StatementExpression_ MethodDeclaration_setExpression FormalParameter_expression StatementExpression_ MethodDeclaration_getName IfStatement_ ThrowStatement_ ReturnStatement_ MethodDeclaration_getExpression IfStatement_ ThrowStatement_ ReturnStatement_,"package org apache tools ant taskdefs import java io import java util Enumeration import java util Hashtable import java util StringTokenizer import java util Vector import org apache tools ant public class XSLTProcess extends MatchingTask private File destDir null private File baseDir null private File xslFile null private String targetExtension "".html"" private Vector params new Vector private File inFile null private File outFile null private XSLTLiaison liaison public XSLTProcess public void execute throws BuildException DirectoryScanner scanner String list String dirs if baseDir null baseDir project resolveFile ""."" if destDir null String msg ""destdir attributes must be set!"" throw new BuildException msg scanner getDirectoryScanner baseDir log ""Transforming into "" destDir Project MSG_INFO if liaison null try setProcessor ""trax"" catch Throwable e1 try setProcessor ""xslp"" catch Throwable e2 try setProcessor ""xalan"" catch Throwable e3 throw new BuildException e1 log ""Using "" liaison getClass toString Project MSG_VERBOSE long styleSheetLastModified 0 if xslFile null try File file new File baseDir xslFile toString styleSheetLastModified file lastModified log ""Loading stylesheet "" file Project MSG_INFO liaison setStylesheet file toString for Enumeration e params elements e hasMoreElements Param p Param e nextElement liaison addParam p getName p getExpression catch Exception ex log ""Failed to read stylesheet "" xslFile Project MSG_INFO throw new BuildException ex if inFile null outFile null process inFile outFile styleSheetLastModified return list scanner getIncludedFiles for int i 0 i list length i process baseDir list i destDir styleSheetLastModified dirs scanner getIncludedDirectories for int j 0 j dirs length j list new File baseDir dirs j list for int i 0 i list length i process baseDir list i destDir styleSheetLastModified public void setBasedir File dir baseDir dir public void setDestdir File dir destDir dir public void setExtension String name targetExtension name public void setStyle String xslFile this xslFile new File xslFile public void setProcessor String processor throws Exception if processor equals ""trax"" final Class clazz Class forName ""org.apache.tools.ant.taskdefs.optional.TraXLiaison"" liaison XSLTLiaison clazz newInstance else if processor equals ""xslp"" final Class clazz Class forName ""org.apache.tools.ant.taskdefs.optional.XslpLiaison"" liaison XSLTLiaison clazz newInstance else if processor equals ""xalan"" final Class clazz Class forName ""org.apache.tools.ant.taskdefs.optional.XalanLiaison"" liaison XSLTLiaison clazz newInstance else liaison XSLTLiaison Class forName processor newInstance public void setOut File outFile this outFile outFile public void setIn File inFile this inFile inFile private void process File baseDir String xmlFile File destDir long styleSheetLastModified throws BuildException String fileExt targetExtension File outFile null File inFile null try inFile new File baseDir xmlFile int dotPos xmlFile lastIndexOf '.' if dotPos 0 outFile new File destDir xmlFile substring 0 xmlFile lastIndexOf '.' fileExt else outFile new File destDir xmlFile fileExt if inFile lastModified outFile lastModified styleSheetLastModified outFile lastModified ensureDirectoryFor outFile log ""Transforming into "" destDir liaison transform inFile toString outFile toString catch Exception ex log ""Failed to process "" inFile Project MSG_INFO if outFile null outFile delete throw new BuildException ex private void process File inFile File outFile long styleSheetLastModified throws BuildException try log ""In file "" inFile "" time: "" inFile lastModified Project MSG_DEBUG log ""Out file "" outFile "" time: "" outFile lastModified Project MSG_DEBUG log ""Style file "" xslFile "" time: "" styleSheetLastModified Project MSG_DEBUG if inFile lastModified outFile lastModified styleSheetLastModified outFile lastModified ensureDirectoryFor outFile log ""Processing "" inFile "" to "" outFile Project MSG_INFO liaison transform inFile toString outFile toString catch Exception ex log ""Failed to process "" inFile Project MSG_INFO if outFile null outFile delete throw new BuildException ex private void ensureDirectoryFor File targetFile throws BuildException File directory new File targetFile getParent if directory exists if directory mkdirs throw new BuildException ""Unable to create directory: "" directory getAbsolutePath public Param createParam Param p new Param params addElement p return p public class Param private String name null private String expression null public void setName String name this name name public void setExpression String expression this expression expression public String getName throws BuildException if name null throw new BuildException ""Name attribute is missing."" return name public String getExpression throws BuildException if expression null throw new BuildException ""Expression attribute is missing."" return expression"
org.apache.tools.ant.taskdefs.KeySubst,8,3,0,3,40,10,0,3,8,0.714285714,271,1.0,0,0.840909091,0.40625,1,1,32.375,4,1.25,0,PackageDeclaration_org.apache.tools.ant.taskdefs ClassDeclaration_KeySubst FieldDeclaration_ FieldDeclaration_ FieldDeclaration_ FieldDeclaration_ MethodDeclaration_execute StatementExpression_ MethodInvocation_ StatementExpression_ MethodInvocation_ IfStatement_ BlockStatement_ StatementExpression_ MethodInvocation_ ReturnStatement_ LocalVariableDeclaration_ LocalVariableDeclaration_ TryStatement_ StatementExpression_ StatementExpression_ MethodInvocation_ StatementExpression_ LocalVariableDeclaration_ LocalVariableDeclaration_ LocalVariableDeclaration_ StatementExpression_ MethodInvocation_ WhileStatement_ BlockStatement_ IfStatement_ MethodInvocation_ BlockStatement_ StatementExpression_ MethodInvocation_ BlockStatement_ StatementExpression_ MethodInvocation_ StatementExpression_ MethodInvocation_ StatementExpression_ MethodInvocation_ StatementExpression_ MethodInvocation_ StatementExpression_ MethodInvocation_ StatementExpression_ MethodInvocation_ StatementExpression_ MethodInvocation_ CatchClause_ CatchClauseParameter_ioe StatementExpression_ MethodInvocation_ MethodDeclaration_setSrc FormalParameter_s StatementExpression_ MethodInvocation_ MethodDeclaration_setDest FormalParameter_dest StatementExpression_ MethodInvocation_ MethodDeclaration_setSep FormalParameter_sep StatementExpression_ MethodDeclaration_setKeys FormalParameter_keys IfStatement_ MethodInvocation_ BlockStatement_ LocalVariableDeclaration_ WhileStatement_ MethodInvocation_ BlockStatement_ LocalVariableDeclaration_ MethodInvocation_ MethodInvocation_ LocalVariableDeclaration_ LocalVariableDeclaration_ MethodInvocation_ LocalVariableDeclaration_ MethodInvocation_ StatementExpression_ MethodInvocation_ MethodDeclaration_main FormalParameter_args TryStatement_ LocalVariableDeclaration_ StatementExpression_ MethodInvocation_ StatementExpression_ MethodInvocation_ StatementExpression_ MethodInvocation_ MethodInvocation_ CatchClause_ CatchClauseParameter_e StatementExpression_ MethodInvocation_ MethodDeclaration_replace FormalParameter_origString FormalParameter_keys LocalVariableDeclaration_ LocalVariableDeclaration_ LocalVariableDeclaration_ LocalVariableDeclaration_ WhileStatement_ MethodInvocation_ BlockStatement_ StatementExpression_ MethodInvocation_ MethodInvocation_ StatementExpression_ MethodInvocation_ MethodInvocation_ IfStatement_ MethodInvocation_ BlockStatement_ StatementExpression_ MethodInvocation_ MethodInvocation_ BlockStatement_ StatementExpression_ MethodInvocation_ StatementExpression_ MethodInvocation_ StatementExpression_ MethodInvocation_ StatementExpression_ MethodInvocation_ StatementExpression_ MethodInvocation_ MethodInvocation_ ReturnStatement_ MethodInvocation_,"package org apache tools ant taskdefs import org apache tools ant import java io import java util public class KeySubst extends Task private File source null private File dest null private String sep ""*"" private Hashtable replacements new Hashtable public void execute throws BuildException log ""!! KeySubst is deprecated. Use Filter + CopyDir instead. !!"" log ""Performing Substitions"" if source null dest null log ""Source and destinations must not be null"" return BufferedReader br null BufferedWriter bw null try br new BufferedReader new FileReader source dest delete bw new BufferedWriter new FileWriter dest String line null String newline null int length line br readLine while line null if line length 0 bw newLine else newline KeySubst replace line replacements bw write newline bw newLine line br readLine bw flush bw close br close catch IOException ioe ioe printStackTrace public void setSrc String s this source project resolveFile s public void setDest String dest this dest project resolveFile dest public void setSep String sep this sep sep public void setKeys String keys if keys null keys length 0 StringTokenizer tok new StringTokenizer keys this sep false while tok hasMoreTokens String token tok nextToken trim StringTokenizer itok new StringTokenizer token ""="" false String name itok nextToken String value itok nextToken replacements put name value public static void main String args try Hashtable hash new Hashtable hash put ""VERSION"" ""1.0.3"" hash put ""b"" ""ffff"" System out println KeySubst replace ""$f ${VERSION} f ${b} jj $"" hash catch Exception e e printStackTrace public static String replace String origString Hashtable keys throws BuildException StringBuffer finalString new StringBuffer int index 0 int i 0 String key null while index origString indexOf ""${"" i 1 key origString substring index 2 origString indexOf ""}"" index 3 finalString append origString substring i index if keys containsKey key finalString append keys get key else finalString append ""${"" finalString append key finalString append ""}"" i index 3 key length finalString append origString substring i return finalString toString"
org.apache.tools.ant.taskdefs.ExecuteJava,6,1,0,7,26,0,1,6,6,0.65,185,1.0,3,0.0,0.305555556,0,0,29.16666667,1,0.8333,0,PackageDeclaration_org.apache.tools.ant.taskdefs ClassDeclaration_ExecuteJava FieldDeclaration_ FieldDeclaration_ FieldDeclaration_ FieldDeclaration_ MethodDeclaration_setJavaCommand FormalParameter_javaCommand StatementExpression_ MethodDeclaration_setClasspath FormalParameter_p StatementExpression_ MethodDeclaration_setSystemProperties FormalParameter_s StatementExpression_ MethodDeclaration_setOutput FormalParameter_out StatementExpression_ MethodDeclaration_execute FormalParameter_project LocalVariableDeclaration_ LocalVariableDeclaration_ LocalVariableDeclaration_ MethodInvocation_ LocalVariableDeclaration_ MethodInvocation_ TryStatement_ IfStatement_ BlockStatement_ StatementExpression_ MethodInvocation_ IfStatement_ BlockStatement_ StatementExpression_ MethodInvocation_ StatementExpression_ MethodInvocation_ LocalVariableDeclaration_ MethodInvocation_ LocalVariableDeclaration_ IfStatement_ BlockStatement_ StatementExpression_ MethodInvocation_ BlockStatement_ LocalVariableDeclaration_ StatementExpression_ MethodInvocation_ StatementExpression_ MethodInvocation_ LocalVariableDeclaration_ MethodInvocation_ StatementExpression_ MethodInvocation_ CatchClause_ CatchClauseParameter_e ThrowStatement_ CatchClause_ CatchClauseParameter_e ThrowStatement_ CatchClause_ CatchClauseParameter_e LocalVariableDeclaration_ MethodInvocation_ IfStatement_ BlockStatement_ ThrowStatement_ CatchClause_ CatchClauseParameter_e ThrowStatement_ IfStatement_ BlockStatement_ StatementExpression_ MethodInvocation_ IfStatement_ BlockStatement_ StatementExpression_ MethodInvocation_ StatementExpression_ MethodInvocation_ StatementExpression_ MethodInvocation_,"package org apache tools ant taskdefs import org apache tools ant AntClassLoader import org apache tools ant BuildException import org apache tools ant Project import org apache tools ant types Commandline import org apache tools ant types CommandlineJava import org apache tools ant types Path import java lang reflect InvocationTargetException import java lang reflect Method import java io public class ExecuteJava private Commandline javaCommand null private Path classpath null private CommandlineJava SysProperties sysProperties null private PrintStream out public void setJavaCommand Commandline javaCommand this javaCommand javaCommand public void setClasspath Path p classpath p public void setSystemProperties CommandlineJava SysProperties s sysProperties s public void setOutput PrintStream out this out out public void execute Project project throws BuildException PrintStream sOut System out PrintStream sErr System err final String classname javaCommand getExecutable final Object argument javaCommand getArguments try if sysProperties null sysProperties setSystem if out null System setErr out System setOut out final Class param Class forName ""[Ljava.lang.String;"" Class target null if classpath null target Class forName classname else AntClassLoader loader new AntClassLoader project classpath false loader setIsolated true target loader forceLoadClass classname final Method main target getMethod ""main"" param main invoke null argument catch NullPointerException e throw new BuildException ""Could not find main() method in "" classname catch ClassNotFoundException e throw new BuildException ""Could not find "" classname "". Make sure you have it in your classpath"" catch InvocationTargetException e Throwable t e getTargetException if t instanceof SecurityException throw new BuildException t catch Exception e throw new BuildException e finally if sysProperties null sysProperties restoreSystem if out null System setOut sOut System setErr sErr out close"
org.apache.tools.ant.util.regexp.RegexpMatcher,4,1,0,5,4,6,4,1,4,2.0,4,0.0,0,0.0,0.875,0,0,0.0,1,1.0,0,PackageDeclaration_org.apache.tools.ant.util.regexp InterfaceDeclaration_RegexpMatcher MethodDeclaration_setPattern FormalParameter_pattern MethodDeclaration_getPattern MethodDeclaration_matches FormalParameter_argument MethodDeclaration_getGroups FormalParameter_argument,package org apache tools ant util regexp import org apache tools ant BuildException import java util Vector public interface RegexpMatcher public void setPattern String pattern throws BuildException public String getPattern public boolean matches String argument public Vector getGroups String argument
org.apache.tools.ant.taskdefs.FixCRLF,8,4,0,7,34,6,0,7,8,0.761904762,626,1.0,0,0.917647059,0.4375,2,2,76.5,3,1.625,3,PackageDeclaration_org.apache.tools.ant.taskdefs ClassDeclaration_FixCRLF FieldDeclaration_ FieldDeclaration_ FieldDeclaration_ FieldDeclaration_ FieldDeclaration_ FieldDeclaration_ ConstructorDeclaration_FixCRLF IfStatement_ MethodInvocation_ MethodInvocation_ BlockStatement_ StatementExpression_ StatementExpression_ BlockStatement_ StatementExpression_ StatementExpression_ MethodDeclaration_setSrcdir FormalParameter_srcDir StatementExpression_ MethodDeclaration_setDestdir FormalParameter_destDir StatementExpression_ MethodDeclaration_setCr FormalParameter_attr LocalVariableDeclaration_ MethodInvocation_ IfStatement_ MethodInvocation_ BlockStatement_ StatementExpression_ IfStatement_ MethodInvocation_ BlockStatement_ StatementExpression_ BlockStatement_ StatementExpression_ MethodDeclaration_setTab FormalParameter_attr LocalVariableDeclaration_ MethodInvocation_ IfStatement_ MethodInvocation_ BlockStatement_ StatementExpression_ IfStatement_ MethodInvocation_ BlockStatement_ StatementExpression_ BlockStatement_ StatementExpression_ MethodDeclaration_setTablength FormalParameter_tlength IfStatement_ BlockStatement_ ThrowStatement_ StatementExpression_ MethodDeclaration_setEof FormalParameter_attr LocalVariableDeclaration_ MethodInvocation_ IfStatement_ MethodInvocation_ BlockStatement_ StatementExpression_ IfStatement_ MethodInvocation_ BlockStatement_ StatementExpression_ BlockStatement_ StatementExpression_ MethodDeclaration_execute IfStatement_ BlockStatement_ ThrowStatement_ IfStatement_ MethodInvocation_ BlockStatement_ ThrowStatement_ IfStatement_ MethodInvocation_ BlockStatement_ ThrowStatement_ IfStatement_ BlockStatement_ IfStatement_ MethodInvocation_ BlockStatement_ ThrowStatement_ IfStatement_ MethodInvocation_ BlockStatement_ ThrowStatement_ StatementExpression_ MethodInvocation_ LocalVariableDeclaration_ LocalVariableDeclaration_ MethodInvocation_ ForStatement_ VariableDeclaration_ BlockStatement_ LocalVariableDeclaration_ LocalVariableDeclaration_ MethodInvocation_ LocalVariableDeclaration_ TryStatement_ LocalVariableDeclaration_ StatementExpression_ MethodInvocation_ StatementExpression_ MethodInvocation_ CatchClause_ CatchClauseParameter_e ThrowStatement_ LocalVariableDeclaration_ LocalVariableDeclaration_ LocalVariableDeclaration_ ForStatement_ VariableDeclaration_ BlockStatement_ LocalVariableDeclaration_ IfStatement_ StatementExpression_ IfStatement_ StatementExpression_ IfStatement_ StatementExpression_ LocalVariableDeclaration_ StatementExpression_ MethodInvocation_ LocalVariableDeclaration_ IfStatement_ StatementExpression_ IfStatement_ StatementExpression_ IfStatement_ StatementExpression_ IfStatement_ StatementExpression_ LocalVariableDeclaration_ LocalVariableDeclaration_ LocalVariableDeclaration_ LocalVariableDeclaration_ ForStatement_ VariableDeclaration_ BlockStatement_ SwitchStatement_ IfStatement_ StatementExpression_ StatementExpression_ BreakStatement_ IfStatement_ BlockStatement_ StatementExpression_ StatementExpression_ BlockStatement_ StatementExpression_ BreakStatement_ IfStatement_ BlockStatement_ StatementExpression_ StatementExpression_ BreakStatement_ IfStatement_ StatementExpression_ StatementExpression_ StatementExpression_ StatementExpression_ BreakStatement_ IfStatement_ BlockStatement_ LocalVariableDeclaration_ WhileStatement_ BlockStatement_ StatementExpression_ StatementExpression_ StatementExpression_ Statement_ Statement_ WhileStatement_ StatementExpression_ StatementExpression_ StatementExpression_ IfStatement_ BlockStatement_ IfStatement_ StatementExpression_ IfStatement_ BlockStatement_ IfStatement_ StatementExpression_ IfStatement_ StatementExpression_ TryStatement_ LocalVariableDeclaration_ IfStatement_ StatementExpression_ LocalVariableDeclaration_ StatementExpression_ MethodInvocation_ StatementExpression_ MethodInvocation_ CatchClause_ CatchClauseParameter_e ThrowStatement_ ClassDeclaration_AddAsisRemove MethodDeclaration_getValues ReturnStatement_,"package org apache tools ant taskdefs import org apache tools ant BuildException import org apache tools ant DirectoryScanner import org apache tools ant Project import org apache tools ant types EnumeratedAttribute import java io import java util import java text public class FixCRLF extends MatchingTask private int addcr private int addtab private int ctrlz private int tablength 8 private File srcDir private File destDir null public FixCRLF if System getProperty ""path.separator"" equals "":"" addcr 1 ctrlz 1 else addcr 1 ctrlz 0 public void setSrcdir File srcDir this srcDir srcDir public void setDestdir File destDir this destDir destDir public void setCr AddAsisRemove attr String option attr getValue if option equals ""remove"" addcr 1 else if option equals ""asis"" addcr 0 else addcr 1 public void setTab AddAsisRemove attr String option attr getValue if option equals ""remove"" addtab 1 else if option equals ""asis"" addtab 0 else addtab 1 public void setTablength int tlength throws BuildException if tlength 2 tlength tlength 1 0 throw new BuildException ""tablength must be a positive power of 2"" location tablength tlength public void setEof AddAsisRemove attr String option attr getValue if option equals ""remove"" ctrlz 1 else if option equals ""asis"" ctrlz 0 else ctrlz 1 public void execute throws BuildException if srcDir null throw new BuildException ""srcdir attribute must be set!"" if srcDir exists throw new BuildException ""srcdir does not exist!"" if srcDir isDirectory throw new BuildException ""srcdir is not a directory!"" if destDir null if destDir exists throw new BuildException ""destdir does not exist!"" if destDir isDirectory throw new BuildException ""destdir is not a directory!"" log ""options:"" "" cr="" addcr 1 ""add"" addcr 0 ""asis"" ""remove"" "" tab="" addtab 1 ""add"" addtab 0 ""asis"" ""remove"" "" eof="" ctrlz 1 ""add"" ctrlz 0 ""asis"" ""remove"" "" tablength="" tablength Project MSG_VERBOSE DirectoryScanner ds super getDirectoryScanner srcDir String files ds getIncludedFiles for int i 0 i files length i File srcFile new File srcDir files i int count int srcFile length byte indata new byte count try FileInputStream inStream new FileInputStream srcFile inStream read indata inStream close catch IOException e throw new BuildException e int cr 0 int lf 0 int tab 0 for int k 0 k count k byte c indata k if c '\r' cr if c '\n' lf if c '\t' tab boolean eof count 0 indata count 1 0x1A log srcFile "": size="" count "" cr="" cr "" lf="" lf "" tab="" tab "" eof="" eof Project MSG_VERBOSE int outsize count if addcr 0 outsize cr if addcr 1 outsize lf if addtab 1 outsize tab tablength 1 if ctrlz 1 outsize 1 byte outdata new byte outsize int o 0 int line o int col 0 for int k 0 k count k switch indata k case byte ' ' if addtab 0 outdata o byte ' ' col break case byte '\t' if addtab 0 outdata o byte '\t' col else col col tablength 1 1 break case byte '\r' if addcr 0 outdata o byte '\r' col break case byte '\n' if addcr 1 outdata o byte '\r' outdata o byte '\n' line o col 0 break default if addtab 0 o 1 line col int diff o line while diff tablength 1 col outdata o byte '\t' line tablength 1 diff tablength 1 diff o line while o line col outdata o byte ' ' outdata o indata k col if ctrlz 1 if outdata o 1 0x1A outdata o 0x1A else if ctrlz 1 if o 2 outdata o 1 0x0A outdata o 2 0x1A o if o 1 outdata o 1 0x1A o try File destFile srcFile if destDir null destFile new File destDir files i FileOutputStream outStream new FileOutputStream destFile outStream write outdata 0 o outStream close catch IOException e throw new BuildException e public static class AddAsisRemove extends EnumeratedAttribute public String getValues return new String ""add"" ""asis"" ""remove"""
org.apache.tools.ant.taskdefs.Execute,21,1,0,25,77,162,10,16,14,0.7375,566,0.916666667,4,0.0,0.135,0,0,25.38095238,7,1.8095,1,PackageDeclaration_org.apache.tools.ant.taskdefs ClassDeclaration_Execute FieldDeclaration_ FieldDeclaration_ FieldDeclaration_ FieldDeclaration_ FieldDeclaration_ FieldDeclaration_ FieldDeclaration_ FieldDeclaration_ FieldDeclaration_ FieldDeclaration_ MethodInvocation_ FieldDeclaration_ MethodInvocation_ FieldDeclaration_ MethodDeclaration_createCommandLauncher TryStatement_ ReturnStatement_ CatchClause_ CatchClauseParameter_exc LocalVariableDeclaration_ MethodInvocation_ MethodInvocation_ IfStatement_ MethodInvocation_ BlockStatement_ ReturnStatement_ IfStatement_ MethodInvocation_ BlockStatement_ ReturnStatement_ IfStatement_ MethodInvocation_ BlockStatement_ LocalVariableDeclaration_ IfStatement_ MethodInvocation_ MethodInvocation_ BlockStatement_ StatementExpression_ BlockStatement_ StatementExpression_ IfStatement_ MethodInvocation_ MethodInvocation_ BlockStatement_ ReturnStatement_ BlockStatement_ ReturnStatement_ BlockStatement_ ReturnStatement_ MethodDeclaration_getProcEnvironment IfStatement_ ReturnStatement_ StatementExpression_ TryStatement_ LocalVariableDeclaration_ LocalVariableDeclaration_ StatementExpression_ MethodInvocation_ MethodInvocation_ StatementExpression_ MethodInvocation_ LocalVariableDeclaration_ MethodInvocation_ IfStatement_ BlockStatement_ LocalVariableDeclaration_ MethodInvocation_ LocalVariableDeclaration_ WhileStatement_ MethodInvocation_ BlockStatement_ StatementExpression_ MethodInvocation_ CatchClause_ CatchClauseParameter_exc StatementExpression_ MethodInvocation_ ReturnStatement_ MethodDeclaration_getProcEnvCommand LocalVariableDeclaration_ MethodInvocation_ MethodInvocation_ IfStatement_ MethodInvocation_ BlockStatement_ LocalVariableDeclaration_ ReturnStatement_ IfStatement_ MethodInvocation_ BlockStatement_ LocalVariableDeclaration_ ReturnStatement_ IfStatement_ MethodInvocation_ BlockStatement_ IfStatement_ MethodInvocation_ MethodInvocation_ BlockStatement_ LocalVariableDeclaration_ ReturnStatement_ BlockStatement_ LocalVariableDeclaration_ ReturnStatement_ BlockStatement_ LocalVariableDeclaration_ ReturnStatement_ ConstructorDeclaration_Execute StatementExpression_ ConstructorDeclaration_Execute FormalParameter_streamHandler StatementExpression_ ConstructorDeclaration_Execute FormalParameter_streamHandler FormalParameter_watchdog StatementExpression_ StatementExpression_ MethodDeclaration_getCommandline ReturnStatement_ MethodDeclaration_setCommandline FormalParameter_commandline StatementExpression_ MethodDeclaration_setNewenvironment FormalParameter_newenv StatementExpression_ MethodDeclaration_getEnvironment IfStatement_ ReturnStatement_ ReturnStatement_ MethodInvocation_ MethodDeclaration_setEnvironment FormalParameter_env StatementExpression_ MethodDeclaration_setWorkingDirectory FormalParameter_wd IfStatement_ MethodInvocation_ MethodInvocation_ StatementExpression_ StatementExpression_ MethodDeclaration_setAntRun FormalParameter_project StatementExpression_ MethodDeclaration_execute LocalVariableDeclaration_ MethodInvocation_ MethodInvocation_ MethodInvocation_ TryStatement_ StatementExpression_ MethodInvocation_ MethodInvocation_ StatementExpression_ MethodInvocation_ MethodInvocation_ StatementExpression_ MethodInvocation_ MethodInvocation_ CatchClause_ CatchClauseParameter_e StatementExpression_ MethodInvocation_ ThrowStatement_ StatementExpression_ MethodInvocation_ IfStatement_ StatementExpression_ MethodInvocation_ StatementExpression_ MethodInvocation_ IfStatement_ StatementExpression_ MethodInvocation_ StatementExpression_ MethodInvocation_ IfStatement_ StatementExpression_ MethodInvocation_ ReturnStatement_ MethodInvocation_ MethodDeclaration_waitFor FormalParameter_process TryStatement_ StatementExpression_ MethodInvocation_ StatementExpression_ MethodInvocation_ MethodInvocation_ CatchClause_ CatchClauseParameter_e MethodDeclaration_setExitValue FormalParameter_value StatementExpression_ MethodDeclaration_getExitValue ReturnStatement_ MethodDeclaration_patchEnvironment LocalVariableDeclaration_ MethodInvocation_ MethodInvocation_ ForStatement_ VariableDeclaration_ BlockStatement_ LocalVariableDeclaration_ MethodInvocation_ LocalVariableDeclaration_ MethodInvocation_ LocalVariableDeclaration_ MethodInvocation_ ForStatement_ VariableDeclaration_ BlockStatement_ IfStatement_ MethodInvocation_ BlockStatement_ StatementExpression_ MethodInvocation_ BreakStatement_ StatementExpression_ MethodInvocation_ LocalVariableDeclaration_ MethodInvocation_ StatementExpression_ MethodInvocation_ ReturnStatement_ MethodDeclaration_runCommand FormalParameter_task FormalParameter_cmdline TryStatement_ StatementExpression_ MethodInvocation_ MethodInvocation_ LocalVariableDeclaration_ StatementExpression_ MethodInvocation_ MethodInvocation_ StatementExpression_ MethodInvocation_ LocalVariableDeclaration_ MethodInvocation_ IfStatement_ BlockStatement_ ThrowStatement_ MethodInvocation_ CatchClause_ CatchClauseParameter_exc ThrowStatement_ MethodInvocation_ ClassDeclaration_CommandLauncher MethodDeclaration_exec FormalParameter_project FormalParameter_cmd FormalParameter_env IfStatement_ BlockStatement_ StatementExpression_ MethodInvocation_ MethodInvocation_ ReturnStatement_ MethodInvocation_ MethodInvocation_ MethodDeclaration_exec FormalParameter_project FormalParameter_cmd FormalParameter_env FormalParameter_workingDir IfStatement_ BlockStatement_ ReturnStatement_ MethodInvocation_ ThrowStatement_ ClassDeclaration_Java11CommandLauncher MethodDeclaration_exec FormalParameter_project FormalParameter_cmd FormalParameter_env LocalVariableDeclaration_ ForStatement_ VariableDeclaration_ BlockStatement_ StatementExpression_ MethodInvocation_ IfStatement_ BlockStatement_ StatementExpression_ MethodInvocation_ MethodInvocation_ ReturnStatement_ MethodInvocation_ MethodInvocation_ ClassDeclaration_Java13CommandLauncher ConstructorDeclaration_Java13CommandLauncher StatementExpression_ MethodInvocation_ MethodDeclaration_exec FormalParameter_project FormalParameter_cmd FormalParameter_env FormalParameter_workingDir TryStatement_ IfStatement_ BlockStatement_ StatementExpression_ MethodInvocation_ MethodInvocation_ LocalVariableDeclaration_ ReturnStatement_ MethodInvocation_ MethodInvocation_ CatchClause_ CatchClauseParameter_exc LocalVariableDeclaration_ MethodInvocation_ IfStatement_ BlockStatement_ ThrowStatement_ IfStatement_ BlockStatement_ ThrowStatement_ BlockStatement_ ThrowStatement_ MethodInvocation_ CatchClause_ CatchClauseParameter_exc ThrowStatement_ MethodInvocation_ FieldDeclaration_ ClassDeclaration_CommandLauncherProxy ConstructorDeclaration_CommandLauncherProxy FormalParameter_launcher StatementExpression_ MethodDeclaration_exec FormalParameter_project FormalParameter_cmd FormalParameter_env ReturnStatement_ MethodInvocation_ FieldDeclaration_ ClassDeclaration_WinNTCommandLauncher ConstructorDeclaration_WinNTCommandLauncher FormalParameter_launcher StatementExpression_ MethodDeclaration_exec FormalParameter_project FormalParameter_cmd FormalParameter_env FormalParameter_workingDir IfStatement_ BlockStatement_ ReturnStatement_ MethodInvocation_ LocalVariableDeclaration_ LocalVariableDeclaration_ StatementExpression_ StatementExpression_ StatementExpression_ StatementExpression_ StatementExpression_ MethodInvocation_ StatementExpression_ StatementExpression_ MethodInvocation_ ReturnStatement_ MethodInvocation_ ClassDeclaration_MacCommandLauncher ConstructorDeclaration_MacCommandLauncher FormalParameter_launcher StatementExpression_ MethodDeclaration_exec FormalParameter_project FormalParameter_cmd FormalParameter_env FormalParameter_workingDir IfStatement_ BlockStatement_ ReturnStatement_ MethodInvocation_ StatementExpression_ MethodInvocation_ MethodInvocation_ MethodInvocation_ TryStatement_ ReturnStatement_ MethodInvocation_ StatementExpression_ MethodInvocation_ MethodInvocation_ ClassDeclaration_ScriptCommandLauncher ConstructorDeclaration_ScriptCommandLauncher FormalParameter_script FormalParameter_launcher StatementExpression_ StatementExpression_ MethodDeclaration_exec FormalParameter_project FormalParameter_cmd FormalParameter_env FormalParameter_workingDir IfStatement_ BlockStatement_ ReturnStatement_ MethodInvocation_ IfStatement_ BlockStatement_ ThrowStatement_ LocalVariableDeclaration_ MethodInvocation_ IfStatement_ BlockStatement_ ThrowStatement_ LocalVariableDeclaration_ MethodInvocation_ MethodInvocation_ LocalVariableDeclaration_ StatementExpression_ StatementExpression_ MethodInvocation_ StatementExpression_ MethodInvocation_ ReturnStatement_ MethodInvocation_ FieldDeclaration_,"package org apache tools ant taskdefs import org apache tools ant BuildException import org apache tools ant Project import org apache tools ant Task import org apache tools ant types Commandline import java io File import java io IOException import java io InputStream import java io OutputStream import java io BufferedReader import java io StringReader import java io ByteArrayOutputStream import java lang reflect InvocationTargetException import java lang reflect Method import java util Vector public class Execute public final static int INVALID Integer MAX_VALUE private String cmdl null private String env null private int exitValue INVALID private ExecuteStreamHandler streamHandler private ExecuteWatchdog watchdog private File workingDirectory null private Project project null private boolean newEnvironment false private static String antWorkingDirectory System getProperty ""user.dir"" private static CommandLauncher launcher createCommandLauncher private static Vector procEnvironment null private static CommandLauncher createCommandLauncher try return new Java13CommandLauncher catch NoSuchMethodException exc String osname System getProperty ""os.name"" toLowerCase if osname indexOf ""mac os"" 0 return new MacCommandLauncher new CommandLauncher else if osname indexOf ""os/2"" 0 return new WinNTCommandLauncher new CommandLauncher else if osname indexOf ""windows"" 0 CommandLauncher baseLauncher if System getProperty ""java.version"" startsWith ""1.1"" baseLauncher new Java11CommandLauncher else baseLauncher new CommandLauncher if osname indexOf ""nt"" 0 osname indexOf ""2000"" 0 return new WinNTCommandLauncher baseLauncher else return new ScriptCommandLauncher ""bin/antRun.bat"" baseLauncher else return new ScriptCommandLauncher ""bin/antRun"" new CommandLauncher public static synchronized Vector getProcEnvironment if procEnvironment null return procEnvironment procEnvironment new Vector try ByteArrayOutputStream out new ByteArrayOutputStream Execute exe new Execute new PumpStreamHandler out exe setCommandline getProcEnvCommand exe setNewenvironment true int retval exe execute if retval 0 BufferedReader in new BufferedReader new StringReader out toString String line while line in readLine null procEnvironment addElement line catch java io IOException exc exc printStackTrace return procEnvironment private static String getProcEnvCommand String osname System getProperty ""os.name"" toLowerCase if osname indexOf ""mac os"" 0 String cmd null return cmd else if osname indexOf ""os/2"" 0 String cmd ""cmd"" ""/c"" ""set"" return cmd else if osname indexOf ""indows"" 0 if osname indexOf ""nt"" 0 osname indexOf ""2000"" 0 String cmd ""cmd"" ""/c"" ""set"" return cmd else String cmd ""command.com"" ""/c"" ""set"" return cmd else String cmd ""/usr/bin/env"" return cmd public Execute this new PumpStreamHandler null public Execute ExecuteStreamHandler streamHandler this streamHandler null public Execute ExecuteStreamHandler streamHandler ExecuteWatchdog watchdog this streamHandler streamHandler this watchdog watchdog public String getCommandline return cmdl public void setCommandline String commandline cmdl commandline public void setNewenvironment boolean newenv newEnvironment newenv public String getEnvironment if env null newEnvironment return env return patchEnvironment public void setEnvironment String env this env env public void setWorkingDirectory File wd if wd null wd getAbsolutePath equals antWorkingDirectory workingDirectory null else workingDirectory wd public void setAntRun Project project throws BuildException this project project public int execute throws IOException final Process process launcher exec project getCommandline getEnvironment workingDirectory try streamHandler setProcessInputStream process getOutputStream streamHandler setProcessOutputStream process getInputStream streamHandler setProcessErrorStream process getErrorStream catch IOException e process destroy throw e streamHandler start if watchdog null watchdog start process waitFor process if watchdog null watchdog stop streamHandler stop if watchdog null watchdog checkException return getExitValue protected void waitFor Process process try process waitFor setExitValue process exitValue catch InterruptedException e protected void setExitValue int value exitValue value public int getExitValue return exitValue private String patchEnvironment Vector osEnv Vector getProcEnvironment clone for int i 0 i env length i int pos env i indexOf '=' String key env i substring 0 pos 1 int size osEnv size for int j 0 j size j if String osEnv elementAt j startsWith key osEnv removeElementAt j break osEnv addElement env i String result new String osEnv size osEnv copyInto result return result public static void runCommand Task task String cmdline throws BuildException try task log Commandline toString cmdline Project MSG_VERBOSE Execute exe new Execute new LogStreamHandler task Project MSG_INFO Project MSG_ERR exe setAntRun task getProject exe setCommandline cmdline int retval exe execute if retval 0 throw new BuildException cmdline 0 "" failed with return code "" retval task getLocation catch java io IOException exc throw new BuildException ""Could not launch "" cmdline 0 "": "" exc task getLocation private static class CommandLauncher public Process exec Project project String cmd String env throws IOException if project null project log ""Execute:CommandLauncher: "" Commandline toString cmd Project MSG_DEBUG return Runtime getRuntime exec cmd env public Process exec Project project String cmd String env File workingDir throws IOException if workingDir null return exec project cmd env throw new IOException ""Cannot execute a process in different directory under this JVM"" private static class Java11CommandLauncher extends CommandLauncher public Process exec Project project String cmd String env throws IOException String newcmd new String cmd length for int i 0 i cmd length i newcmd i Commandline quoteArgument cmd i if project null project log ""Execute:Java11CommandLauncher: "" Commandline toString newcmd Project MSG_DEBUG return Runtime getRuntime exec newcmd env private static class Java13CommandLauncher extends CommandLauncher public Java13CommandLauncher throws NoSuchMethodException _execWithCWD Runtime class getMethod ""exec"" new Class String class String class File class public Process exec Project project String cmd String env File workingDir throws IOException try if project null project log ""Execute:Java13CommandLauncher: "" Commandline toString cmd Project MSG_DEBUG Object arguments cmd env workingDir return Process _execWithCWD invoke Runtime getRuntime arguments catch InvocationTargetException exc Throwable realexc exc getTargetException if realexc instanceof ThreadDeath throw ThreadDeath realexc else if realexc instanceof IOException throw IOException realexc else throw new IOException realexc getMessage catch Exception exc throw new IOException exc getMessage private Method _execWithCWD private static class CommandLauncherProxy extends CommandLauncher CommandLauncherProxy CommandLauncher launcher _launcher launcher public Process exec Project project String cmd String env throws IOException return _launcher exec project cmd env private CommandLauncher _launcher private static class WinNTCommandLauncher extends CommandLauncherProxy WinNTCommandLauncher CommandLauncher launcher super launcher public Process exec Project project String cmd String env File workingDir throws IOException if workingDir null return exec project cmd env final int preCmdLength 6 String newcmd new String cmd length preCmdLength newcmd 0 ""cmd"" newcmd 1 ""/c"" newcmd 2 ""cd"" newcmd 3 ""/d"" newcmd 4 workingDir getAbsolutePath newcmd 5 ""&&"" System arraycopy cmd 0 newcmd preCmdLength cmd length return exec project newcmd env private static class MacCommandLauncher extends CommandLauncherProxy MacCommandLauncher CommandLauncher launcher super launcher public Process exec Project project String cmd String env File workingDir throws IOException if workingDir null return exec project cmd env System getProperties put ""user.dir"" workingDir getAbsolutePath try return exec project cmd env finally System getProperties put ""user.dir"" antWorkingDirectory private static class ScriptCommandLauncher extends CommandLauncherProxy ScriptCommandLauncher String script CommandLauncher launcher super launcher _script script public Process exec Project project String cmd String env File workingDir throws IOException if workingDir null return exec project cmd env if project null throw new IOException ""Cannot locate antRun script: No project provided"" String antHome project getProperty ""ant.home"" if antHome null throw new IOException ""Cannot locate antRun script: Property 'ant.home' not found"" String antRun project resolveFile antHome File separator _script toString String newcmd new String cmd length 2 newcmd 0 antRun newcmd 1 workingDir getAbsolutePath System arraycopy cmd 0 newcmd 2 cmd length return exec project newcmd env private String _script"
org.apache.tools.ant.taskdefs.Jar,6,5,1,6,33,7,1,5,3,0.7,164,1.0,0,0.961538462,0.5,3,6,26.0,2,1.0,0,PackageDeclaration_org.apache.tools.ant.taskdefs ClassDeclaration_Jar FieldDeclaration_ FieldDeclaration_ ConstructorDeclaration_Jar StatementExpression_ StatementExpression_ StatementExpression_ MethodDeclaration_setJarfile FormalParameter_jarFile StatementExpression_ MethodDeclaration_setManifest FormalParameter_manifestFile StatementExpression_ IfStatement_ MethodInvocation_ ThrowStatement_ LocalVariableDeclaration_ StatementExpression_ MethodInvocation_ MethodInvocation_ StatementExpression_ MethodInvocation_ MethodInvocation_ StatementExpression_ MethodInvocation_ StatementExpression_ MethodDeclaration_initZipOutputStream FormalParameter_zOut IfStatement_ BlockStatement_ LocalVariableDeclaration_ LocalVariableDeclaration_ MethodInvocation_ MethodInvocation_ IfStatement_ ThrowStatement_ StatementExpression_ MethodInvocation_ StatementExpression_ MethodInvocation_ MethodInvocation_ StatementExpression_ MethodDeclaration_zipFile FormalParameter_file FormalParameter_zOut FormalParameter_vPath IfStatement_ MethodInvocation_ BlockStatement_ IfStatement_ MethodInvocation_ BlockStatement_ StatementExpression_ MethodInvocation_ BlockStatement_ StatementExpression_ StatementExpression_ BlockStatement_ StatementExpression_ MethodDeclaration_cleanUp StatementExpression_ StatementExpression_,"package org apache tools ant taskdefs import org apache tools ant import org apache tools ant types ZipFileSet import java io import java util zip public class Jar extends Zip private File manifest private boolean manifestAdded public Jar super archiveType ""jar"" emptyBehavior ""create"" public void setJarfile File jarFile super setZipfile jarFile public void setManifest File manifestFile manifest manifestFile if manifest exists throw new BuildException ""Manifest file: "" manifest "" does not exist."" ZipFileSet fs new ZipFileSet fs setDir new File manifest getParent fs setIncludes manifest getName fs setFullpath ""META-INF/MANIFEST.MF"" super addFileset fs protected void initZipOutputStream ZipOutputStream zOut throws IOException BuildException if manifest null String s ""/org/apache/tools/ant/defaultManifest.mf"" InputStream in this getClass getResourceAsStream s if in null throw new BuildException ""Could not find: "" s zipDir null zOut ""META-INF/"" zipFile in zOut ""META-INF/MANIFEST.MF"" System currentTimeMillis super initZipOutputStream zOut protected void zipFile File file ZipOutputStream zOut String vPath throws IOException if vPath equalsIgnoreCase ""META-INF/MANIFEST.MF"" if manifest null manifest equals file manifestAdded log ""Warning: selected "" archiveType "" files include a META-INF/MANIFEST.MF which will be ignored "" ""(please use manifest attribute to "" archiveType "" task)"" Project MSG_WARN else super zipFile file zOut vPath manifestAdded true else super zipFile file zOut vPath protected void cleanUp manifestAdded false super cleanUp"
org.apache.tools.ant.taskdefs.CallTarget,5,3,0,7,20,2,0,7,5,0.625,76,1.0,1,0.902439024,0.6,2,2,13.8,2,1.0,0,PackageDeclaration_org.apache.tools.ant.taskdefs ClassDeclaration_CallTarget FieldDeclaration_ FieldDeclaration_ MethodDeclaration_init StatementExpression_ MethodInvocation_ StatementExpression_ MethodInvocation_ StatementExpression_ MethodInvocation_ MethodInvocation_ StatementExpression_ MethodInvocation_ StatementExpression_ MethodInvocation_ MethodDeclaration_execute IfStatement_ BlockStatement_ ThrowStatement_ StatementExpression_ MethodInvocation_ MethodInvocation_ StatementExpression_ MethodInvocation_ MethodInvocation_ StatementExpression_ MethodInvocation_ StatementExpression_ MethodInvocation_ MethodDeclaration_createParam ReturnStatement_ MethodInvocation_ MethodDeclaration_setTarget FormalParameter_target StatementExpression_,"package org apache tools ant taskdefs import org apache tools ant public class CallTarget extends Task private Ant callee private String subTarget public void init callee Ant project createTask ""ant"" callee setOwningTarget target callee setTaskName getTaskName callee setLocation location callee init public void execute if subTarget null throw new BuildException ""Attribute target is required."" location callee setDir project getBaseDir callee setAntfile project getProperty ""ant.file"" callee setTarget subTarget callee execute public Property createParam return callee createProperty public void setTarget String target subTarget target"
org.apache.tools.ant.taskdefs.Deltree,4,3,0,3,17,4,0,3,3,0.666666667,152,1.0,0,0.925,0.75,1,1,36.75,1,0.75,0,PackageDeclaration_org.apache.tools.ant.taskdefs ClassDeclaration_Deltree FieldDeclaration_ MethodDeclaration_setDir FormalParameter_dir StatementExpression_ MethodDeclaration_execute StatementExpression_ MethodInvocation_ IfStatement_ BlockStatement_ ThrowStatement_ IfStatement_ MethodInvocation_ BlockStatement_ IfStatement_ MethodInvocation_ BlockStatement_ IfStatement_ MethodInvocation_ BlockStatement_ ThrowStatement_ MethodInvocation_ ReturnStatement_ StatementExpression_ MethodInvocation_ MethodInvocation_ TryStatement_ StatementExpression_ MethodInvocation_ CatchClause_ CatchClauseParameter_ioe LocalVariableDeclaration_ MethodInvocation_ ThrowStatement_ MethodDeclaration_removeDir FormalParameter_dir LocalVariableDeclaration_ MethodInvocation_ ForStatement_ VariableDeclaration_ BlockStatement_ LocalVariableDeclaration_ LocalVariableDeclaration_ IfStatement_ MethodInvocation_ BlockStatement_ StatementExpression_ MethodInvocation_ BlockStatement_ IfStatement_ MethodInvocation_ BlockStatement_ ThrowStatement_ MethodInvocation_ IfStatement_ MethodInvocation_ BlockStatement_ ThrowStatement_ MethodInvocation_,"package org apache tools ant taskdefs import org apache tools ant import java io public class Deltree extends Task private File dir public void setDir File dir this dir dir public void execute throws BuildException log ""DEPRECATED - The deltree task is deprecated.  Use delete instead."" if dir null throw new BuildException ""dir attribute must be set!"" location if dir exists if dir isDirectory if dir delete throw new BuildException ""Unable to delete directory "" dir getAbsolutePath location return log ""Deleting: "" dir getAbsolutePath try removeDir dir catch IOException ioe String msg ""Unable to delete "" dir getAbsolutePath throw new BuildException msg location private void removeDir File dir throws IOException String list dir list for int i 0 i list length i String s list i File f new File dir s if f isDirectory removeDir f else if f delete throw new BuildException ""Unable to delete file "" f getAbsolutePath if dir delete throw new BuildException ""Unable to delete directory "" dir getAbsolutePath"
org.apache.tools.ant.taskdefs.ExecuteWatchdog,8,1,0,6,25,0,5,1,7,0.6,169,1.0,0,0.0,0.416666667,0,0,19.5,7,1.875,0,PackageDeclaration_org.apache.tools.ant.taskdefs ClassDeclaration_ExecuteWatchdog FieldDeclaration_ FieldDeclaration_ FieldDeclaration_ FieldDeclaration_ FieldDeclaration_ ConstructorDeclaration_ExecuteWatchdog FormalParameter_timeout IfStatement_ BlockStatement_ ThrowStatement_ StatementExpression_ MethodDeclaration_start FormalParameter_process IfStatement_ BlockStatement_ ThrowStatement_ IfStatement_ BlockStatement_ ThrowStatement_ StatementExpression_ StatementExpression_ StatementExpression_ StatementExpression_ LocalVariableDeclaration_ StatementExpression_ MethodInvocation_ StatementExpression_ MethodInvocation_ MethodDeclaration_stop StatementExpression_ StatementExpression_ MethodInvocation_ MethodDeclaration_run TryStatement_ LocalVariableDeclaration_ MethodInvocation_ LocalVariableDeclaration_ WhileStatement_ MethodInvocation_ BlockStatement_ TryStatement_ StatementExpression_ MethodInvocation_ CatchClause_ CatchClauseParameter_e TryStatement_ StatementExpression_ MethodInvocation_ CatchClause_ CatchClauseParameter_e IfStatement_ BlockStatement_ StatementExpression_ StatementExpression_ MethodInvocation_ CatchClause_ CatchClauseParameter_e StatementExpression_ StatementExpression_ MethodInvocation_ MethodDeclaration_cleanUp StatementExpression_ StatementExpression_ MethodDeclaration_checkException IfStatement_ BlockStatement_ ThrowStatement_ MethodInvocation_ MethodDeclaration_isWatching ReturnStatement_ MethodDeclaration_killedProcess ReturnStatement_,"package org apache tools ant taskdefs import org apache tools ant BuildException public class ExecuteWatchdog implements Runnable private Process process private int timeout private boolean watch false private Exception caught null private boolean killedProcess false public ExecuteWatchdog int timeout if timeout 1 throw new IllegalArgumentException ""timeout lesser than 1."" this timeout timeout public synchronized void start Process process if process null throw new NullPointerException ""process is null."" if this process null throw new IllegalStateException ""Already running."" this caught null this killedProcess false this watch true this process process final Thread thread new Thread this ""WATCHDOG"" thread setDaemon true thread start public synchronized void stop watch false notifyAll public synchronized void run try final long until System currentTimeMillis timeout long now while watch until now System currentTimeMillis try wait until now catch InterruptedException e try process exitValue catch IllegalThreadStateException e if watch killedProcess true process destroy catch Exception e caught e finally cleanUp protected void cleanUp watch false process null public void checkException throws BuildException if caught null throw new BuildException ""Exception in ExecuteWatchdog.run: "" caught getMessage caught public boolean isWatching return watch public boolean killedProcess return killedProcess"
org.apache.tools.ant.util.SourceFileScanner,3,1,0,9,25,1,7,2,3,0.0,277,1.0,1,0.0,0.666666667,0,0,91.0,14,5.3333,0,PackageDeclaration_org.apache.tools.ant.util ClassDeclaration_SourceFileScanner FieldDeclaration_ ConstructorDeclaration_SourceFileScanner FormalParameter_task StatementExpression_ MethodDeclaration_restrict FormalParameter_files FormalParameter_srcDir FormalParameter_destDir FormalParameter_mapper LocalVariableDeclaration_ MethodInvocation_ LocalVariableDeclaration_ LocalVariableDeclaration_ MethodInvocation_ MethodInvocation_ IfStatement_ MethodInvocation_ BlockStatement_ StatementExpression_ LocalVariableDeclaration_ ForStatement_ VariableDeclaration_ BlockStatement_ LocalVariableDeclaration_ MethodInvocation_ IfStatement_ BlockStatement_ StatementExpression_ MethodInvocation_ ContinueStatement_ LocalVariableDeclaration_ IfStatement_ MethodInvocation_ BlockStatement_ StatementExpression_ MethodInvocation_ LocalVariableDeclaration_ StatementExpression_ MethodInvocation_ ForStatement_ VariableDeclaration_ BlockStatement_ LocalVariableDeclaration_ IfStatement_ BlockStatement_ StatementExpression_ BlockStatement_ StatementExpression_ IfStatement_ MethodInvocation_ BlockStatement_ StatementExpression_ MethodInvocation_ MethodInvocation_ StatementExpression_ MethodInvocation_ StatementExpression_ IfStatement_ MethodInvocation_ MethodInvocation_ BlockStatement_ StatementExpression_ MethodInvocation_ MethodInvocation_ StatementExpression_ MethodInvocation_ StatementExpression_ BlockStatement_ IfStatement_ MethodInvocation_ BlockStatement_ StatementExpression_ MethodInvocation_ StatementExpression_ MethodInvocation_ MethodInvocation_ IfStatement_ BlockStatement_ StatementExpression_ MethodInvocation_ MethodInvocation_ LocalVariableDeclaration_ MethodInvocation_ StatementExpression_ MethodInvocation_ ReturnStatement_ MethodDeclaration_restrictAsFiles FormalParameter_files FormalParameter_srcDir FormalParameter_destDir FormalParameter_mapper LocalVariableDeclaration_ MethodInvocation_ LocalVariableDeclaration_ ForStatement_ VariableDeclaration_ BlockStatement_ StatementExpression_ ReturnStatement_,"package org apache tools ant util import org apache tools ant Project import org apache tools ant Task import java io File import java util Vector public class SourceFileScanner protected Task task public SourceFileScanner Task task this task task public String restrict String files File srcDir File destDir FileNameMapper mapper long now new java util Date getTime StringBuffer targetList new StringBuffer String osname System getProperty ""os.name"" toLowerCase if osname indexOf ""windows"" 0 now 2000 Vector v new Vector for int i 0 i files length i String targets mapper mapFileName files i if targets null targets length 0 task log files i "" skipped - don\'t know how to handle it"" Project MSG_VERBOSE continue File src new File srcDir files i if src lastModified now task log ""Warning: "" files i "" modified in the future."" Project MSG_WARN boolean added false targetList setLength 0 for int j 0 added j targets length j File dest null if destDir null dest new File targets j else dest new File destDir targets j if dest exists task log files i "" added as "" dest getAbsolutePath "" doesn\'t exist."" Project MSG_VERBOSE v addElement files i added true else if src lastModified dest lastModified task log files i "" added as "" dest getAbsolutePath "" is outdated."" Project MSG_VERBOSE v addElement files i added true else if targetList length 0 targetList append "", "" targetList append dest getAbsolutePath if added task log files i "" omitted as "" targetList toString targets length 1 "" is"" "" are "" "" up to date."" Project MSG_VERBOSE String result new String v size v copyInto result return result public File restrictAsFiles String files File srcDir File destDir FileNameMapper mapper String res restrict files srcDir destDir mapper File result new File res length for int i 0 i res length i result i new File srcDir res i return result"
org.apache.tools.ant.types.ZipFileSet,9,5,0,10,20,4,3,7,9,0.6875,110,1.0,0,0.919191919,0.388888889,2,7,10.77777778,3,1.2222,0,PackageDeclaration_org.apache.tools.ant.types ClassDeclaration_ZipFileSet FieldDeclaration_ FieldDeclaration_ FieldDeclaration_ FieldDeclaration_ MethodDeclaration_setDir FormalParameter_dir IfStatement_ BlockStatement_ ThrowStatement_ BlockStatement_ StatementExpression_ StatementExpression_ MethodDeclaration_setSrc FormalParameter_srcFile IfStatement_ BlockStatement_ ThrowStatement_ StatementExpression_ MethodDeclaration_getSrc ReturnStatement_ MethodDeclaration_setPrefix FormalParameter_prefix StatementExpression_ MethodDeclaration_getPrefix ReturnStatement_ MethodDeclaration_setFullpath FormalParameter_fullpath StatementExpression_ MethodDeclaration_getFullpath ReturnStatement_ MethodDeclaration_getDirectoryScanner FormalParameter_p IfStatement_ MethodInvocation_ BlockStatement_ ReturnStatement_ MethodInvocation_ MethodInvocation_ IfStatement_ BlockStatement_ LocalVariableDeclaration_ StatementExpression_ MethodInvocation_ StatementExpression_ StatementExpression_ MethodInvocation_ StatementExpression_ MethodInvocation_ ReturnStatement_ BlockStatement_ ReturnStatement_,"package org apache tools ant types import java io File import java util Stack import org apache tools ant BuildException import org apache tools ant DirectoryScanner import org apache tools ant Project public class ZipFileSet extends FileSet private File srcFile null private String prefix """" private String fullpath """" private boolean hasDir false public void setDir File dir throws BuildException if srcFile null throw new BuildException ""Cannot set both dir and src attributes"" else super setDir dir hasDir true public void setSrc File srcFile if hasDir throw new BuildException ""Cannot set both dir and src attributes"" this srcFile srcFile public File getSrc return srcFile public void setPrefix String prefix this prefix prefix public String getPrefix return prefix public void setFullpath String fullpath this fullpath fullpath public String getFullpath return fullpath public DirectoryScanner getDirectoryScanner Project p if isReference return getRef p getDirectoryScanner p if srcFile null ZipScanner zs new ZipScanner zs setSrc srcFile super setDir new File ""."" setupDirectoryScanner zs p zs init return zs else return super getDirectoryScanner p"
org.apache.tools.ant.taskdefs.Copy,17,3,1,12,64,52,1,11,13,0.793269231,642,1.0,1,0.698113208,0.242647059,1,1,36.0,11,2.0,0,PackageDeclaration_org.apache.tools.ant.taskdefs ClassDeclaration_Copy FieldDeclaration_ FieldDeclaration_ FieldDeclaration_ FieldDeclaration_ FieldDeclaration_ FieldDeclaration_ FieldDeclaration_ FieldDeclaration_ FieldDeclaration_ FieldDeclaration_ FieldDeclaration_ FieldDeclaration_ FieldDeclaration_ MethodDeclaration_setFile FormalParameter_file StatementExpression_ MethodDeclaration_setTofile FormalParameter_destFile StatementExpression_ MethodDeclaration_setTodir FormalParameter_destDir StatementExpression_ MethodDeclaration_setPreserveLastModified FormalParameter_preserve StatementExpression_ MethodInvocation_ MethodDeclaration_setFiltering FormalParameter_filtering StatementExpression_ MethodDeclaration_setOverwrite FormalParameter_overwrite StatementExpression_ MethodDeclaration_setFlatten FormalParameter_flatten StatementExpression_ MethodDeclaration_setVerbose FormalParameter_verbose IfStatement_ BlockStatement_ StatementExpression_ BlockStatement_ StatementExpression_ MethodDeclaration_setIncludeEmptyDirs FormalParameter_includeEmpty StatementExpression_ MethodDeclaration_addFileset FormalParameter_set StatementExpression_ MethodInvocation_ MethodDeclaration_createMapper IfStatement_ BlockStatement_ ThrowStatement_ StatementExpression_ ReturnStatement_ MethodDeclaration_execute StatementExpression_ MethodInvocation_ IfStatement_ BlockStatement_ IfStatement_ MethodInvocation_ BlockStatement_ IfStatement_ BlockStatement_ StatementExpression_ MethodInvocation_ IfStatement_ MethodInvocation_ MethodInvocation_ BlockStatement_ StatementExpression_ MethodInvocation_ MethodInvocation_ MethodInvocation_ BlockStatement_ StatementExpression_ MethodInvocation_ MethodInvocation_ ForStatement_ VariableDeclaration_ MethodInvocation_ BlockStatement_ LocalVariableDeclaration_ MethodInvocation_ LocalVariableDeclaration_ MethodInvocation_ LocalVariableDeclaration_ MethodInvocation_ LocalVariableDeclaration_ MethodInvocation_ LocalVariableDeclaration_ MethodInvocation_ StatementExpression_ MethodInvocation_ StatementExpression_ MethodInvocation_ IfStatement_ BlockStatement_ StatementExpression_ MethodDeclaration_validateAttributes IfStatement_ MethodInvocation_ BlockStatement_ ThrowStatement_ IfStatement_ BlockStatement_ ThrowStatement_ IfStatement_ BlockStatement_ ThrowStatement_ IfStatement_ MethodInvocation_ MethodInvocation_ BlockStatement_ ThrowStatement_ IfStatement_ MethodInvocation_ BlockStatement_ ThrowStatement_ IfStatement_ BlockStatement_ StatementExpression_ MethodInvocation_ MethodDeclaration_scan FormalParameter_fromDir FormalParameter_toDir FormalParameter_files FormalParameter_dirs LocalVariableDeclaration_ IfStatement_ BlockStatement_ StatementExpression_ MethodInvocation_ IfStatement_ BlockStatement_ StatementExpression_ BlockStatement_ StatementExpression_ StatementExpression_ MethodInvocation_ IfStatement_ BlockStatement_ StatementExpression_ MethodInvocation_ MethodDeclaration_buildMap FormalParameter_fromDir FormalParameter_toDir FormalParameter_names FormalParameter_mapper FormalParameter_map LocalVariableDeclaration_ IfStatement_ BlockStatement_ LocalVariableDeclaration_ ForStatement_ VariableDeclaration_ BlockStatement_ IfStatement_ MethodInvocation_ BlockStatement_ StatementExpression_ MethodInvocation_ StatementExpression_ MethodInvocation_ StatementExpression_ MethodInvocation_ BlockStatement_ LocalVariableDeclaration_ StatementExpression_ MethodInvocation_ ForStatement_ VariableDeclaration_ BlockStatement_ LocalVariableDeclaration_ LocalVariableDeclaration_ MethodInvocation_ StatementExpression_ MethodInvocation_ MethodInvocation_ MethodInvocation_ MethodDeclaration_doFileOperations IfStatement_ MethodInvocation_ BlockStatement_ StatementExpression_ MethodInvocation_ MethodInvocation_ MethodInvocation_ MethodInvocation_ LocalVariableDeclaration_ MethodInvocation_ WhileStatement_ MethodInvocation_ BlockStatement_ LocalVariableDeclaration_ MethodInvocation_ LocalVariableDeclaration_ MethodInvocation_ IfStatement_ MethodInvocation_ BlockStatement_ StatementExpression_ MethodInvocation_ ContinueStatement_ TryStatement_ StatementExpression_ MethodInvocation_ StatementExpression_ MethodInvocation_ CatchClause_ CatchClauseParameter_ioe LocalVariableDeclaration_ MethodInvocation_ ThrowStatement_ IfStatement_ BlockStatement_ LocalVariableDeclaration_ MethodInvocation_ LocalVariableDeclaration_ WhileStatement_ MethodInvocation_ BlockStatement_ LocalVariableDeclaration_ MethodInvocation_ IfStatement_ MethodInvocation_ BlockStatement_ IfStatement_ MethodInvocation_ BlockStatement_ StatementExpression_ MethodInvocation_ MethodInvocation_ BlockStatement_ StatementExpression_ IfStatement_ BlockStatement_ StatementExpression_ MethodInvocation_ MethodInvocation_,"package org apache tools ant taskdefs import org apache tools ant import org apache tools ant types import org apache tools ant util import java io import java util public class Copy extends Task protected File file null protected File destFile null protected File destDir null protected Vector filesets new Vector protected boolean filtering false protected boolean preserveLastModified false protected boolean forceOverwrite false protected boolean flatten false protected int verbosity Project MSG_VERBOSE protected boolean includeEmpty true protected Hashtable fileCopyMap new Hashtable protected Hashtable dirCopyMap new Hashtable protected Mapper mapperElement null public void setFile File file this file file public void setTofile File destFile this destFile destFile public void setTodir File destDir this destDir destDir public void setPreserveLastModified String preserve preserveLastModified Project toBoolean preserve public void setFiltering boolean filtering this filtering filtering public void setOverwrite boolean overwrite this forceOverwrite overwrite public void setFlatten boolean flatten this flatten flatten public void setVerbose boolean verbose if verbose this verbosity Project MSG_INFO else this verbosity Project MSG_VERBOSE public void setIncludeEmptyDirs boolean includeEmpty this includeEmpty includeEmpty public void addFileset FileSet set filesets addElement set public Mapper createMapper throws BuildException if mapperElement null throw new BuildException ""Cannot define more than one mapper"" location mapperElement new Mapper project return mapperElement public void execute throws BuildException validateAttributes if file null if file exists if destFile null destFile new File destDir file getName if forceOverwrite file lastModified destFile lastModified fileCopyMap put file getAbsolutePath destFile getAbsolutePath else log ""Could not find file "" file getAbsolutePath "" to copy."" for int i 0 i filesets size i FileSet fs FileSet filesets elementAt i DirectoryScanner ds fs getDirectoryScanner project File fromDir fs getDir project String srcFiles ds getIncludedFiles String srcDirs ds getIncludedDirectories scan fromDir destDir srcFiles srcDirs doFileOperations if destFile null destDir null protected void validateAttributes throws BuildException if file null filesets size 0 throw new BuildException ""Specify at least one source - a file or a fileset."" if destFile null destDir null throw new BuildException ""Only one of destfile and destdir may be set."" if destFile null destDir null throw new BuildException ""One of destfile or destdir must be set."" if file null file exists file isDirectory throw new BuildException ""Use a fileset to copy directories."" if destFile null filesets size 0 throw new BuildException ""Cannot concatenate multple files into a single file."" if destFile null destDir new File destFile getParent protected void scan File fromDir File toDir String files String dirs FileNameMapper mapper null if mapperElement null mapper mapperElement getImplementation else if flatten mapper new FlatFileNameMapper else mapper new IdentityMapper buildMap fromDir toDir files mapper fileCopyMap if includeEmpty buildMap fromDir toDir dirs mapper dirCopyMap protected void buildMap File fromDir File toDir String names FileNameMapper mapper Hashtable map String toCopy null if forceOverwrite Vector v new Vector for int i 0 i names length i if mapper mapFileName names i null v addElement names i toCopy new String v size v copyInto toCopy else SourceFileScanner ds new SourceFileScanner this toCopy ds restrict names fromDir toDir mapper for int i 0 i toCopy length i File src new File fromDir toCopy i File dest new File toDir mapper mapFileName toCopy i 0 map put src getAbsolutePath dest getAbsolutePath protected void doFileOperations if fileCopyMap size 0 log ""Copying "" fileCopyMap size "" file"" fileCopyMap size 1 """" ""s"" "" to "" destDir getAbsolutePath Enumeration e fileCopyMap keys while e hasMoreElements String fromFile String e nextElement String toFile String fileCopyMap get fromFile if fromFile equals toFile log ""Skipping self-copy of "" fromFile verbosity continue try log ""Copying "" fromFile "" to "" toFile verbosity project copyFile fromFile toFile filtering forceOverwrite preserveLastModified catch IOException ioe String msg ""Failed to copy "" fromFile "" to "" toFile "" due to "" ioe getMessage throw new BuildException msg ioe location if includeEmpty Enumeration e dirCopyMap elements int count 0 while e hasMoreElements File d new File String e nextElement if d exists if d mkdirs log ""Unable to create directory "" d getAbsolutePath Project MSG_ERR else count if count 0 log ""Copied "" count "" empty director"" count 1 ""y"" ""ies"" "" to "" destDir getAbsolutePath"
org.apache.tools.tar.TarConstants,0,1,0,1,0,0,1,0,0,2.0,24,0.0,0,0.0,0.0,0,0,0.0,0,0.0,0,PackageDeclaration_org.apache.tools.tar InterfaceDeclaration_TarConstants ConstantDeclaration_ ConstantDeclaration_ ConstantDeclaration_ ConstantDeclaration_ ConstantDeclaration_ ConstantDeclaration_ ConstantDeclaration_ ConstantDeclaration_ ConstantDeclaration_ ConstantDeclaration_ ConstantDeclaration_ ConstantDeclaration_ ConstantDeclaration_ ConstantDeclaration_ ConstantDeclaration_ ConstantDeclaration_ ConstantDeclaration_ ConstantDeclaration_ ConstantDeclaration_ ConstantDeclaration_ ConstantDeclaration_ ConstantDeclaration_ ConstantDeclaration_ ConstantDeclaration_,"package org apache tools tar public interface TarConstants public static final int NAMELEN 100 public static final int MODELEN 8 public static final int UIDLEN 8 public static final int GIDLEN 8 public static final int CHKSUMLEN 8 public static final int SIZELEN 12 public static final int MAGICLEN 8 public static final int MODTIMELEN 12 public static final int UNAMELEN 32 public static final int GNAMELEN 32 public static final int DEVLEN 8 public static final byte LF_OLDNORM 0 public static final byte LF_NORMAL byte '0' public static final byte LF_LINK byte '1' public static final byte LF_SYMLINK byte '2' public static final byte LF_CHR byte '3' public static final byte LF_BLK byte '4' public static final byte LF_DIR byte '5' public static final byte LF_FIFO byte '6' public static final byte LF_CONTIG byte '7' public static final String TMAGIC ""ustar"" public static final String GNU_TMAGIC ""ustar  "" public static final String GNU_LONGLINK ""././@LongLink"" public static final byte LF_GNUTYPE_LONGNAME byte 'L'"
org.apache.tools.tar.TarEntry,31,1,0,6,65,243,4,2,30,0.726666667,747,1.0,0,0.0,0.182795699,1,1,22.61290323,4,1.1613,0,PackageDeclaration_org.apache.tools.tar ClassDeclaration_TarEntry FieldDeclaration_ FieldDeclaration_ FieldDeclaration_ FieldDeclaration_ FieldDeclaration_ FieldDeclaration_ FieldDeclaration_ FieldDeclaration_ FieldDeclaration_ FieldDeclaration_ FieldDeclaration_ FieldDeclaration_ FieldDeclaration_ FieldDeclaration_ FieldDeclaration_ ConstructorDeclaration_TarEntry StatementExpression_ StatementExpression_ StatementExpression_ LocalVariableDeclaration_ MethodInvocation_ IfStatement_ MethodInvocation_ BlockStatement_ StatementExpression_ MethodInvocation_ StatementExpression_ StatementExpression_ StatementExpression_ StatementExpression_ StatementExpression_ ConstructorDeclaration_TarEntry FormalParameter_name StatementExpression_ LocalVariableDeclaration_ MethodInvocation_ StatementExpression_ StatementExpression_ StatementExpression_ StatementExpression_ StatementExpression_ StatementExpression_ StatementExpression_ StatementExpression_ StatementExpression_ StatementExpression_ StatementExpression_ MethodInvocation_ StatementExpression_ StatementExpression_ StatementExpression_ StatementExpression_ StatementExpression_ ConstructorDeclaration_TarEntry FormalParameter_name FormalParameter_linkFlag StatementExpression_ StatementExpression_ ConstructorDeclaration_TarEntry FormalParameter_file StatementExpression_ StatementExpression_ LocalVariableDeclaration_ MethodInvocation_ LocalVariableDeclaration_ MethodInvocation_ IfStatement_ BlockStatement_ LocalVariableDeclaration_ LocalVariableDeclaration_ MethodInvocation_ MethodInvocation_ IfStatement_ MethodInvocation_ BlockStatement_ IfStatement_ MethodInvocation_ BlockStatement_ LocalVariableDeclaration_ MethodInvocation_ LocalVariableDeclaration_ MethodInvocation_ IfStatement_ BlockStatement_ StatementExpression_ MethodInvocation_ StatementExpression_ MethodInvocation_ WhileStatement_ MethodInvocation_ BlockStatement_ StatementExpression_ MethodInvocation_ StatementExpression_ StatementExpression_ IfStatement_ MethodInvocation_ BlockStatement_ StatementExpression_ StatementExpression_ IfStatement_ MethodInvocation_ MethodInvocation_ BlockStatement_ StatementExpression_ MethodInvocation_ BlockStatement_ StatementExpression_ StatementExpression_ StatementExpression_ MethodInvocation_ StatementExpression_ MethodInvocation_ StatementExpression_ StatementExpression_ StatementExpression_ ConstructorDeclaration_TarEntry FormalParameter_headerBuf StatementExpression_ StatementExpression_ MethodInvocation_ MethodDeclaration_equals FormalParameter_it ReturnStatement_ MethodInvocation_ MethodInvocation_ MethodInvocation_ MethodDeclaration_isDescendent FormalParameter_desc ReturnStatement_ MethodInvocation_ MethodInvocation_ MethodInvocation_ MethodDeclaration_getName ReturnStatement_ MethodInvocation_ MethodDeclaration_setName FormalParameter_name StatementExpression_ MethodDeclaration_setMode FormalParameter_mode StatementExpression_ MethodDeclaration_getUserId ReturnStatement_ MethodDeclaration_setUserId FormalParameter_userId StatementExpression_ MethodDeclaration_getGroupId ReturnStatement_ MethodDeclaration_setGroupId FormalParameter_groupId StatementExpression_ MethodDeclaration_getUserName ReturnStatement_ MethodInvocation_ MethodDeclaration_setUserName FormalParameter_userName StatementExpression_ MethodDeclaration_getGroupName ReturnStatement_ MethodInvocation_ MethodDeclaration_setGroupName FormalParameter_groupName StatementExpression_ MethodDeclaration_setIds FormalParameter_userId FormalParameter_groupId StatementExpression_ MethodInvocation_ StatementExpression_ MethodInvocation_ MethodDeclaration_setNames FormalParameter_userName FormalParameter_groupName StatementExpression_ MethodInvocation_ StatementExpression_ MethodInvocation_ MethodDeclaration_setModTime FormalParameter_time StatementExpression_ MethodDeclaration_setModTime FormalParameter_time StatementExpression_ MethodInvocation_ MethodDeclaration_getModTime ReturnStatement_ MethodDeclaration_getFile ReturnStatement_ MethodDeclaration_getSize ReturnStatement_ MethodDeclaration_setSize FormalParameter_size StatementExpression_ MethodDeclaration_isGNULongNameEntry ReturnStatement_ MethodInvocation_ MethodInvocation_ MethodDeclaration_isDirectory IfStatement_ BlockStatement_ ReturnStatement_ MethodInvocation_ IfStatement_ BlockStatement_ ReturnStatement_ IfStatement_ MethodInvocation_ MethodInvocation_ BlockStatement_ ReturnStatement_ ReturnStatement_ MethodDeclaration_getDirectoryEntries IfStatement_ MethodInvocation_ BlockStatement_ ReturnStatement_ LocalVariableDeclaration_ MethodInvocation_ LocalVariableDeclaration_ ForStatement_ VariableDeclaration_ BlockStatement_ StatementExpression_ ReturnStatement_ MethodDeclaration_writeEntryHeader FormalParameter_outbuf LocalVariableDeclaration_ StatementExpression_ MethodInvocation_ StatementExpression_ MethodInvocation_ StatementExpression_ MethodInvocation_ StatementExpression_ MethodInvocation_ StatementExpression_ MethodInvocation_ StatementExpression_ MethodInvocation_ LocalVariableDeclaration_ ForStatement_ VariableDeclaration_ BlockStatement_ StatementExpression_ StatementExpression_ StatementExpression_ MethodInvocation_ StatementExpression_ MethodInvocation_ StatementExpression_ MethodInvocation_ StatementExpression_ MethodInvocation_ StatementExpression_ MethodInvocation_ StatementExpression_ MethodInvocation_ WhileStatement_ BlockStatement_ StatementExpression_ LocalVariableDeclaration_ MethodInvocation_ StatementExpression_ MethodInvocation_ MethodDeclaration_parseTarHeader FormalParameter_header LocalVariableDeclaration_ StatementExpression_ MethodInvocation_ StatementExpression_ StatementExpression_ MethodInvocation_ StatementExpression_ StatementExpression_ MethodInvocation_ StatementExpression_ StatementExpression_ MethodInvocation_ StatementExpression_ StatementExpression_ MethodInvocation_ StatementExpression_ StatementExpression_ MethodInvocation_ StatementExpression_ StatementExpression_ MethodInvocation_ StatementExpression_ StatementExpression_ StatementExpression_ MethodInvocation_ StatementExpression_ StatementExpression_ MethodInvocation_ StatementExpression_ StatementExpression_ MethodInvocation_ StatementExpression_ StatementExpression_ MethodInvocation_ StatementExpression_ StatementExpression_ MethodInvocation_ StatementExpression_ StatementExpression_ MethodInvocation_,"package org apache tools tar import java io import java util public class TarEntry implements TarConstants private StringBuffer name private int mode private int userId private int groupId private long size private long modTime private int checkSum private byte linkFlag private StringBuffer linkName private StringBuffer magic private StringBuffer userName private StringBuffer groupName private int devMajor private int devMinor private File file private TarEntry this magic new StringBuffer TMAGIC this name new StringBuffer this linkName new StringBuffer String user System getProperty ""user.name"" """" if user length 31 user user substring 0 31 this userId 0 this groupId 0 this userName new StringBuffer user this groupName new StringBuffer """" this file null public TarEntry String name this boolean isDir name endsWith ""/"" this checkSum 0 this devMajor 0 this devMinor 0 this name new StringBuffer name this mode isDir 040755 0100644 this linkFlag isDir LF_DIR LF_NORMAL this userId 0 this groupId 0 this size 0 this checkSum 0 this modTime new Date getTime 1000 this linkName new StringBuffer """" this userName new StringBuffer """" this groupName new StringBuffer """" this devMajor 0 this devMinor 0 public TarEntry String name byte linkFlag this name this linkFlag linkFlag public TarEntry File file this this file file String name file getPath String osname System getProperty ""os.name"" if osname null String Win32Prefix ""Windows"" String prefix osname substring 0 Win32Prefix length if prefix equalsIgnoreCase Win32Prefix if name length 2 char ch1 name charAt 0 char ch2 name charAt 1 if ch2 ':' ch1 'a' ch1 'z' ch1 'A' ch1 'Z' name name substring 2 name name replace File separatorChar '/' while name startsWith ""/"" name name substring 1 this linkName new StringBuffer """" this name new StringBuffer name if file isDirectory this mode 040755 this linkFlag LF_DIR if this name charAt this name length 1 '/' this name append ""/"" else this mode 0100644 this linkFlag LF_NORMAL this size file length this modTime file lastModified 1000 this checkSum 0 this devMajor 0 this devMinor 0 public TarEntry byte headerBuf this this parseTarHeader headerBuf public boolean equals TarEntry it return this getName equals it getName public boolean isDescendent TarEntry desc return desc getName startsWith this getName public String getName return this name toString public void setName String name this name new StringBuffer name public void setMode int mode this mode mode public int getUserId return this userId public void setUserId int userId this userId userId public int getGroupId return this groupId public void setGroupId int groupId this groupId groupId public String getUserName return this userName toString public void setUserName String userName this userName new StringBuffer userName public String getGroupName return this groupName toString public void setGroupName String groupName this groupName new StringBuffer groupName public void setIds int userId int groupId this setUserId userId this setGroupId groupId public void setNames String userName String groupName this setUserName userName this setGroupName groupName public void setModTime long time this modTime time 1000 public void setModTime Date time this modTime time getTime 1000 public Date getModTime return new Date this modTime 1000 public File getFile return this file public long getSize return this size public void setSize long size this size size public boolean isGNULongNameEntry return linkFlag LF_GNUTYPE_LONGNAME name toString equals GNU_LONGLINK public boolean isDirectory if this file null return this file isDirectory if this linkFlag LF_DIR return true if this getName endsWith ""/"" return true return false public TarEntry getDirectoryEntries if this file null this file isDirectory return new TarEntry 0 String list this file list TarEntry result new TarEntry list length for int i 0 i list length i result i new TarEntry new File this file list i return result public void writeEntryHeader byte outbuf int offset 0 offset TarUtils getNameBytes this name outbuf offset NAMELEN offset TarUtils getOctalBytes this mode outbuf offset MODELEN offset TarUtils getOctalBytes this userId outbuf offset UIDLEN offset TarUtils getOctalBytes this groupId outbuf offset GIDLEN offset TarUtils getLongOctalBytes this size outbuf offset SIZELEN offset TarUtils getLongOctalBytes this modTime outbuf offset MODTIMELEN int csOffset offset for int c 0 c CHKSUMLEN c outbuf offset byte ' ' outbuf offset this linkFlag offset TarUtils getNameBytes this linkName outbuf offset NAMELEN offset TarUtils getNameBytes this magic outbuf offset MAGICLEN offset TarUtils getNameBytes this userName outbuf offset UNAMELEN offset TarUtils getNameBytes this groupName outbuf offset GNAMELEN offset TarUtils getOctalBytes this devMajor outbuf offset DEVLEN offset TarUtils getOctalBytes this devMinor outbuf offset DEVLEN while offset outbuf length outbuf offset 0 long checkSum TarUtils computeCheckSum outbuf TarUtils getCheckSumOctalBytes checkSum outbuf csOffset CHKSUMLEN public void parseTarHeader byte header int offset 0 this name TarUtils parseName header offset NAMELEN offset NAMELEN this mode int TarUtils parseOctal header offset MODELEN offset MODELEN this userId int TarUtils parseOctal header offset UIDLEN offset UIDLEN this groupId int TarUtils parseOctal header offset GIDLEN offset GIDLEN this size TarUtils parseOctal header offset SIZELEN offset SIZELEN this modTime TarUtils parseOctal header offset MODTIMELEN offset MODTIMELEN this checkSum int TarUtils parseOctal header offset CHKSUMLEN offset CHKSUMLEN this linkFlag header offset this linkName TarUtils parseName header offset NAMELEN offset NAMELEN this magic TarUtils parseName header offset MAGICLEN offset MAGICLEN this userName TarUtils parseName header offset UNAMELEN offset UNAMELEN this groupName TarUtils parseName header offset GNAMELEN offset GNAMELEN this devMajor int TarUtils parseOctal header offset DEVLEN offset DEVLEN this devMinor int TarUtils parseOctal header offset DEVLEN"
org.apache.tools.tar.TarBuffer,21,1,0,2,35,38,2,0,17,0.631818182,617,0.818181818,0,0.0,0.293650794,0,0,27.85714286,3,0.8571,0,PackageDeclaration_org.apache.tools.tar ClassDeclaration_TarBuffer FieldDeclaration_ FieldDeclaration_ FieldDeclaration_ FieldDeclaration_ FieldDeclaration_ FieldDeclaration_ FieldDeclaration_ FieldDeclaration_ FieldDeclaration_ FieldDeclaration_ FieldDeclaration_ ConstructorDeclaration_TarBuffer FormalParameter_inStream StatementExpression_ ConstructorDeclaration_TarBuffer FormalParameter_inStream FormalParameter_blockSize StatementExpression_ ConstructorDeclaration_TarBuffer FormalParameter_inStream FormalParameter_blockSize FormalParameter_recordSize StatementExpression_ StatementExpression_ StatementExpression_ MethodInvocation_ ConstructorDeclaration_TarBuffer FormalParameter_outStream StatementExpression_ ConstructorDeclaration_TarBuffer FormalParameter_outStream FormalParameter_blockSize StatementExpression_ ConstructorDeclaration_TarBuffer FormalParameter_outStream FormalParameter_blockSize FormalParameter_recordSize StatementExpression_ StatementExpression_ StatementExpression_ MethodInvocation_ MethodDeclaration_initialize FormalParameter_blockSize FormalParameter_recordSize StatementExpression_ StatementExpression_ StatementExpression_ StatementExpression_ StatementExpression_ IfStatement_ BlockStatement_ StatementExpression_ StatementExpression_ BlockStatement_ StatementExpression_ StatementExpression_ MethodDeclaration_getBlockSize ReturnStatement_ MethodDeclaration_getRecordSize ReturnStatement_ MethodDeclaration_setDebug FormalParameter_debug StatementExpression_ MethodDeclaration_isEOFRecord FormalParameter_record ForStatement_ VariableDeclaration_ MethodInvocation_ BlockStatement_ IfStatement_ BlockStatement_ ReturnStatement_ ReturnStatement_ MethodDeclaration_skipRecord IfStatement_ BlockStatement_ StatementExpression_ MethodInvocation_ IfStatement_ BlockStatement_ ThrowStatement_ IfStatement_ BlockStatement_ IfStatement_ MethodInvocation_ BlockStatement_ ReturnStatement_ StatementExpression_ MethodDeclaration_readRecord IfStatement_ BlockStatement_ StatementExpression_ MethodInvocation_ IfStatement_ BlockStatement_ ThrowStatement_ IfStatement_ BlockStatement_ IfStatement_ MethodInvocation_ BlockStatement_ ReturnStatement_ LocalVariableDeclaration_ StatementExpression_ MethodInvocation_ StatementExpression_ ReturnStatement_ MethodDeclaration_readBlock IfStatement_ BlockStatement_ StatementExpression_ MethodInvocation_ IfStatement_ BlockStatement_ ThrowStatement_ StatementExpression_ LocalVariableDeclaration_ LocalVariableDeclaration_ WhileStatement_ BlockStatement_ LocalVariableDeclaration_ MethodInvocation_ IfStatement_ BlockStatement_ BreakStatement_ StatementExpression_ StatementExpression_ IfStatement_ BlockStatement_ IfStatement_ BlockStatement_ StatementExpression_ MethodInvocation_ StatementExpression_ ReturnStatement_ MethodDeclaration_getCurrentBlockNum ReturnStatement_ MethodDeclaration_getCurrentRecordNum ReturnStatement_ MethodDeclaration_writeRecord FormalParameter_record IfStatement_ BlockStatement_ StatementExpression_ MethodInvocation_ IfStatement_ BlockStatement_ ThrowStatement_ IfStatement_ BlockStatement_ ThrowStatement_ IfStatement_ BlockStatement_ StatementExpression_ MethodInvocation_ StatementExpression_ MethodInvocation_ StatementExpression_ MethodDeclaration_writeRecord FormalParameter_buf FormalParameter_offset IfStatement_ BlockStatement_ StatementExpression_ MethodInvocation_ IfStatement_ BlockStatement_ ThrowStatement_ IfStatement_ BlockStatement_ ThrowStatement_ IfStatement_ BlockStatement_ StatementExpression_ MethodInvocation_ StatementExpression_ MethodInvocation_ StatementExpression_ MethodDeclaration_writeBlock IfStatement_ BlockStatement_ StatementExpression_ MethodInvocation_ IfStatement_ BlockStatement_ ThrowStatement_ StatementExpression_ MethodInvocation_ StatementExpression_ MethodInvocation_ StatementExpression_ StatementExpression_ MethodDeclaration_flushBlock IfStatement_ BlockStatement_ StatementExpression_ MethodInvocation_ IfStatement_ BlockStatement_ ThrowStatement_ IfStatement_ BlockStatement_ StatementExpression_ MethodInvocation_ MethodDeclaration_close IfStatement_ BlockStatement_ StatementExpression_ MethodInvocation_ IfStatement_ BlockStatement_ StatementExpression_ MethodInvocation_ IfStatement_ BlockStatement_ StatementExpression_ MethodInvocation_ StatementExpression_ IfStatement_ BlockStatement_ IfStatement_ BlockStatement_ StatementExpression_ MethodInvocation_ StatementExpression_,"package org apache tools tar import java io public class TarBuffer public static final int DEFAULT_RCDSIZE 512 public static final int DEFAULT_BLKSIZE DEFAULT_RCDSIZE 20 private InputStream inStream private OutputStream outStream private byte blockBuffer private int currBlkIdx private int currRecIdx private int blockSize private int recordSize private int recsPerBlock private boolean debug public TarBuffer InputStream inStream this inStream TarBuffer DEFAULT_BLKSIZE public TarBuffer InputStream inStream int blockSize this inStream blockSize TarBuffer DEFAULT_RCDSIZE public TarBuffer InputStream inStream int blockSize int recordSize this inStream inStream this outStream null this initialize blockSize recordSize public TarBuffer OutputStream outStream this outStream TarBuffer DEFAULT_BLKSIZE public TarBuffer OutputStream outStream int blockSize this outStream blockSize TarBuffer DEFAULT_RCDSIZE public TarBuffer OutputStream outStream int blockSize int recordSize this inStream null this outStream outStream this initialize blockSize recordSize private void initialize int blockSize int recordSize this debug false this blockSize blockSize this recordSize recordSize this recsPerBlock this blockSize this recordSize this blockBuffer new byte this blockSize if this inStream null this currBlkIdx 1 this currRecIdx this recsPerBlock else this currBlkIdx 0 this currRecIdx 0 public int getBlockSize return this blockSize public int getRecordSize return this recordSize public void setDebug boolean debug this debug debug public boolean isEOFRecord byte record for int i 0 sz this getRecordSize i sz i if record i 0 return false return true public void skipRecord throws IOException if this debug System err println ""SkipRecord: recIdx = "" this currRecIdx "" blkIdx = "" this currBlkIdx if this inStream null throw new IOException ""reading (via skip) from an output buffer"" if this currRecIdx this recsPerBlock if this readBlock return this currRecIdx public byte readRecord throws IOException if this debug System err println ""ReadRecord: recIdx = "" this currRecIdx "" blkIdx = "" this currBlkIdx if this inStream null throw new IOException ""reading from an output buffer"" if this currRecIdx this recsPerBlock if this readBlock return null byte result new byte this recordSize System arraycopy this blockBuffer this currRecIdx this recordSize result 0 this recordSize this currRecIdx return result private boolean readBlock throws IOException if this debug System err println ""ReadBlock: blkIdx = "" this currBlkIdx if this inStream null throw new IOException ""reading from an output buffer"" this currRecIdx 0 int offset 0 int bytesNeeded this blockSize while bytesNeeded 0 long numBytes this inStream read this blockBuffer offset bytesNeeded if numBytes 1 break offset numBytes bytesNeeded numBytes if numBytes this blockSize if this debug System err println ""ReadBlock: INCOMPLETE READ "" numBytes "" of "" this blockSize "" bytes read."" this currBlkIdx return true public int getCurrentBlockNum return this currBlkIdx public int getCurrentRecordNum return this currRecIdx 1 public void writeRecord byte record throws IOException if this debug System err println ""WriteRecord: recIdx = "" this currRecIdx "" blkIdx = "" this currBlkIdx if this outStream null throw new IOException ""writing to an input buffer"" if record length this recordSize throw new IOException ""record to write has length '"" record length ""' which is not the record size of '"" this recordSize ""'"" if this currRecIdx this recsPerBlock this writeBlock System arraycopy record 0 this blockBuffer this currRecIdx this recordSize this recordSize this currRecIdx public void writeRecord byte buf int offset throws IOException if this debug System err println ""WriteRecord: recIdx = "" this currRecIdx "" blkIdx = "" this currBlkIdx if this outStream null throw new IOException ""writing to an input buffer"" if offset this recordSize buf length throw new IOException ""record has length '"" buf length ""' with offset '"" offset ""' which is less than the record size of '"" this recordSize ""'"" if this currRecIdx this recsPerBlock this writeBlock System arraycopy buf offset this blockBuffer this currRecIdx this recordSize this recordSize this currRecIdx private void writeBlock throws IOException if this debug System err println ""WriteBlock: blkIdx = "" this currBlkIdx if this outStream null throw new IOException ""writing to an input buffer"" this outStream write this blockBuffer 0 this blockSize this outStream flush this currRecIdx 0 this currBlkIdx private void flushBlock throws IOException if this debug System err println ""TarBuffer.flushBlock() called."" if this outStream null throw new IOException ""writing to an input buffer"" if this currRecIdx 0 this writeBlock public void close throws IOException if this debug System err println ""TarBuffer.closeBuffer()."" if this outStream null this flushBlock if this outStream System out this outStream System err this outStream close this outStream null else if this inStream null if this inStream System in this inStream close this inStream null"
org.apache.tools.ant.types.Environment,3,1,1,5,9,0,3,2,3,0.0,47,1.0,0,0.0,0.666666667,0,0,14.33333333,1,0.6667,0,PackageDeclaration_org.apache.tools.ant.types ClassDeclaration_Environment FieldDeclaration_ ClassDeclaration_Variable FieldDeclaration_ ConstructorDeclaration_Variable StatementExpression_ MethodDeclaration_setKey FormalParameter_key StatementExpression_ MethodDeclaration_setValue FormalParameter_value StatementExpression_ MethodDeclaration_getKey ReturnStatement_ MethodDeclaration_getValue ReturnStatement_ MethodDeclaration_setPath FormalParameter_path StatementExpression_ MethodInvocation_ MethodDeclaration_setFile FormalParameter_file StatementExpression_ MethodInvocation_ MethodDeclaration_getContent IfStatement_ BlockStatement_ ThrowStatement_ LocalVariableDeclaration_ MethodInvocation_ StatementExpression_ MethodInvocation_ MethodInvocation_ MethodInvocation_ ReturnStatement_ MethodInvocation_ ConstructorDeclaration_Environment StatementExpression_ MethodDeclaration_addVariable FormalParameter_var StatementExpression_ MethodInvocation_ MethodDeclaration_getVariables IfStatement_ MethodInvocation_ BlockStatement_ ReturnStatement_ LocalVariableDeclaration_ MethodInvocation_ ForStatement_ VariableDeclaration_ BlockStatement_ StatementExpression_ MethodInvocation_ ReturnStatement_,"package org apache tools ant types import org apache tools ant BuildException import java util Vector public class Environment protected Vector variables public static class Variable private String key value public Variable super public void setKey String key this key key public void setValue String value this value value public String getKey return this key public String getValue return this value public void setPath Path path this value path toString public void setFile java io File file this value file getAbsolutePath public String getContent throws BuildException if key null value null throw new BuildException ""key and value must be specified for environment variables."" StringBuffer sb new StringBuffer key trim sb append ""="" append value trim return sb toString public Environment variables new Vector public void addVariable Variable var variables addElement var public String getVariables throws BuildException if variables size 0 return null String result new String variables size for int i 0 i result length i result i Variable variables elementAt i getContent return result"
org.apache.tools.tar.TarOutputStream,15,3,0,3,37,41,1,2,14,0.696428571,437,0.75,1,0.454545455,0.311111111,1,2,27.33333333,1,0.8,0,PackageDeclaration_org.apache.tools.tar ClassDeclaration_TarOutputStream FieldDeclaration_ FieldDeclaration_ FieldDeclaration_ FieldDeclaration_ FieldDeclaration_ FieldDeclaration_ FieldDeclaration_ FieldDeclaration_ FieldDeclaration_ FieldDeclaration_ FieldDeclaration_ FieldDeclaration_ ConstructorDeclaration_TarOutputStream FormalParameter_os StatementExpression_ ConstructorDeclaration_TarOutputStream FormalParameter_os FormalParameter_blockSize StatementExpression_ ConstructorDeclaration_TarOutputStream FormalParameter_os FormalParameter_blockSize FormalParameter_recordSize StatementExpression_ StatementExpression_ StatementExpression_ StatementExpression_ StatementExpression_ StatementExpression_ StatementExpression_ MethodDeclaration_setLongFileMode FormalParameter_longFileMode StatementExpression_ MethodDeclaration_setDebug FormalParameter_debugF StatementExpression_ MethodDeclaration_setBufferDebug FormalParameter_debug StatementExpression_ MethodInvocation_ MethodDeclaration_finish StatementExpression_ MethodInvocation_ MethodDeclaration_close StatementExpression_ MethodInvocation_ StatementExpression_ MethodInvocation_ MethodDeclaration_getRecordSize ReturnStatement_ MethodInvocation_ MethodDeclaration_putNextEntry FormalParameter_entry IfStatement_ MethodInvocation_ MethodInvocation_ BlockStatement_ IfStatement_ BlockStatement_ LocalVariableDeclaration_ StatementExpression_ MethodInvocation_ MethodInvocation_ MethodInvocation_ StatementExpression_ MethodInvocation_ StatementExpression_ MethodInvocation_ MethodInvocation_ MethodInvocation_ StatementExpression_ MethodInvocation_ StatementExpression_ MethodInvocation_ IfStatement_ BlockStatement_ ThrowStatement_ MethodInvocation_ StatementExpression_ MethodInvocation_ StatementExpression_ MethodInvocation_ StatementExpression_ IfStatement_ MethodInvocation_ BlockStatement_ StatementExpression_ BlockStatement_ StatementExpression_ MethodInvocation_ MethodDeclaration_closeEntry IfStatement_ BlockStatement_ ForStatement_ VariableDeclaration_ BlockStatement_ StatementExpression_ StatementExpression_ MethodInvocation_ StatementExpression_ StatementExpression_ IfStatement_ BlockStatement_ ThrowStatement_ MethodDeclaration_write FormalParameter_b StatementExpression_ StatementExpression_ MethodInvocation_ MethodDeclaration_write FormalParameter_wBuf StatementExpression_ MethodInvocation_ MethodDeclaration_write FormalParameter_wBuf FormalParameter_wOffset FormalParameter_numToWrite IfStatement_ BlockStatement_ ThrowStatement_ IfStatement_ BlockStatement_ IfStatement_ BlockStatement_ LocalVariableDeclaration_ StatementExpression_ MethodInvocation_ StatementExpression_ MethodInvocation_ StatementExpression_ MethodInvocation_ StatementExpression_ StatementExpression_ StatementExpression_ StatementExpression_ BlockStatement_ StatementExpression_ MethodInvocation_ StatementExpression_ StatementExpression_ StatementExpression_ WhileStatement_ BlockStatement_ IfStatement_ BlockStatement_ StatementExpression_ MethodInvocation_ StatementExpression_ BreakStatement_ StatementExpression_ MethodInvocation_ LocalVariableDeclaration_ StatementExpression_ StatementExpression_ StatementExpression_ MethodDeclaration_writeEOFRecord ForStatement_ VariableDeclaration_ BlockStatement_ StatementExpression_ StatementExpression_ MethodInvocation_,"package org apache tools tar import java io public class TarOutputStream extends FilterOutputStream static public final int LONGFILE_ERROR 0 static public final int LONGFILE_TRUNCATE 1 static public final int LONGFILE_GNU 2 protected boolean debug protected int currSize protected int currBytes protected byte oneBuf protected byte recordBuf protected int assemLen protected byte assemBuf protected TarBuffer buffer protected int longFileMode LONGFILE_ERROR public TarOutputStream OutputStream os this os TarBuffer DEFAULT_BLKSIZE TarBuffer DEFAULT_RCDSIZE public TarOutputStream OutputStream os int blockSize this os blockSize TarBuffer DEFAULT_RCDSIZE public TarOutputStream OutputStream os int blockSize int recordSize super os this buffer new TarBuffer os blockSize recordSize this debug false this assemLen 0 this assemBuf new byte recordSize this recordBuf new byte recordSize this oneBuf new byte 1 public void setLongFileMode int longFileMode this longFileMode longFileMode public void setDebug boolean debugF this debug debugF public void setBufferDebug boolean debug this buffer setDebug debug public void finish throws IOException this writeEOFRecord public void close throws IOException this finish this buffer close public int getRecordSize return this buffer getRecordSize public void putNextEntry TarEntry entry throws IOException if entry getName length TarConstants NAMELEN if longFileMode LONGFILE_GNU TarEntry longLinkEntry new TarEntry TarConstants GNU_LONGLINK TarConstants LF_GNUTYPE_LONGNAME longLinkEntry setSize entry getName length 1 putNextEntry longLinkEntry write entry getName getBytes write 0 closeEntry else if longFileMode LONGFILE_TRUNCATE throw new RuntimeException ""file name '"" entry getName ""' is too long ( > "" TarConstants NAMELEN "" bytes)"" entry writeEntryHeader this recordBuf this buffer writeRecord this recordBuf this currBytes 0 if entry isDirectory this currSize 0 else this currSize int entry getSize public void closeEntry throws IOException if this assemLen 0 for int i this assemLen i this assemBuf length i this assemBuf i 0 this buffer writeRecord this assemBuf this currBytes this assemLen this assemLen 0 if this currBytes this currSize throw new IOException ""entry closed at '"" this currBytes ""' before the '"" this currSize ""' bytes specified in the header were written"" public void write int b throws IOException this oneBuf 0 byte b this write this oneBuf 0 1 public void write byte wBuf throws IOException this write wBuf 0 wBuf length public void write byte wBuf int wOffset int numToWrite throws IOException if this currBytes numToWrite this currSize throw new IOException ""request to write '"" numToWrite ""' bytes exceeds size in header of '"" this currSize ""' bytes"" if this assemLen 0 if this assemLen numToWrite this recordBuf length int aLen this recordBuf length this assemLen System arraycopy this assemBuf 0 this recordBuf 0 this assemLen System arraycopy wBuf wOffset this recordBuf this assemLen aLen this buffer writeRecord this recordBuf this currBytes this recordBuf length wOffset aLen numToWrite aLen this assemLen 0 else System arraycopy wBuf wOffset this assemBuf this assemLen numToWrite wOffset numToWrite this assemLen numToWrite numToWrite numToWrite while numToWrite 0 if numToWrite this recordBuf length System arraycopy wBuf wOffset this assemBuf this assemLen numToWrite this assemLen numToWrite break this buffer writeRecord wBuf wOffset int num this recordBuf length this currBytes num numToWrite num wOffset num private void writeEOFRecord throws IOException for int i 0 i this recordBuf length i this recordBuf i 0 this buffer writeRecord this recordBuf"
org.apache.tools.ant.FileScanner,13,1,0,4,13,78,4,0,13,2.0,13,0.0,0,0.0,0.326923077,0,0,0.0,1,1.0,0,PackageDeclaration_org.apache.tools.ant InterfaceDeclaration_FileScanner MethodDeclaration_addDefaultExcludes MethodDeclaration_getBasedir MethodDeclaration_getExcludedDirectories MethodDeclaration_getExcludedFiles MethodDeclaration_getIncludedDirectories MethodDeclaration_getIncludedFiles MethodDeclaration_getNotIncludedDirectories MethodDeclaration_getNotIncludedFiles MethodDeclaration_scan MethodDeclaration_setBasedir FormalParameter_basedir MethodDeclaration_setBasedir FormalParameter_basedir MethodDeclaration_setExcludes FormalParameter_excludes MethodDeclaration_setIncludes FormalParameter_includes,package org apache tools ant import java io public interface FileScanner public void addDefaultExcludes public File getBasedir public String getExcludedDirectories public String getExcludedFiles public String getIncludedDirectories public String getIncludedFiles public String getNotIncludedDirectories public String getNotIncludedFiles public void scan public void setBasedir String basedir public void setBasedir File basedir public void setExcludes String excludes public void setIncludes String includes
org.apache.tools.ant.taskdefs.compilers.DefaultCompilerAdapter,10,1,4,17,81,5,4,13,4,0.783625731,743,1.0,7,0.0,0.259259259,0,0,71.4,14,4.2,1,PackageDeclaration_org.apache.tools.ant.taskdefs.compilers ClassDeclaration_DefaultCompilerAdapter FieldDeclaration_ FieldDeclaration_ FieldDeclaration_ FieldDeclaration_ FieldDeclaration_ FieldDeclaration_ FieldDeclaration_ FieldDeclaration_ FieldDeclaration_ FieldDeclaration_ FieldDeclaration_ FieldDeclaration_ FieldDeclaration_ FieldDeclaration_ FieldDeclaration_ FieldDeclaration_ FieldDeclaration_ FieldDeclaration_ MethodInvocation_ FieldDeclaration_ MethodDeclaration_setJavac FormalParameter_attributes StatementExpression_ StatementExpression_ MethodInvocation_ StatementExpression_ MethodInvocation_ StatementExpression_ MethodInvocation_ StatementExpression_ MethodInvocation_ StatementExpression_ MethodInvocation_ StatementExpression_ MethodInvocation_ StatementExpression_ MethodInvocation_ StatementExpression_ MethodInvocation_ StatementExpression_ MethodInvocation_ StatementExpression_ MethodInvocation_ StatementExpression_ MethodInvocation_ StatementExpression_ MethodInvocation_ StatementExpression_ MethodInvocation_ StatementExpression_ MethodInvocation_ StatementExpression_ MethodInvocation_ StatementExpression_ MethodInvocation_ StatementExpression_ MethodInvocation_ MethodDeclaration_getJavac ReturnStatement_ MethodDeclaration_getCompileClasspath LocalVariableDeclaration_ IfStatement_ BlockStatement_ StatementExpression_ MethodInvocation_ IfStatement_ BlockStatement_ IfStatement_ BlockStatement_ StatementExpression_ MethodInvocation_ BlockStatement_ IfStatement_ BlockStatement_ StatementExpression_ MethodInvocation_ MethodInvocation_ BlockStatement_ StatementExpression_ MethodInvocation_ MethodInvocation_ IfStatement_ BlockStatement_ IfStatement_ MethodInvocation_ MethodInvocation_ MethodInvocation_ BlockStatement_ LocalVariableDeclaration_ StatementExpression_ MethodInvocation_ MethodInvocation_ StatementExpression_ MethodInvocation_ StatementExpression_ MethodInvocation_ IfStatement_ MethodInvocation_ BlockStatement_ StatementExpression_ MethodInvocation_ MethodInvocation_ BlockStatement_ StatementExpression_ MethodInvocation_ MethodInvocation_ StatementExpression_ MethodInvocation_ MethodInvocation_ ReturnStatement_ MethodDeclaration_setupJavacCommand LocalVariableDeclaration_ LocalVariableDeclaration_ MethodInvocation_ IfStatement_ BlockStatement_ StatementExpression_ MethodInvocation_ MethodInvocation_ IfStatement_ BlockStatement_ StatementExpression_ MethodInvocation_ MethodInvocation_ StatementExpression_ MethodInvocation_ MethodInvocation_ StatementExpression_ MethodInvocation_ MethodInvocation_ IfStatement_ MethodInvocation_ MethodInvocation_ BlockStatement_ StatementExpression_ MethodInvocation_ MethodInvocation_ MethodInvocation_ MethodInvocation_ BlockStatement_ StatementExpression_ MethodInvocation_ MethodInvocation_ StatementExpression_ MethodInvocation_ MethodInvocation_ StatementExpression_ MethodInvocation_ MethodInvocation_ IfStatement_ BlockStatement_ StatementExpression_ MethodInvocation_ MethodInvocation_ StatementExpression_ MethodInvocation_ MethodInvocation_ IfStatement_ BlockStatement_ StatementExpression_ MethodInvocation_ MethodInvocation_ StatementExpression_ MethodInvocation_ MethodInvocation_ IfStatement_ BlockStatement_ StatementExpression_ MethodInvocation_ MethodInvocation_ IfStatement_ BlockStatement_ StatementExpression_ MethodInvocation_ MethodInvocation_ IfStatement_ BlockStatement_ StatementExpression_ MethodInvocation_ MethodInvocation_ StatementExpression_ MethodInvocation_ MethodInvocation_ IfStatement_ BlockStatement_ StatementExpression_ MethodInvocation_ MethodInvocation_ StatementExpression_ MethodInvocation_ MethodInvocation_ IfStatement_ BlockStatement_ IfStatement_ MethodInvocation_ MethodInvocation_ BlockStatement_ StatementExpression_ MethodInvocation_ MethodInvocation_ IfStatement_ MethodInvocation_ MethodInvocation_ BlockStatement_ StatementExpression_ MethodInvocation_ MethodInvocation_ BlockStatement_ StatementExpression_ MethodInvocation_ IfStatement_ BlockStatement_ StatementExpression_ MethodInvocation_ MethodInvocation_ StatementExpression_ MethodInvocation_ ReturnStatement_ MethodDeclaration_logAndAddFilesToCompile FormalParameter_cmd StatementExpression_ MethodInvocation_ MethodInvocation_ LocalVariableDeclaration_ IfStatement_ BlockStatement_ StatementExpression_ MethodInvocation_ StatementExpression_ MethodInvocation_ StatementExpression_ MethodInvocation_ ForStatement_ VariableDeclaration_ BlockStatement_ LocalVariableDeclaration_ MethodInvocation_ StatementExpression_ MethodInvocation_ MethodInvocation_ StatementExpression_ MethodInvocation_ StatementExpression_ MethodInvocation_ MethodInvocation_ MethodDeclaration_executeExternalCompile FormalParameter_args FormalParameter_firstFileName LocalVariableDeclaration_ LocalVariableDeclaration_ TryStatement_ IfStatement_ MethodInvocation_ MethodInvocation_ BlockStatement_ LocalVariableDeclaration_ TryStatement_ StatementExpression_ MethodInvocation_ MethodInvocation_ StatementExpression_ ForStatement_ VariableDeclaration_ BlockStatement_ StatementExpression_ MethodInvocation_ StatementExpression_ MethodInvocation_ StatementExpression_ StatementExpression_ MethodInvocation_ StatementExpression_ MethodInvocation_ CatchClause_ CatchClauseParameter_e ThrowStatement_ IfStatement_ BlockStatement_ TryStatement_ StatementExpression_ MethodInvocation_ CatchClause_ CatchClauseParameter_t BlockStatement_ StatementExpression_ TryStatement_ LocalVariableDeclaration_ StatementExpression_ MethodInvocation_ StatementExpression_ MethodInvocation_ MethodInvocation_ StatementExpression_ MethodInvocation_ StatementExpression_ MethodInvocation_ ReturnStatement_ MethodInvocation_ CatchClause_ CatchClauseParameter_e ThrowStatement_ IfStatement_ BlockStatement_ StatementExpression_ MethodInvocation_ MethodDeclaration_addExtdirsToClasspath FormalParameter_classpath IfStatement_ BlockStatement_ LocalVariableDeclaration_ MethodInvocation_ IfStatement_ BlockStatement_ StatementExpression_ BlockStatement_ ReturnStatement_ LocalVariableDeclaration_ MethodInvocation_ ForStatement_ VariableDeclaration_ BlockStatement_ IfStatement_ MethodInvocation_ BlockStatement_ StatementExpression_ LocalVariableDeclaration_ MethodInvocation_ LocalVariableDeclaration_ StatementExpression_ MethodInvocation_ StatementExpression_ MethodInvocation_ StatementExpression_ MethodInvocation_,"package org apache tools ant taskdefs compilers import org apache tools ant import org apache tools ant taskdefs import org apache tools ant types import java io import java util Random public abstract class DefaultCompilerAdapter implements CompilerAdapter protected Path src protected File destDir protected String encoding protected boolean debug false protected boolean optimize false protected boolean deprecation false protected boolean depend false protected boolean verbose false protected String target protected Path bootclasspath protected Path extdirs protected Path compileClasspath protected Project project protected Location location protected boolean includeAntRuntime protected boolean includeJavaRuntime protected File compileList protected static String lSep System getProperty ""line.separator"" protected Javac attributes public void setJavac Javac attributes this attributes attributes src attributes getSrcdir destDir attributes getDestdir encoding attributes getEncoding debug attributes getDebug optimize attributes getOptimize deprecation attributes getDeprecation depend attributes getDepend verbose attributes getVerbose target attributes getTarget bootclasspath attributes getBootclasspath extdirs attributes getExtdirs compileList attributes getFileList compileClasspath attributes getClasspath project attributes getProject location attributes getLocation includeAntRuntime attributes getIncludeantruntime includeJavaRuntime attributes getIncludejavaruntime public Javac getJavac return attributes protected Path getCompileClasspath Path classpath new Path project if destDir null classpath setLocation destDir if compileClasspath null if includeAntRuntime classpath addExisting Path systemClasspath else if includeAntRuntime classpath addExisting compileClasspath concatSystemClasspath ""last"" else classpath addExisting compileClasspath concatSystemClasspath ""ignore"" if includeJavaRuntime if System getProperty ""java.vendor"" toLowerCase indexOf ""microsoft"" 0 FileSet msZipFiles new FileSet msZipFiles setDir new File System getProperty ""java.home"" File separator ""Packages"" msZipFiles setIncludes ""*.ZIP"" classpath addFileset msZipFiles else if Project getJavaVersion Project JAVA_1_1 classpath addExisting new Path null System getProperty ""java.home"" File separator ""lib"" File separator ""classes.zip"" else classpath addExisting new Path null System getProperty ""java.home"" File separator ""lib"" File separator ""rt.jar"" classpath addExisting new Path null System getProperty ""java.home"" File separator ""jre"" File separator ""lib"" File separator ""rt.jar"" return classpath protected Commandline setupJavacCommand Commandline cmd new Commandline Path classpath getCompileClasspath if deprecation true cmd createArgument setValue ""-deprecation"" if destDir null cmd createArgument setValue ""-d"" cmd createArgument setFile destDir cmd createArgument setValue ""-classpath"" if Project getJavaVersion startsWith ""1.1"" cmd createArgument setValue classpath toString File pathSeparator src toString else cmd createArgument setPath classpath cmd createArgument setValue ""-sourcepath"" cmd createArgument setPath src if target null cmd createArgument setValue ""-target"" cmd createArgument setValue target if encoding null cmd createArgument setValue ""-encoding"" cmd createArgument setValue encoding if debug cmd createArgument setValue ""-g"" if optimize cmd createArgument setValue ""-O"" if bootclasspath null cmd createArgument setValue ""-bootclasspath"" cmd createArgument setPath bootclasspath if extdirs null cmd createArgument setValue ""-extdirs"" cmd createArgument setPath extdirs if depend if Project getJavaVersion startsWith ""1.1"" cmd createArgument setValue ""-depend"" else if Project getJavaVersion startsWith ""1.2"" cmd createArgument setValue ""-Xdepend"" else attributes log ""depend attribute is not supported by the modern compiler"" Project MSG_WARN if verbose cmd createArgument setValue ""-verbose"" logAndAddFilesToCompile cmd return cmd protected void logAndAddFilesToCompile Commandline cmd attributes log ""Compilation args: "" cmd toString Project MSG_VERBOSE StringBuffer niceSourceList new StringBuffer ""File"" if compileList length 1 niceSourceList append ""s"" niceSourceList append "" to be compiled:"" niceSourceList append lSep for int i 0 i compileList length i String arg compileList i getAbsolutePath cmd createArgument setValue arg niceSourceList append ""    "" arg lSep attributes log niceSourceList toString Project MSG_VERBOSE protected int executeExternalCompile String args int firstFileName String commandArray null File tmpFile null try if Commandline toString args length 4096 PrintWriter out null try tmpFile new File ""jikes"" new Random System currentTimeMillis nextLong out new PrintWriter new FileWriter tmpFile for int i firstFileName i args length i out println args i out flush commandArray new String firstFileName 1 System arraycopy args 0 commandArray 0 firstFileName commandArray firstFileName ""@"" tmpFile getAbsolutePath catch IOException e throw new BuildException ""Error creating temporary file"" e location finally if out null try out close catch Throwable t else commandArray args try Execute exe new Execute new LogStreamHandler attributes Project MSG_INFO Project MSG_WARN exe setAntRun project exe setWorkingDirectory project getBaseDir exe setCommandline commandArray exe execute return exe getExitValue catch IOException e throw new BuildException ""Error running "" args 0 "" compiler"" e location finally if tmpFile null tmpFile delete protected void addExtdirsToClasspath Path classpath if extdirs null String extProp System getProperty ""java.ext.dirs"" if extProp null extdirs new Path project extProp else return String dirs extdirs list for int i 0 i dirs length i if dirs i endsWith File separator dirs i File separator File dir project resolveFile dirs i FileSet fs new FileSet fs setDir dir fs setIncludes ""*"" classpath addFileset fs"
org.apache.tools.tar.TarUtils,8,1,0,1,14,28,1,0,8,2.0,274,0.0,0,0.0,0.45,0,0,33.25,7,2.875,0,PackageDeclaration_org.apache.tools.tar ClassDeclaration_TarUtils MethodDeclaration_parseOctal FormalParameter_header FormalParameter_offset FormalParameter_length LocalVariableDeclaration_ LocalVariableDeclaration_ LocalVariableDeclaration_ ForStatement_ VariableDeclaration_ BlockStatement_ IfStatement_ BlockStatement_ BreakStatement_ IfStatement_ BlockStatement_ IfStatement_ BlockStatement_ ContinueStatement_ IfStatement_ BlockStatement_ BreakStatement_ StatementExpression_ StatementExpression_ ReturnStatement_ MethodDeclaration_parseName FormalParameter_header FormalParameter_offset FormalParameter_length LocalVariableDeclaration_ LocalVariableDeclaration_ ForStatement_ VariableDeclaration_ BlockStatement_ IfStatement_ BlockStatement_ BreakStatement_ StatementExpression_ MethodInvocation_ ReturnStatement_ MethodDeclaration_getNameBytes FormalParameter_name FormalParameter_buf FormalParameter_offset FormalParameter_length LocalVariableDeclaration_ ForStatement_ MethodInvocation_ BlockStatement_ StatementExpression_ MethodInvocation_ ForStatement_ BlockStatement_ StatementExpression_ ReturnStatement_ MethodDeclaration_getOctalBytes FormalParameter_value FormalParameter_buf FormalParameter_offset FormalParameter_length LocalVariableDeclaration_ LocalVariableDeclaration_ StatementExpression_ StatementExpression_ StatementExpression_ StatementExpression_ IfStatement_ BlockStatement_ StatementExpression_ StatementExpression_ BlockStatement_ ForStatement_ VariableDeclaration_ BlockStatement_ StatementExpression_ StatementExpression_ ForStatement_ BlockStatement_ StatementExpression_ ReturnStatement_ MethodDeclaration_getLongOctalBytes FormalParameter_value FormalParameter_buf FormalParameter_offset FormalParameter_length LocalVariableDeclaration_ StatementExpression_ MethodInvocation_ StatementExpression_ MethodInvocation_ ReturnStatement_ MethodDeclaration_getCheckSumOctalBytes FormalParameter_value FormalParameter_buf FormalParameter_offset FormalParameter_length StatementExpression_ MethodInvocation_ StatementExpression_ StatementExpression_ ReturnStatement_ MethodDeclaration_computeCheckSum FormalParameter_buf LocalVariableDeclaration_ ForStatement_ VariableDeclaration_ BlockStatement_ StatementExpression_ ReturnStatement_,package org apache tools tar public class TarUtils public static long parseOctal byte header int offset int length long result 0 boolean stillPadding true int end offset length for int i offset i end i if header i 0 break if header i byte ' ' header i '0' if stillPadding continue if header i byte ' ' break stillPadding false result result 3 header i '0' return result public static StringBuffer parseName byte header int offset int length StringBuffer result new StringBuffer length int end offset length for int i offset i end i if header i 0 break result append char header i return result public static int getNameBytes StringBuffer name byte buf int offset int length int i for i 0 i length i name length i buf offset i byte name charAt i for i length i buf offset i 0 return offset length public static int getOctalBytes long value byte buf int offset int length byte result new byte length int idx length 1 buf offset idx 0 idx buf offset idx byte ' ' idx if value 0 buf offset idx byte '0' idx else for long val value idx 0 val 0 idx buf offset idx byte byte '0' byte val 7 val val 3 for idx 0 idx buf offset idx byte ' ' return offset length public static int getLongOctalBytes long value byte buf int offset int length byte temp new byte length 1 getOctalBytes value temp 0 length 1 System arraycopy temp 0 buf offset length return offset length public static int getCheckSumOctalBytes long value byte buf int offset int length getOctalBytes value buf offset length buf offset length 1 byte ' ' buf offset length 2 0 return offset length public static long computeCheckSum byte buf long sum 0 for int i 0 i buf length i sum 255 buf i return sum
org.apache.tools.ant.taskdefs.GZip,6,3,0,4,25,11,0,4,4,0.8,157,1.0,0,0.880952381,0.4,2,2,24.83333333,1,0.8333,0,PackageDeclaration_org.apache.tools.ant.taskdefs ClassDeclaration_GZip FieldDeclaration_ FieldDeclaration_ MethodDeclaration_setZipfile FormalParameter_zipFilename StatementExpression_ MethodInvocation_ MethodDeclaration_setSrc FormalParameter_src StatementExpression_ MethodInvocation_ MethodDeclaration_execute IfStatement_ BlockStatement_ ThrowStatement_ IfStatement_ BlockStatement_ ThrowStatement_ StatementExpression_ MethodInvocation_ MethodInvocation_ LocalVariableDeclaration_ TryStatement_ StatementExpression_ IfStatement_ MethodInvocation_ BlockStatement_ StatementExpression_ MethodInvocation_ BlockStatement_ StatementExpression_ MethodInvocation_ CatchClause_ CatchClauseParameter_ioe LocalVariableDeclaration_ MethodInvocation_ ThrowStatement_ IfStatement_ BlockStatement_ TryStatement_ StatementExpression_ MethodInvocation_ CatchClause_ CatchClauseParameter_e MethodDeclaration_zipFile FormalParameter_in FormalParameter_zOut LocalVariableDeclaration_ LocalVariableDeclaration_ DoStatement_ BlockStatement_ StatementExpression_ MethodInvocation_ StatementExpression_ MethodInvocation_ MethodDeclaration_zipFile FormalParameter_file FormalParameter_zOut LocalVariableDeclaration_ TryStatement_ StatementExpression_ MethodInvocation_ StatementExpression_ MethodInvocation_,"package org apache tools ant taskdefs import org apache tools ant import java io import java util zip public class GZip extends Task private File zipFile private File source public void setZipfile String zipFilename zipFile project resolveFile zipFilename public void setSrc String src source project resolveFile src public void execute throws BuildException if zipFile null throw new BuildException ""zipfile attribute is required"" location if source null throw new BuildException ""src attribute is required"" location log ""Building gzip: "" zipFile getAbsolutePath GZIPOutputStream zOut null try zOut new GZIPOutputStream new FileOutputStream zipFile if source isDirectory log ""Cannot Gzip a directory!"" Project MSG_ERR else zipFile source zOut catch IOException ioe String msg ""Problem creating gzip "" ioe getMessage throw new BuildException msg ioe location finally if zOut null try zOut close catch IOException e private void zipFile InputStream in GZIPOutputStream zOut throws IOException byte buffer new byte 8 1024 int count 0 do zOut write buffer 0 count count in read buffer 0 buffer length while count 1 private void zipFile File file GZIPOutputStream zOut throws IOException FileInputStream fIn new FileInputStream file try zipFile fIn zOut finally fIn close"
org.apache.tools.ant.taskdefs.Touch,8,3,0,7,32,8,3,4,5,0.738095238,300,0.833333333,0,0.860465116,0.357142857,1,1,35.75,1,0.75,0,PackageDeclaration_org.apache.tools.ant.taskdefs ClassDeclaration_Touch FieldDeclaration_ FieldDeclaration_ FieldDeclaration_ FieldDeclaration_ FieldDeclaration_ MethodDeclaration_setFile FormalParameter_file StatementExpression_ MethodDeclaration_setMillis FormalParameter_millis StatementExpression_ MethodDeclaration_setDatetime FormalParameter_dateTime StatementExpression_ MethodDeclaration_execute IfStatement_ MethodInvocation_ MethodInvocation_ BlockStatement_ StatementExpression_ MethodInvocation_ ReturnStatement_ IfStatement_ BlockStatement_ LocalVariableDeclaration_ MethodInvocation_ TryStatement_ StatementExpression_ MethodInvocation_ MethodInvocation_ MethodInvocation_ CatchClause_ CatchClauseParameter_pe ThrowStatement_ MethodInvocation_ IfStatement_ MethodInvocation_ BlockStatement_ StatementExpression_ MethodInvocation_ StatementExpression_ MethodInvocation_ MethodDeclaration_touch IfStatement_ MethodInvocation_ BlockStatement_ StatementExpression_ MethodInvocation_ TryStatement_ LocalVariableDeclaration_ StatementExpression_ MethodInvocation_ StatementExpression_ MethodInvocation_ CatchClause_ CatchClauseParameter_ioe ThrowStatement_ IfStatement_ MethodInvocation_ BlockStatement_ ReturnStatement_ IfStatement_ BlockStatement_ SynchronizedStatement_ IfStatement_ BlockStatement_ TryStatement_ StatementExpression_ MethodInvocation_ CatchClause_ CatchClauseParameter_nse ThrowStatement_ LocalVariableDeclaration_ IfStatement_ BlockStatement_ StatementExpression_ MethodInvocation_ BlockStatement_ StatementExpression_ TryStatement_ StatementExpression_ MethodInvocation_ StatementExpression_ MethodInvocation_ CatchClause_ CatchClauseParameter_ite LocalVariableDeclaration_ MethodInvocation_ ThrowStatement_ CatchClause_ CatchClauseParameter_other ThrowStatement_,"package org apache tools ant taskdefs import org apache tools ant import java io File import java io FileOutputStream import java io IOException import java lang reflect InvocationTargetException import java lang reflect Method import java text DateFormat import java text ParseException import java util Date import java util Locale public class Touch extends Task private File file private long millis 1 private String dateTime private static Method setLastModified null private static Object lockReflection new Object public void setFile File file this file file public void setMillis long millis this millis millis public void setDatetime String dateTime this dateTime dateTime public void execute throws BuildException if file exists project getJavaVersion Project JAVA_1_1 log ""Cannot change the modification time of "" file "" in JDK 1.1"" Project MSG_WARN return if dateTime null DateFormat df DateFormat getDateTimeInstance DateFormat SHORT DateFormat SHORT Locale US try setMillis df parse dateTime getTime catch ParseException pe throw new BuildException pe getMessage pe location if millis 0 project getJavaVersion Project JAVA_1_1 log file "" will be created but its modification time cannot be set in JDK 1.1"" Project MSG_WARN touch void touch throws BuildException if file exists log ""Creating "" file Project MSG_INFO try FileOutputStream fos new FileOutputStream file fos write new byte 0 fos close catch IOException ioe throw new BuildException ""Could not create "" file ioe location if project getJavaVersion Project JAVA_1_1 return if setLastModified null synchronized lockReflection if setLastModified null try setLastModified java io File class getMethod ""setLastModified"" new Class Long TYPE catch NoSuchMethodException nse throw new BuildException ""File.setlastModified not in JDK > 1.1?"" nse location Long times new Long 1 if millis 0 times 0 new Long System currentTimeMillis else times 0 new Long millis try log ""Setting modification time for "" file Project MSG_VERBOSE setLastModified invoke file times catch InvocationTargetException ite Throwable nested ite getTargetException throw new BuildException ""Exception setting the modification time of "" file nested location catch Throwable other throw new BuildException ""Exception setting the modification time of "" file other location"
org.apache.tools.ant.taskdefs.compilers.Jvc,2,2,0,9,19,1,1,8,2,2.0,120,0.0,0,0.958333333,1.0,1,1,59.0,1,0.5,0,PackageDeclaration_org.apache.tools.ant.taskdefs.compilers ClassDeclaration_Jvc MethodDeclaration_execute StatementExpression_ MethodInvocation_ LocalVariableDeclaration_ IfStatement_ BlockStatement_ StatementExpression_ MethodInvocation_ StatementExpression_ MethodInvocation_ IfStatement_ MethodInvocation_ BlockStatement_ StatementExpression_ BlockStatement_ StatementExpression_ MethodInvocation_ MethodInvocation_ StatementExpression_ MethodInvocation_ LocalVariableDeclaration_ StatementExpression_ MethodInvocation_ IfStatement_ BlockStatement_ StatementExpression_ MethodInvocation_ MethodInvocation_ StatementExpression_ MethodInvocation_ MethodInvocation_ StatementExpression_ MethodInvocation_ MethodInvocation_ StatementExpression_ MethodInvocation_ MethodInvocation_ StatementExpression_ MethodInvocation_ MethodInvocation_ StatementExpression_ MethodInvocation_ MethodInvocation_ StatementExpression_ MethodInvocation_ MethodInvocation_ IfStatement_ BlockStatement_ StatementExpression_ MethodInvocation_ MethodInvocation_ IfStatement_ BlockStatement_ StatementExpression_ MethodInvocation_ MethodInvocation_ IfStatement_ BlockStatement_ StatementExpression_ MethodInvocation_ MethodInvocation_ LocalVariableDeclaration_ MethodInvocation_ StatementExpression_ MethodInvocation_ ReturnStatement_ MethodInvocation_ MethodInvocation_,"package org apache tools ant taskdefs compilers import org apache tools ant BuildException import org apache tools ant Project import org apache tools ant types public class Jvc extends DefaultCompilerAdapter public boolean execute throws BuildException attributes log ""Using jvc compiler"" Project MSG_VERBOSE Path classpath new Path project if bootclasspath null classpath append bootclasspath addExtdirsToClasspath classpath if bootclasspath null bootclasspath size 0 includeJavaRuntime true else classpath append getCompileClasspath classpath append src Commandline cmd new Commandline cmd setExecutable ""jvc"" if destDir null cmd createArgument setValue ""/d"" cmd createArgument setFile destDir cmd createArgument setValue ""/cp:p"" cmd createArgument setPath classpath cmd createArgument setValue ""/x-"" cmd createArgument setValue ""/nomessage"" cmd createArgument setValue ""/nologo"" if debug cmd createArgument setValue ""/g"" if optimize cmd createArgument setValue ""/O"" if verbose cmd createArgument setValue ""/verbose"" int firstFileName cmd size logAndAddFilesToCompile cmd return executeExternalCompile cmd getCommandline firstFileName 0"
org.apache.tools.ant.taskdefs.Taskdef,8,3,0,8,25,14,1,7,8,0.714285714,157,1.0,1,0.840909091,0.375,0,0,18.25,2,1.125,0,PackageDeclaration_org.apache.tools.ant.taskdefs ClassDeclaration_Taskdef FieldDeclaration_ FieldDeclaration_ FieldDeclaration_ MethodDeclaration_setClasspath FormalParameter_classpath IfStatement_ BlockStatement_ StatementExpression_ BlockStatement_ StatementExpression_ MethodInvocation_ MethodDeclaration_createClasspath IfStatement_ BlockStatement_ StatementExpression_ ReturnStatement_ MethodInvocation_ MethodDeclaration_setClasspathRef FormalParameter_r StatementExpression_ MethodInvocation_ MethodInvocation_ MethodDeclaration_execute IfStatement_ BlockStatement_ LocalVariableDeclaration_ ThrowStatement_ TryStatement_ LocalVariableDeclaration_ IfStatement_ BlockStatement_ LocalVariableDeclaration_ StatementExpression_ MethodInvocation_ StatementExpression_ BlockStatement_ StatementExpression_ MethodInvocation_ MethodInvocation_ LocalVariableDeclaration_ IfStatement_ BlockStatement_ StatementExpression_ MethodInvocation_ BlockStatement_ StatementExpression_ MethodInvocation_ StatementExpression_ MethodInvocation_ CatchClause_ CatchClauseParameter_cnfe LocalVariableDeclaration_ ThrowStatement_ CatchClause_ CatchClauseParameter_ncdfe LocalVariableDeclaration_ ThrowStatement_ MethodDeclaration_setName FormalParameter_name StatementExpression_ MethodDeclaration_getClassname ReturnStatement_ MethodDeclaration_setClassname FormalParameter_v StatementExpression_,"package org apache tools ant taskdefs import org apache tools ant import org apache tools ant types public class Taskdef extends Task private String name private String value private Path classpath public void setClasspath Path classpath if this classpath null this classpath classpath else this classpath append classpath public Path createClasspath if this classpath null this classpath new Path project return this classpath createPath public void setClasspathRef Reference r createClasspath setRefid r public void execute throws BuildException if name null value null String msg ""name or classname attributes of taskdef element "" ""are undefined"" throw new BuildException msg try ClassLoader loader null if classpath null AntClassLoader al new AntClassLoader project classpath false al addSystemPackageRoot ""org.apache.tools.ant"" loader al else loader this getClass getClassLoader Class taskClass null if loader null taskClass loader loadClass value else taskClass Class forName value project addTaskDefinition name taskClass catch ClassNotFoundException cnfe String msg ""taskdef class "" value "" cannot be found"" throw new BuildException msg cnfe location catch NoClassDefFoundError ncdfe String msg ""taskdef class "" value "" cannot be found"" throw new BuildException msg ncdfe location public void setName String name this name name public String getClassname return value public void setClassname String v value v"
org.apache.tools.ant.taskdefs.ExecTask,19,3,1,18,56,97,5,13,12,0.814814815,406,1.0,2,0.672727273,0.190789474,0,0,19.89473684,3,1.0526,0,PackageDeclaration_org.apache.tools.ant.taskdefs ClassDeclaration_ExecTask FieldDeclaration_ FieldDeclaration_ FieldDeclaration_ FieldDeclaration_ FieldDeclaration_ FieldDeclaration_ FieldDeclaration_ FieldDeclaration_ FieldDeclaration_ MethodDeclaration_setTimeout FormalParameter_value StatementExpression_ MethodDeclaration_setExecutable FormalParameter_value StatementExpression_ MethodInvocation_ MethodDeclaration_setDir FormalParameter_d StatementExpression_ MethodDeclaration_setOs FormalParameter_os StatementExpression_ MethodDeclaration_setCommand FormalParameter_cmdl StatementExpression_ MethodInvocation_ StatementExpression_ MethodDeclaration_setOutput FormalParameter_out StatementExpression_ MethodDeclaration_setFailonerror FormalParameter_fail StatementExpression_ MethodDeclaration_setNewenvironment FormalParameter_newenv StatementExpression_ MethodDeclaration_addEnv FormalParameter_var StatementExpression_ MethodInvocation_ MethodDeclaration_createArg ReturnStatement_ MethodInvocation_ MethodDeclaration_execute StatementExpression_ MethodInvocation_ IfStatement_ MethodInvocation_ BlockStatement_ StatementExpression_ MethodInvocation_ MethodInvocation_ MethodDeclaration_checkConfiguration IfStatement_ MethodInvocation_ BlockStatement_ ThrowStatement_ IfStatement_ MethodInvocation_ BlockStatement_ ThrowStatement_ IfStatement_ MethodInvocation_ BlockStatement_ ThrowStatement_ MethodDeclaration_isValidOs LocalVariableDeclaration_ MethodInvocation_ StatementExpression_ MethodInvocation_ IfStatement_ MethodInvocation_ BlockStatement_ StatementExpression_ MethodInvocation_ ReturnStatement_ ReturnStatement_ MethodDeclaration_prepareExec IfStatement_ StatementExpression_ MethodInvocation_ StatementExpression_ MethodInvocation_ MethodInvocation_ LocalVariableDeclaration_ MethodInvocation_ MethodInvocation_ StatementExpression_ MethodInvocation_ StatementExpression_ MethodInvocation_ LocalVariableDeclaration_ MethodInvocation_ IfStatement_ BlockStatement_ ForStatement_ VariableDeclaration_ BlockStatement_ StatementExpression_ MethodInvocation_ StatementExpression_ MethodInvocation_ StatementExpression_ MethodInvocation_ ReturnStatement_ MethodDeclaration_runExec FormalParameter_exe LocalVariableDeclaration_ TryStatement_ StatementExpression_ MethodInvocation_ MethodInvocation_ StatementExpression_ MethodInvocation_ IfStatement_ BlockStatement_ IfStatement_ BlockStatement_ ThrowStatement_ BlockStatement_ StatementExpression_ MethodInvocation_ CatchClause_ CatchClauseParameter_e ThrowStatement_ StatementExpression_ MethodInvocation_ MethodDeclaration_createHandler IfStatement_ BlockStatement_ TryStatement_ StatementExpression_ StatementExpression_ MethodInvocation_ ReturnStatement_ CatchClause_ CatchClauseParameter_fne ThrowStatement_ CatchClause_ CatchClauseParameter_ioe ThrowStatement_ BlockStatement_ ReturnStatement_ MethodDeclaration_createWatchdog IfStatement_ ReturnStatement_ ReturnStatement_ MethodInvocation_ MethodDeclaration_logFlush TryStatement_ IfStatement_ StatementExpression_ MethodInvocation_ CatchClause_ CatchClauseParameter_io,"package org apache tools ant taskdefs import org apache tools ant import org apache tools ant types import java io public class ExecTask extends Task private String os private File out private File dir protected boolean failOnError false protected boolean newEnvironment false private Integer timeout null private Environment env new Environment protected Commandline cmdl new Commandline private FileOutputStream fos null public void setTimeout Integer value timeout value public void setExecutable String value cmdl setExecutable value public void setDir File d this dir d public void setOs String os this os os public void setCommand Commandline cmdl log ""The command attribute is deprecated. "" ""Please use the executable attribute and nested arg elements."" Project MSG_WARN this cmdl cmdl public void setOutput File out this out out public void setFailonerror boolean fail failOnError fail public void setNewenvironment boolean newenv newEnvironment newenv public void addEnv Environment Variable var env addVariable var public Commandline Argument createArg return cmdl createArgument public void execute throws BuildException checkConfiguration if isValidOs runExec prepareExec protected void checkConfiguration throws BuildException if cmdl getExecutable null throw new BuildException ""no executable specified"" location if dir null dir exists throw new BuildException ""The directory you specified does not exist"" if dir null dir isDirectory throw new BuildException ""The directory you specified is not a directory"" protected boolean isValidOs String myos System getProperty ""os.name"" log ""Myos = "" myos Project MSG_VERBOSE if os null os indexOf myos 0 log ""Not found in "" os Project MSG_VERBOSE return false return true protected Execute prepareExec throws BuildException if dir null dir project getBaseDir log cmdl toString Project MSG_VERBOSE Execute exe new Execute createHandler createWatchdog exe setAntRun project exe setWorkingDirectory dir String environment env getVariables if environment null for int i 0 i environment length i log ""Setting environment variable: "" environment i Project MSG_VERBOSE exe setNewenvironment newEnvironment exe setEnvironment environment return exe protected void runExec Execute exe throws BuildException int err 1 try exe setCommandline cmdl getCommandline err exe execute if err 0 if failOnError throw new BuildException ""Exec returned: "" err location else log ""Result: "" err Project MSG_ERR catch IOException e throw new BuildException ""Execute failed: "" e e location finally logFlush protected ExecuteStreamHandler createHandler throws BuildException if out null try fos new FileOutputStream out log ""Output redirected to "" out Project MSG_VERBOSE return new PumpStreamHandler fos catch FileNotFoundException fne throw new BuildException ""Cannot write to "" out fne location catch IOException ioe throw new BuildException ""Cannot write to "" out ioe location else return new LogStreamHandler this Project MSG_INFO Project MSG_WARN protected ExecuteWatchdog createWatchdog throws BuildException if timeout null return null return new ExecuteWatchdog timeout intValue protected void logFlush try if fos null fos close catch IOException io"
org.apache.tools.mail.SmtpResponseReader,5,1,0,1,18,0,1,0,3,0.5,96,1.0,0,0.0,0.533333333,0,0,17.8,2,1.0,0,PackageDeclaration_org.apache.tools.mail ClassDeclaration_SmtpResponseReader FieldDeclaration_ FieldDeclaration_ ConstructorDeclaration_SmtpResponseReader FormalParameter_in StatementExpression_ MethodDeclaration_getResponse StatementExpression_ MethodInvocation_ LocalVariableDeclaration_ MethodInvocation_ IfStatement_ BlockStatement_ StatementExpression_ MethodInvocation_ MethodInvocation_ StatementExpression_ MethodInvocation_ WhileStatement_ BlockStatement_ StatementExpression_ MethodInvocation_ IfStatement_ MethodInvocation_ BlockStatement_ BreakStatement_ StatementExpression_ MethodInvocation_ ReturnStatement_ MethodInvocation_ MethodInvocation_ MethodDeclaration_close StatementExpression_ MethodInvocation_ MethodDeclaration_hasMoreLines FormalParameter_line ReturnStatement_ MethodInvocation_ MethodDeclaration_append FormalParameter_line StatementExpression_ MethodInvocation_ MethodInvocation_ StatementExpression_ MethodInvocation_,"package org apache tools mail import java io public class SmtpResponseReader protected BufferedReader reader null private StringBuffer result new StringBuffer public SmtpResponseReader InputStream in reader new BufferedReader new InputStreamReader in public String getResponse throws IOException result setLength 0 String line reader readLine if line null result append line substring 0 3 result append "" "" while line null append line if hasMoreLines line break line reader readLine return result toString trim public void close throws IOException reader close protected boolean hasMoreLines String line return line charAt 3 '-' private void append String line result append line substring 4 result append "" """
org.apache.tools.ant.taskdefs.Java,22,3,0,17,77,95,0,17,19,0.742857143,439,1.0,1,0.637931034,0.172727273,1,1,18.72727273,2,1.0,0,PackageDeclaration_org.apache.tools.ant.taskdefs ClassDeclaration_Java FieldDeclaration_ FieldDeclaration_ FieldDeclaration_ FieldDeclaration_ FieldDeclaration_ MethodDeclaration_execute LocalVariableDeclaration_ IfStatement_ MethodInvocation_ BlockStatement_ IfStatement_ BlockStatement_ ThrowStatement_ BlockStatement_ StatementExpression_ MethodInvocation_ MethodDeclaration_executeJava LocalVariableDeclaration_ MethodInvocation_ IfStatement_ BlockStatement_ ThrowStatement_ IfStatement_ BlockStatement_ StatementExpression_ MethodInvocation_ MethodInvocation_ ReturnStatement_ MethodInvocation_ MethodInvocation_ BlockStatement_ IfStatement_ MethodInvocation_ MethodInvocation_ BlockStatement_ StatementExpression_ MethodInvocation_ IfStatement_ BlockStatement_ StatementExpression_ MethodInvocation_ StatementExpression_ MethodInvocation_ MethodInvocation_ MethodInvocation_ StatementExpression_ MethodInvocation_ ReturnStatement_ MethodDeclaration_setClasspath FormalParameter_s StatementExpression_ MethodInvocation_ MethodInvocation_ MethodDeclaration_createClasspath ReturnStatement_ MethodInvocation_ MethodInvocation_ MethodDeclaration_setClasspathRef FormalParameter_r StatementExpression_ MethodInvocation_ MethodInvocation_ MethodDeclaration_setClassname FormalParameter_s StatementExpression_ MethodInvocation_ MethodDeclaration_setArgs FormalParameter_s StatementExpression_ MethodInvocation_ StatementExpression_ MethodInvocation_ MethodInvocation_ MethodDeclaration_createArg ReturnStatement_ MethodInvocation_ MethodDeclaration_setFork FormalParameter_s StatementExpression_ MethodDeclaration_setJvmargs FormalParameter_s StatementExpression_ MethodInvocation_ StatementExpression_ MethodInvocation_ MethodInvocation_ MethodDeclaration_createJvmarg ReturnStatement_ MethodInvocation_ MethodDeclaration_setJvm FormalParameter_s StatementExpression_ MethodInvocation_ MethodDeclaration_addSysproperty FormalParameter_sysp StatementExpression_ MethodInvocation_ MethodDeclaration_setFailonerror FormalParameter_fail StatementExpression_ MethodDeclaration_setDir FormalParameter_d StatementExpression_ MethodDeclaration_setOutput FormalParameter_out StatementExpression_ MethodDeclaration_setMaxmemory FormalParameter_max IfStatement_ MethodInvocation_ MethodInvocation_ BlockStatement_ StatementExpression_ MethodInvocation_ MethodInvocation_ BlockStatement_ StatementExpression_ MethodInvocation_ MethodInvocation_ MethodDeclaration_run FormalParameter_command LocalVariableDeclaration_ StatementExpression_ MethodInvocation_ MethodInvocation_ StatementExpression_ MethodInvocation_ MethodInvocation_ StatementExpression_ MethodInvocation_ MethodInvocation_ IfStatement_ BlockStatement_ TryStatement_ StatementExpression_ MethodInvocation_ CatchClause_ CatchClauseParameter_io ThrowStatement_ StatementExpression_ MethodInvocation_ MethodDeclaration_run FormalParameter_command LocalVariableDeclaration_ TryStatement_ LocalVariableDeclaration_ IfStatement_ BlockStatement_ StatementExpression_ BlockStatement_ StatementExpression_ StatementExpression_ StatementExpression_ MethodInvocation_ IfStatement_ BlockStatement_ StatementExpression_ MethodInvocation_ IfStatement_ MethodInvocation_ MethodInvocation_ BlockStatement_ ThrowStatement_ MethodInvocation_ StatementExpression_ MethodInvocation_ StatementExpression_ MethodInvocation_ TryStatement_ ReturnStatement_ MethodInvocation_ CatchClause_ CatchClauseParameter_e ThrowStatement_ CatchClause_ CatchClauseParameter_io ThrowStatement_ IfStatement_ BlockStatement_ TryStatement_ StatementExpression_ MethodInvocation_ CatchClause_ CatchClauseParameter_io MethodDeclaration_run FormalParameter_classname FormalParameter_args LocalVariableDeclaration_ StatementExpression_ MethodInvocation_ ForStatement_ VariableDeclaration_ MethodInvocation_ BlockStatement_ StatementExpression_ MethodInvocation_ MethodInvocation_ MethodInvocation_ StatementExpression_ MethodInvocation_ MethodDeclaration_clearArgs StatementExpression_ MethodInvocation_,"package org apache tools ant taskdefs import org apache tools ant AntClassLoader import org apache tools ant BuildException import org apache tools ant Project import org apache tools ant Task import org apache tools ant types import java io import java lang reflect import java util public class Java extends Task private CommandlineJava cmdl new CommandlineJava private boolean fork false private File dir null private File out private boolean failOnError false public void execute throws BuildException int err 1 if err executeJava 0 if failOnError throw new BuildException ""Java returned: "" err location else log ""Java Result: "" err Project MSG_ERR public int executeJava throws BuildException String classname cmdl getClassname if classname null throw new BuildException ""Classname must not be null."" if fork log ""Forking "" cmdl toString Project MSG_VERBOSE return run cmdl getCommandline else if cmdl getVmCommand size 1 log ""JVM args ignored when same JVM is used."" Project MSG_WARN if dir null log ""Working directory ignored when same JVM is used."" Project MSG_WARN log ""Running in same VM "" cmdl getJavaCommand toString Project MSG_VERBOSE run cmdl return 0 public void setClasspath Path s createClasspath append s public Path createClasspath return cmdl createClasspath project createPath public void setClasspathRef Reference r createClasspath setRefid r public void setClassname String s cmdl setClassname s public void setArgs String s log ""The args attribute is deprecated. "" ""Please use nested arg elements."" Project MSG_WARN cmdl createArgument setLine s public Commandline Argument createArg return cmdl createArgument public void setFork boolean s this fork s public void setJvmargs String s log ""The jvmargs attribute is deprecated. "" ""Please use nested jvmarg elements."" Project MSG_WARN cmdl createVmArgument setLine s public Commandline Argument createJvmarg return cmdl createVmArgument public void setJvm String s cmdl setVm s public void addSysproperty Environment Variable sysp cmdl addSysproperty sysp public void setFailonerror boolean fail failOnError fail public void setDir File d this dir d public void setOutput File out this out out public void setMaxmemory String max if Project getJavaVersion startsWith ""1.1"" createJvmarg setValue ""-mx"" max else createJvmarg setValue ""-Xmx"" max private void run CommandlineJava command throws BuildException ExecuteJava exe new ExecuteJava exe setJavaCommand command getJavaCommand exe setClasspath command getClasspath exe setSystemProperties command getSystemProperties if out null try exe setOutput new PrintStream new FileOutputStream out catch IOException io throw new BuildException io location exe execute project private int run String command throws BuildException FileOutputStream fos null try Execute exe null if out null exe new Execute new LogStreamHandler this Project MSG_INFO Project MSG_WARN null else fos new FileOutputStream out exe new Execute new PumpStreamHandler fos null exe setAntRun project if dir null dir project getBaseDir else if dir exists dir isDirectory throw new BuildException dir getAbsolutePath "" is not a valid directory"" location exe setWorkingDirectory dir exe setCommandline command try return exe execute catch IOException e throw new BuildException e location catch IOException io throw new BuildException io location finally if fos null try fos close catch IOException io protected void run String classname Vector args throws BuildException CommandlineJava cmdj new CommandlineJava cmdj setClassname classname for int i 0 i args size i cmdj createArgument setValue String args elementAt i run cmdj public void clearArgs cmdl clearJavaArgs"
org.apache.tools.ant.types.Commandline,19,1,0,23,46,65,22,3,17,0.416666667,448,1.0,0,0.0,0.289473684,0,0,22.47368421,16,2.4211,0,PackageDeclaration_org.apache.tools.ant.types ClassDeclaration_Commandline FieldDeclaration_ FieldDeclaration_ ConstructorDeclaration_Commandline FormalParameter_to_process StatementExpression_ LocalVariableDeclaration_ MethodInvocation_ IfStatement_ BlockStatement_ StatementExpression_ MethodInvocation_ ForStatement_ VariableDeclaration_ BlockStatement_ StatementExpression_ MethodInvocation_ MethodInvocation_ ConstructorDeclaration_Commandline StatementExpression_ ClassDeclaration_Argument FieldDeclaration_ MethodDeclaration_setValue FormalParameter_value StatementExpression_ MethodDeclaration_setLine FormalParameter_line StatementExpression_ MethodInvocation_ MethodDeclaration_setPath FormalParameter_value StatementExpression_ MethodInvocation_ MethodDeclaration_setFile FormalParameter_value StatementExpression_ MethodInvocation_ MethodDeclaration_getParts ReturnStatement_ ClassDeclaration_Marker FieldDeclaration_ FieldDeclaration_ ConstructorDeclaration_Marker FormalParameter_position StatementExpression_ MethodDeclaration_getPosition IfStatement_ BlockStatement_ StatementExpression_ ForStatement_ VariableDeclaration_ BlockStatement_ LocalVariableDeclaration_ MethodInvocation_ StatementExpression_ MethodInvocation_ ReturnStatement_ MethodDeclaration_createArgument LocalVariableDeclaration_ StatementExpression_ MethodInvocation_ ReturnStatement_ MethodDeclaration_setExecutable FormalParameter_executable IfStatement_ MethodInvocation_ ReturnStatement_ StatementExpression_ MethodInvocation_ MethodInvocation_ MethodDeclaration_getExecutable ReturnStatement_ MethodDeclaration_addArguments FormalParameter_line ForStatement_ VariableDeclaration_ BlockStatement_ StatementExpression_ MethodInvocation_ MethodInvocation_ MethodDeclaration_getCommandline LocalVariableDeclaration_ MethodInvocation_ IfStatement_ ReturnStatement_ LocalVariableDeclaration_ StatementExpression_ StatementExpression_ MethodInvocation_ ReturnStatement_ MethodDeclaration_getArguments LocalVariableDeclaration_ MethodInvocation_ ForStatement_ VariableDeclaration_ MethodInvocation_ BlockStatement_ LocalVariableDeclaration_ MethodInvocation_ LocalVariableDeclaration_ MethodInvocation_ ForStatement_ VariableDeclaration_ BlockStatement_ StatementExpression_ MethodInvocation_ LocalVariableDeclaration_ MethodInvocation_ StatementExpression_ MethodInvocation_ ReturnStatement_ MethodDeclaration_toString ReturnStatement_ MethodInvocation_ MethodInvocation_ MethodDeclaration_quoteArgument FormalParameter_argument IfStatement_ MethodInvocation_ BlockStatement_ IfStatement_ MethodInvocation_ BlockStatement_ ThrowStatement_ BlockStatement_ ReturnStatement_ IfStatement_ MethodInvocation_ MethodInvocation_ BlockStatement_ ReturnStatement_ BlockStatement_ ReturnStatement_ MethodDeclaration_toString FormalParameter_line IfStatement_ ReturnStatement_ LocalVariableDeclaration_ ForStatement_ VariableDeclaration_ BlockStatement_ IfStatement_ BlockStatement_ StatementExpression_ MethodInvocation_ StatementExpression_ MethodInvocation_ MethodInvocation_ ReturnStatement_ MethodInvocation_ MethodDeclaration_translateCommandline FormalParameter_to_process IfStatement_ MethodInvocation_ BlockStatement_ ReturnStatement_ LocalVariableDeclaration_ LocalVariableDeclaration_ LocalVariableDeclaration_ LocalVariableDeclaration_ LocalVariableDeclaration_ LocalVariableDeclaration_ LocalVariableDeclaration_ WhileStatement_ MethodInvocation_ BlockStatement_ LocalVariableDeclaration_ MethodInvocation_ SwitchStatement_ IfStatement_ MethodInvocation_ BlockStatement_ StatementExpression_ BlockStatement_ StatementExpression_ MethodInvocation_ BreakStatement_ IfStatement_ MethodInvocation_ BlockStatement_ StatementExpression_ BlockStatement_ StatementExpression_ MethodInvocation_ BreakStatement_ IfStatement_ MethodInvocation_ BlockStatement_ StatementExpression_ IfStatement_ MethodInvocation_ BlockStatement_ StatementExpression_ IfStatement_ MethodInvocation_ BlockStatement_ IfStatement_ MethodInvocation_ BlockStatement_ StatementExpression_ MethodInvocation_ MethodInvocation_ StatementExpression_ MethodInvocation_ BlockStatement_ StatementExpression_ MethodInvocation_ BreakStatement_ IfStatement_ MethodInvocation_ BlockStatement_ StatementExpression_ MethodInvocation_ MethodInvocation_ IfStatement_ BlockStatement_ ThrowStatement_ LocalVariableDeclaration_ MethodInvocation_ StatementExpression_ MethodInvocation_ ReturnStatement_ MethodDeclaration_size ReturnStatement_ MethodInvocation_ MethodDeclaration_clone LocalVariableDeclaration_ StatementExpression_ MethodInvocation_ StatementExpression_ MethodInvocation_ MethodInvocation_ ReturnStatement_ MethodDeclaration_clear StatementExpression_ StatementExpression_ MethodInvocation_ MethodDeclaration_clearArgs StatementExpression_ MethodInvocation_ MethodDeclaration_createMarker ReturnStatement_ MethodInvocation_,"package org apache tools ant types import org apache tools ant BuildException import java io File import java util Vector import java util StringTokenizer public class Commandline implements Cloneable private Vector arguments new Vector private String executable null public Commandline String to_process super String tmp translateCommandline to_process if tmp null tmp length 0 setExecutable tmp 0 for int i 1 i tmp length i createArgument setValue tmp i public Commandline super public class Argument private String parts public void setValue String value parts new String value public void setLine String line parts translateCommandline line public void setPath Path value parts new String value toString public void setFile File value parts new String value getAbsolutePath public String getParts return parts public class Marker private int position private int realPos 1 Marker int position this position position public int getPosition if realPos 1 realPos executable null 0 1 for int i 0 i position i Argument arg Argument arguments elementAt i realPos arg getParts length return realPos public Argument createArgument Argument argument new Argument arguments addElement argument return argument public void setExecutable String executable if executable null executable length 0 return this executable executable replace '/' File separatorChar replace '\\' File separatorChar public String getExecutable return executable public void addArguments String line for int i 0 i line length i createArgument setValue line i public String getCommandline final String args getArguments if executable null return args final String result new String args length 1 result 0 executable System arraycopy args 0 result 1 args length return result public String getArguments Vector result new Vector arguments size 2 for int i 0 i arguments size i Argument arg Argument arguments elementAt i String s arg getParts for int j 0 j s length j result addElement s j String res new String result size result copyInto res return res public String toString return toString getCommandline public static String quoteArgument String argument if argument indexOf ""\"""" 1 if argument indexOf ""\'"" 1 throw new BuildException ""Can\'t handle single and double quotes in same argument"" else return '\'' argument '\'' else if argument indexOf ""\'"" 1 argument indexOf "" "" 1 return '\""' argument '\""' else return argument public static String toString String line if line null line length 0 return """" final StringBuffer result new StringBuffer for int i 0 i line length i if i 0 result append ' ' result append quoteArgument line i return result toString public static String translateCommandline String to_process if to_process null to_process length 0 return new String 0 final int normal 0 final int inQuote 1 final int inDoubleQuote 2 int state normal StringTokenizer tok new StringTokenizer to_process ""\""\' "" true Vector v new Vector StringBuffer current new StringBuffer while tok hasMoreTokens String nextTok tok nextToken switch state case inQuote if ""\'"" equals nextTok state normal else current append nextTok break case inDoubleQuote if ""\"""" equals nextTok state normal else current append nextTok break default if ""\'"" equals nextTok state inQuote else if ""\"""" equals nextTok state inDoubleQuote else if "" "" equals nextTok if current length 0 v addElement current toString current setLength 0 else current append nextTok break if current length 0 v addElement current toString if state inQuote state inDoubleQuote throw new BuildException ""unbalanced quotes in "" to_process String args new String v size v copyInto args return args public int size return getCommandline length public Object clone Commandline c new Commandline c setExecutable executable c addArguments getArguments return c public void clear executable null arguments removeAllElements public void clearArgs arguments removeAllElements public Marker createMarker return new Marker arguments size"
org.apache.tools.ant.taskdefs.Replace,19,4,0,8,69,91,2,8,13,0.777777778,632,1.0,2,0.8125,0.368421053,1,1,31.89473684,5,1.2632,1,PackageDeclaration_org.apache.tools.ant.taskdefs ClassDeclaration_Replace FieldDeclaration_ FieldDeclaration_ FieldDeclaration_ FieldDeclaration_ FieldDeclaration_ FieldDeclaration_ FieldDeclaration_ ClassDeclaration_NestedString FieldDeclaration_ MethodDeclaration_addText FormalParameter_val StatementExpression_ MethodInvocation_ MethodDeclaration_getText ReturnStatement_ MethodInvocation_ ClassDeclaration_Replacefilter FieldDeclaration_ FieldDeclaration_ FieldDeclaration_ MethodDeclaration_validate IfStatement_ BlockStatement_ LocalVariableDeclaration_ ThrowStatement_ IfStatement_ MethodInvocation_ BlockStatement_ LocalVariableDeclaration_ ThrowStatement_ IfStatement_ BlockStatement_ LocalVariableDeclaration_ ThrowStatement_ IfStatement_ BlockStatement_ IfStatement_ BlockStatement_ LocalVariableDeclaration_ ThrowStatement_ IfStatement_ MethodInvocation_ BlockStatement_ LocalVariableDeclaration_ MethodInvocation_ ThrowStatement_ MethodDeclaration_getReplaceValue IfStatement_ BlockStatement_ ReturnStatement_ MethodInvocation_ IfStatement_ BlockStatement_ ReturnStatement_ IfStatement_ BlockStatement_ ReturnStatement_ MethodInvocation_ BlockStatement_ ReturnStatement_ MethodDeclaration_setToken FormalParameter_token StatementExpression_ MethodDeclaration_getToken ReturnStatement_ MethodDeclaration_setValue FormalParameter_value StatementExpression_ MethodDeclaration_getValue ReturnStatement_ MethodDeclaration_setProperty FormalParameter_property StatementExpression_ MethodDeclaration_getProperty ReturnStatement_ MethodDeclaration_execute StatementExpression_ MethodInvocation_ IfStatement_ BlockStatement_ StatementExpression_ MethodInvocation_ StatementExpression_ MethodInvocation_ IfStatement_ BlockStatement_ StatementExpression_ MethodInvocation_ IfStatement_ BlockStatement_ LocalVariableDeclaration_ LocalVariableDeclaration_ MethodInvocation_ ForStatement_ VariableDeclaration_ BlockStatement_ LocalVariableDeclaration_ StatementExpression_ MethodInvocation_ MethodDeclaration_validateAttributes IfStatement_ BlockStatement_ LocalVariableDeclaration_ ThrowStatement_ IfStatement_ MethodInvocation_ BlockStatement_ LocalVariableDeclaration_ MethodInvocation_ ThrowStatement_ IfStatement_ MethodInvocation_ BlockStatement_ LocalVariableDeclaration_ ThrowStatement_ IfStatement_ MethodInvocation_ MethodInvocation_ BlockStatement_ LocalVariableDeclaration_ ThrowStatement_ MethodDeclaration_validateReplacefilters ForStatement_ VariableDeclaration_ MethodInvocation_ BlockStatement_ LocalVariableDeclaration_ MethodInvocation_ StatementExpression_ MethodInvocation_ MethodDeclaration_getProperties FormalParameter_propertyFile LocalVariableDeclaration_ TryStatement_ StatementExpression_ MethodInvocation_ CatchClause_ CatchClauseParameter_e LocalVariableDeclaration_ MethodInvocation_ ThrowStatement_ CatchClause_ CatchClauseParameter_e LocalVariableDeclaration_ MethodInvocation_ ThrowStatement_ ReturnStatement_ MethodDeclaration_processFile FormalParameter_src IfStatement_ MethodInvocation_ BlockStatement_ ThrowStatement_ MethodInvocation_ LocalVariableDeclaration_ MethodInvocation_ IfStatement_ MethodInvocation_ BlockStatement_ ThrowStatement_ MethodInvocation_ TryStatement_ LocalVariableDeclaration_ LocalVariableDeclaration_ LocalVariableDeclaration_ MethodInvocation_ LocalVariableDeclaration_ LocalVariableDeclaration_ LocalVariableDeclaration_ WhileStatement_ BlockStatement_ StatementExpression_ MethodInvocation_ StatementExpression_ LocalVariableDeclaration_ LocalVariableDeclaration_ IfStatement_ BlockStatement_ LocalVariableDeclaration_ MethodInvocation_ LocalVariableDeclaration_ MethodInvocation_ MethodInvocation_ LocalVariableDeclaration_ MethodInvocation_ MethodInvocation_ StatementExpression_ MethodInvocation_ MethodInvocation_ MethodInvocation_ MethodInvocation_ StatementExpression_ MethodInvocation_ IfStatement_ MethodInvocation_ BlockStatement_ StatementExpression_ MethodInvocation_ MethodInvocation_ LocalVariableDeclaration_ MethodInvocation_ IfStatement_ BlockStatement_ StatementExpression_ MethodInvocation_ MethodInvocation_ StatementExpression_ MethodInvocation_ StatementExpression_ MethodInvocation_ StatementExpression_ MethodInvocation_ IfStatement_ BlockStatement_ StatementExpression_ MethodInvocation_ StatementExpression_ MethodInvocation_ BlockStatement_ StatementExpression_ MethodInvocation_ CatchClause_ CatchClauseParameter_ioe StatementExpression_ MethodInvocation_ ThrowStatement_ MethodDeclaration_processReplacefilters FormalParameter_buffer FormalParameter_filename LocalVariableDeclaration_ ForStatement_ VariableDeclaration_ MethodInvocation_ BlockStatement_ LocalVariableDeclaration_ MethodInvocation_ StatementExpression_ MethodInvocation_ MethodInvocation_ MethodInvocation_ StatementExpression_ MethodInvocation_ MethodInvocation_ MethodInvocation_ ReturnStatement_ MethodDeclaration_setFile FormalParameter_file StatementExpression_ MethodDeclaration_setDir FormalParameter_dir StatementExpression_ MethodDeclaration_setToken FormalParameter_token StatementExpression_ MethodInvocation_ MethodInvocation_ MethodDeclaration_setValue FormalParameter_value StatementExpression_ MethodInvocation_ MethodInvocation_ MethodDeclaration_createReplaceToken IfStatement_ BlockStatement_ StatementExpression_ ReturnStatement_ MethodDeclaration_createReplaceValue ReturnStatement_ MethodDeclaration_setPropertyFile FormalParameter_filename StatementExpression_ MethodInvocation_ MethodDeclaration_createReplacefilter LocalVariableDeclaration_ StatementExpression_ MethodInvocation_ ReturnStatement_ MethodDeclaration_stringReplace FormalParameter_str FormalParameter_str1 FormalParameter_str2 LocalVariableDeclaration_ LocalVariableDeclaration_ LocalVariableDeclaration_ MethodInvocation_ WhileStatement_ BlockStatement_ IfStatement_ BlockStatement_ StatementExpression_ MethodInvocation_ MethodInvocation_ IfStatement_ BlockStatement_ StatementExpression_ MethodInvocation_ StatementExpression_ MethodInvocation_ StatementExpression_ MethodInvocation_ IfStatement_ MethodInvocation_ BlockStatement_ StatementExpression_ MethodInvocation_ MethodInvocation_ MethodInvocation_ ReturnStatement_ MethodInvocation_,"package org apache tools ant taskdefs import org apache tools ant import org apache tools ant taskdefs import java io import java util public class Replace extends MatchingTask private File src null private NestedString token null private NestedString value new NestedString private File propertyFile null private Properties properties null private Vector replacefilters new Vector private File dir null public class NestedString private StringBuffer buf new StringBuffer public void addText String val buf append val public String getText return buf toString public class Replacefilter private String token private String value private String property public void validate throws BuildException if token null String message ""token is a mandatory attribute "" ""of replacefilter."" throw new BuildException message if """" equals token String message ""The token attribute must not be an empty string."" throw new BuildException message if value null property null String message ""Either value or property "" ""can be specified, but a replacefilter "" ""element cannot have both."" throw new BuildException message if property null if propertyFile null String message ""The replacefilter's property attribute "" ""can only be used with the replacetask's "" ""propertyFile attribute."" throw new BuildException message if properties null properties getProperty property null String message ""property \"""" property ""\"" was not found in "" propertyFile getPath throw new BuildException message public String getReplaceValue if property null return String properties getProperty property else if value null return value else if Replace this value null return Replace this value getText else return new String """" public void setToken String token this token token public String getToken return token public void setValue String value this value value public String getValue return value public void setProperty String property this property property public String getProperty return property public void execute throws BuildException validateAttributes if propertyFile null properties getProperties propertyFile validateReplacefilters if src null processFile src if dir null DirectoryScanner ds super getDirectoryScanner dir String srcs ds getIncludedFiles for int i 0 i srcs length i File file new File dir srcs i processFile file public void validateAttributes throws BuildException if src null dir null String message ""Either the file or the dir attribute "" ""must be specified"" throw new BuildException message location if propertyFile null propertyFile exists String message ""Property file "" propertyFile getPath "" does not exist."" throw new BuildException message location if token null replacefilters size 0 String message ""Either token or a nested replacefilter "" ""must be specified"" throw new BuildException message location if token null """" equals token getText String message ""The token attribute must not be an empty string."" throw new BuildException message location public void validateReplacefilters throws BuildException for int i 0 i replacefilters size i Replacefilter element Replacefilter replacefilters elementAt i element validate public Properties getProperties File propertyFile throws BuildException Properties properties new Properties try properties load new FileInputStream propertyFile catch FileNotFoundException e String message ""Property file ("" propertyFile getPath "") not found."" throw new BuildException message catch IOException e String message ""Property file ("" propertyFile getPath "") cannot be loaded."" throw new BuildException message return properties private void processFile File src throws BuildException if src exists throw new BuildException ""Replace: source file "" src getPath "" doesn't exist"" location File temp new File src getPath "".temp"" if temp exists throw new BuildException ""Replace: temporary file "" temp getPath "" already exists"" location try BufferedReader br new BufferedReader new FileReader src BufferedWriter bw new BufferedWriter new FileWriter temp int fileLength int src length char tmpBuf new char fileLength int numread 0 int totread 0 while numread 1 totread fileLength numread br read tmpBuf totread fileLength totread numread String buf new String tmpBuf String newString new String buf if token null String linesep System getProperty ""line.separator"" String val stringReplace value getText ""\n"" linesep String tok stringReplace token getText ""\n"" linesep log ""Replacing in "" src getPath "": "" token getText "" --> "" value getText Project MSG_VERBOSE newString stringReplace newString tok val if replacefilters size 0 newString processReplacefilters newString src getPath boolean changes newString equals buf if changes bw write newString 0 newString length bw flush bw close br close if changes src delete temp renameTo src else temp delete catch IOException ioe ioe printStackTrace throw new BuildException ioe location private String processReplacefilters String buffer String filename String newString new String buffer for int i 0 i replacefilters size i Replacefilter filter Replacefilter replacefilters elementAt i log ""Replacing in "" filename "": "" filter getToken "" --> "" filter getReplaceValue Project MSG_VERBOSE newString stringReplace newString filter getToken filter getReplaceValue return newString public void setFile File file this src file public void setDir File dir this dir dir public void setToken String token createReplaceToken addText token public void setValue String value createReplaceValue addText value public NestedString createReplaceToken if token null token new NestedString return token public NestedString createReplaceValue return value public void setPropertyFile String filename propertyFile project resolveFile filename public Replacefilter createReplacefilter Replacefilter filter new Replacefilter replacefilters addElement filter return filter private String stringReplace String str String str1 String str2 StringBuffer ret new StringBuffer int start 0 int found str indexOf str1 while found 0 if found start ret append str substring start found if str2 null ret append str2 start found str1 length found str indexOf str1 start if str length start ret append str substring start str length return ret toString"
org.apache.tools.ant.taskdefs.Expand,5,4,0,8,45,6,0,8,4,0.75,261,1.0,0,0.951219512,0.6,4,5,50.8,7,2.0,0,PackageDeclaration_org.apache.tools.ant.taskdefs ClassDeclaration_Expand FieldDeclaration_ FieldDeclaration_ MethodDeclaration_execute IfStatement_ MethodInvocation_ BlockStatement_ StatementExpression_ MethodInvocation_ LocalVariableDeclaration_ MethodInvocation_ StatementExpression_ MethodInvocation_ StatementExpression_ MethodInvocation_ MethodInvocation_ StatementExpression_ MethodInvocation_ MethodInvocation_ IfStatement_ BlockStatement_ ThrowStatement_ IfStatement_ BlockStatement_ ThrowStatement_ IfStatement_ MethodInvocation_ BlockStatement_ LocalVariableDeclaration_ LocalVariableDeclaration_ MethodInvocation_ ForStatement_ VariableDeclaration_ BlockStatement_ LocalVariableDeclaration_ StatementExpression_ MethodInvocation_ BlockStatement_ StatementExpression_ MethodInvocation_ MethodDeclaration_expandFile FormalParameter_touch FormalParameter_srcF FormalParameter_dir LocalVariableDeclaration_ TryStatement_ StatementExpression_ MethodInvocation_ StatementExpression_ LocalVariableDeclaration_ WhileStatement_ MethodInvocation_ BlockStatement_ LocalVariableDeclaration_ MethodInvocation_ MethodInvocation_ TryStatement_ StatementExpression_ MethodInvocation_ MethodInvocation_ LocalVariableDeclaration_ MethodInvocation_ StatementExpression_ MethodInvocation_ IfStatement_ MethodInvocation_ BlockStatement_ StatementExpression_ MethodInvocation_ BlockStatement_ LocalVariableDeclaration_ LocalVariableDeclaration_ LocalVariableDeclaration_ WhileStatement_ MethodInvocation_ BlockStatement_ StatementExpression_ MethodInvocation_ StatementExpression_ MethodInvocation_ IfStatement_ MethodInvocation_ BlockStatement_ StatementExpression_ MethodInvocation_ StatementExpression_ MethodInvocation_ MethodInvocation_ StatementExpression_ MethodInvocation_ CatchClause_ CatchClauseParameter_ex StatementExpression_ MethodInvocation_ MethodInvocation_ StatementExpression_ MethodInvocation_ CatchClause_ CatchClauseParameter_ioe ThrowStatement_ MethodInvocation_ IfStatement_ BlockStatement_ TryStatement_ StatementExpression_ MethodInvocation_ CatchClause_ CatchClauseParameter_e MethodDeclaration_setDest FormalParameter_d StatementExpression_ MethodDeclaration_setSrc FormalParameter_s StatementExpression_,"package org apache tools ant taskdefs import org apache tools ant import java io import java util zip public class Expand extends MatchingTask private File dest private File source public void execute throws BuildException if ""expand"" equals taskType log ""!! expand is deprecated. Use unzip instead. !!"" Touch touch Touch project createTask ""touch"" touch setOwningTarget target touch setTaskName getTaskName touch setLocation getLocation if source null throw new BuildException ""Source attribute must be specified"" if dest null throw new BuildException ""Dest attribute must be specified"" if source isDirectory DirectoryScanner ds super getDirectoryScanner source String files ds getIncludedFiles for int i 0 i files length i File file new File source files i expandFile touch file dest else expandFile touch source dest private void expandFile Touch touch File srcF File dir ZipInputStream zis null try log ""Expanding: "" srcF "" into "" dir Project MSG_INFO zis new ZipInputStream new FileInputStream srcF ZipEntry ze null while ze zis getNextEntry null File f new File dir project translatePath ze getName try log ""expand-file "" ze getName Project MSG_VERBOSE File dirF new File f getParent dirF mkdirs if ze isDirectory f mkdirs else byte buffer new byte 1024 int length 0 FileOutputStream fos new FileOutputStream f while length zis read buffer 0 fos write buffer 0 length fos close if project getJavaVersion Project JAVA_1_1 touch setFile f touch setMillis ze getTime touch touch catch FileNotFoundException ex log ""Unable to expand to file "" f getPath Project MSG_WARN log ""expand complete"" Project MSG_VERBOSE catch IOException ioe throw new BuildException ""Error while expanding "" srcF getPath ioe finally if zis null try zis close catch IOException e public void setDest File d this dest d public void setSrc File s this source s"
org.apache.tools.ant.types.CommandlineJava,21,1,0,9,47,48,1,8,21,0.68,277,1.0,4,0.0,0.30952381,0,0,11.95238095,7,1.4286,1,PackageDeclaration_org.apache.tools.ant.types ClassDeclaration_CommandlineJava FieldDeclaration_ FieldDeclaration_ FieldDeclaration_ FieldDeclaration_ FieldDeclaration_ ClassDeclaration_SysProperties FieldDeclaration_ MethodDeclaration_getVariables LocalVariableDeclaration_ IfStatement_ ReturnStatement_ ForStatement_ VariableDeclaration_ BlockStatement_ StatementExpression_ ReturnStatement_ MethodDeclaration_size ReturnStatement_ MethodInvocation_ MethodDeclaration_setSystem TryStatement_ LocalVariableDeclaration_ MethodInvocation_ ForStatement_ VariableDeclaration_ MethodInvocation_ MethodInvocation_ BlockStatement_ LocalVariableDeclaration_ MethodInvocation_ StatementExpression_ MethodInvocation_ MethodInvocation_ MethodInvocation_ StatementExpression_ MethodInvocation_ CatchClause_ CatchClauseParameter_e ThrowStatement_ MethodDeclaration_restoreSystem IfStatement_ ThrowStatement_ TryStatement_ StatementExpression_ MethodInvocation_ StatementExpression_ CatchClause_ CatchClauseParameter_e ThrowStatement_ MethodDeclaration_clone TryStatement_ LocalVariableDeclaration_ StatementExpression_ MethodInvocation_ ReturnStatement_ CatchClause_ CatchClauseParameter_e ReturnStatement_ ConstructorDeclaration_CommandlineJava StatementExpression_ MethodInvocation_ StatementExpression_ MethodInvocation_ MethodInvocation_ MethodDeclaration_createArgument ReturnStatement_ MethodInvocation_ MethodDeclaration_createVmArgument ReturnStatement_ MethodInvocation_ MethodDeclaration_addSysproperty FormalParameter_sysp StatementExpression_ MethodInvocation_ MethodDeclaration_setVm FormalParameter_vm StatementExpression_ MethodInvocation_ MethodDeclaration_setVmversion FormalParameter_value StatementExpression_ MethodDeclaration_setClassname FormalParameter_classname StatementExpression_ MethodInvocation_ MethodDeclaration_getClassname ReturnStatement_ MethodInvocation_ MethodDeclaration_createClasspath FormalParameter_p IfStatement_ BlockStatement_ StatementExpression_ ReturnStatement_ MethodDeclaration_getVmversion ReturnStatement_ MethodDeclaration_getCommandline LocalVariableDeclaration_ MethodInvocation_ LocalVariableDeclaration_ MethodInvocation_ MethodInvocation_ MethodInvocation_ IfStatement_ MethodInvocation_ BlockStatement_ StatementExpression_ LocalVariableDeclaration_ StatementExpression_ MethodInvocation_ MethodInvocation_ MethodInvocation_ LocalVariableDeclaration_ MethodInvocation_ IfStatement_ MethodInvocation_ BlockStatement_ StatementExpression_ MethodInvocation_ MethodInvocation_ MethodInvocation_ StatementExpression_ MethodInvocation_ IfStatement_ MethodInvocation_ MethodInvocation_ MethodInvocation_ BlockStatement_ StatementExpression_ StatementExpression_ MethodInvocation_ StatementExpression_ MethodInvocation_ MethodInvocation_ MethodInvocation_ ReturnStatement_ MethodDeclaration_toString ReturnStatement_ MethodInvocation_ MethodInvocation_ MethodDeclaration_size LocalVariableDeclaration_ MethodInvocation_ MethodInvocation_ IfStatement_ MethodInvocation_ BlockStatement_ StatementExpression_ ReturnStatement_ MethodDeclaration_getJavaCommand ReturnStatement_ MethodDeclaration_getVmCommand ReturnStatement_ MethodDeclaration_getClasspath ReturnStatement_ MethodDeclaration_setSystemProperties StatementExpression_ MethodInvocation_ MethodDeclaration_restoreSystemProperties StatementExpression_ MethodInvocation_ MethodDeclaration_getSystemProperties ReturnStatement_ MethodDeclaration_clone LocalVariableDeclaration_ StatementExpression_ MethodInvocation_ StatementExpression_ MethodInvocation_ StatementExpression_ MethodInvocation_ IfStatement_ BlockStatement_ StatementExpression_ MethodInvocation_ StatementExpression_ ReturnStatement_ MethodDeclaration_clearJavaArgs StatementExpression_ MethodInvocation_,"package org apache tools ant types import java util import org apache tools ant Project import org apache tools ant BuildException public class CommandlineJava implements Cloneable private Commandline vmCommand new Commandline private Commandline javaCommand new Commandline private SysProperties sysProperties new SysProperties private Path classpath null private String vmVersion public static class SysProperties extends Environment implements Cloneable Properties sys null public String getVariables throws BuildException String props super getVariables if props null return null for int i 0 i props length i props i ""-D"" props i return props public int size return variables size public void setSystem throws BuildException try Properties p new Properties sys System getProperties for Enumeration e variables elements e hasMoreElements Environment Variable v Environment Variable e nextElement p put v getKey v getValue System setProperties p catch SecurityException e throw new BuildException ""Cannot modify system properties"" e public void restoreSystem throws BuildException if sys null throw new BuildException ""Unbalanced nesting of SysProperties"" try System setProperties sys sys null catch SecurityException e throw new BuildException ""Cannot modify system properties"" e public Object clone try SysProperties c SysProperties super clone c variables Vector variables clone return c catch CloneNotSupportedException e return null public CommandlineJava setVm ""java"" setVmversion org apache tools ant Project getJavaVersion public Commandline Argument createArgument return javaCommand createArgument public Commandline Argument createVmArgument return vmCommand createArgument public void addSysproperty Environment Variable sysp sysProperties addVariable sysp public void setVm String vm vmCommand setExecutable vm public void setVmversion String value vmVersion value public void setClassname String classname javaCommand setExecutable classname public String getClassname return javaCommand getExecutable public Path createClasspath Project p if classpath null classpath new Path p return classpath public String getVmversion return vmVersion public String getCommandline Path fullClasspath classpath null classpath concatSystemClasspath ""ignore"" null int size vmCommand size javaCommand size sysProperties size if fullClasspath null fullClasspath size 0 size 2 String result new String size System arraycopy vmCommand getCommandline 0 result 0 vmCommand size int pos vmCommand size if sysProperties size 0 System arraycopy sysProperties getVariables 0 result pos sysProperties size pos sysProperties size if fullClasspath null fullClasspath toString trim length 0 result pos ""-classpath"" result pos fullClasspath toString System arraycopy javaCommand getCommandline 0 result pos javaCommand size return result public String toString return Commandline toString getCommandline public int size int size vmCommand size javaCommand size if classpath null classpath size 0 size 2 return size public Commandline getJavaCommand return javaCommand public Commandline getVmCommand return vmCommand public Path getClasspath return classpath public void setSystemProperties throws BuildException sysProperties setSystem public void restoreSystemProperties throws BuildException sysProperties restoreSystem public SysProperties getSystemProperties return sysProperties public Object clone CommandlineJava c new CommandlineJava c vmCommand Commandline vmCommand clone c javaCommand Commandline javaCommand clone c sysProperties SysProperties sysProperties clone if classpath null c classpath Path classpath clone c vmVersion vmVersion return c public void clearJavaArgs javaCommand clearArgs"
org.apache.tools.ant.util.DOMElementWriter,5,1,0,1,35,4,1,0,4,0.583333333,354,1.0,0,0.0,0.5,0,0,69.2,8,3.2,0,PackageDeclaration_org.apache.tools.ant.util ClassDeclaration_DOMElementWriter FieldDeclaration_ MethodInvocation_ FieldDeclaration_ FieldDeclaration_ MethodDeclaration_write FormalParameter_element FormalParameter_out FormalParameter_indent FormalParameter_indentWith ForStatement_ VariableDeclaration_ BlockStatement_ StatementExpression_ MethodInvocation_ StatementExpression_ MethodInvocation_ StatementExpression_ MethodInvocation_ MethodInvocation_ LocalVariableDeclaration_ MethodInvocation_ ForStatement_ VariableDeclaration_ MethodInvocation_ BlockStatement_ LocalVariableDeclaration_ MethodInvocation_ StatementExpression_ MethodInvocation_ StatementExpression_ MethodInvocation_ MethodInvocation_ StatementExpression_ MethodInvocation_ StatementExpression_ MethodInvocation_ MethodInvocation_ MethodInvocation_ StatementExpression_ MethodInvocation_ StatementExpression_ MethodInvocation_ LocalVariableDeclaration_ LocalVariableDeclaration_ MethodInvocation_ ForStatement_ VariableDeclaration_ MethodInvocation_ BlockStatement_ LocalVariableDeclaration_ MethodInvocation_ SwitchStatement_ MethodInvocation_ IfStatement_ BlockStatement_ StatementExpression_ MethodInvocation_ StatementExpression_ StatementExpression_ MethodInvocation_ BreakStatement_ StatementExpression_ MethodInvocation_ StatementExpression_ MethodInvocation_ StatementExpression_ MethodInvocation_ BreakStatement_ StatementExpression_ MethodInvocation_ StatementExpression_ MethodInvocation_ MethodInvocation_ StatementExpression_ MethodInvocation_ BreakStatement_ StatementExpression_ MethodInvocation_ StatementExpression_ MethodInvocation_ MethodInvocation_ LocalVariableDeclaration_ MethodInvocation_ IfStatement_ MethodInvocation_ BlockStatement_ StatementExpression_ MethodInvocation_ StatementExpression_ MethodInvocation_ StatementExpression_ MethodInvocation_ BreakStatement_ IfStatement_ BlockStatement_ ForStatement_ VariableDeclaration_ BlockStatement_ StatementExpression_ MethodInvocation_ StatementExpression_ MethodInvocation_ StatementExpression_ MethodInvocation_ MethodInvocation_ StatementExpression_ MethodInvocation_ StatementExpression_ MethodInvocation_ MethodDeclaration_encode FormalParameter_value StatementExpression_ MethodInvocation_ ForStatement_ VariableDeclaration_ MethodInvocation_ BlockStatement_ LocalVariableDeclaration_ MethodInvocation_ SwitchStatement_ StatementExpression_ MethodInvocation_ BreakStatement_ StatementExpression_ MethodInvocation_ BreakStatement_ LocalVariableDeclaration_ MethodInvocation_ IfStatement_ MethodInvocation_ MethodInvocation_ BlockStatement_ StatementExpression_ MethodInvocation_ BlockStatement_ StatementExpression_ MethodInvocation_ BreakStatement_ StatementExpression_ MethodInvocation_ BreakStatement_ ReturnStatement_ MethodInvocation_ MethodDeclaration_isReference FormalParameter_ent IfStatement_ MethodInvocation_ MethodInvocation_ BlockStatement_ ReturnStatement_ IfStatement_ MethodInvocation_ BlockStatement_ IfStatement_ MethodInvocation_ BlockStatement_ TryStatement_ StatementExpression_ MethodInvocation_ MethodInvocation_ MethodInvocation_ ReturnStatement_ CatchClause_ CatchClauseParameter_nfe ReturnStatement_ BlockStatement_ TryStatement_ StatementExpression_ MethodInvocation_ MethodInvocation_ MethodInvocation_ ReturnStatement_ CatchClause_ CatchClauseParameter_nfe ReturnStatement_ LocalVariableDeclaration_ MethodInvocation_ MethodInvocation_ ForStatement_ VariableDeclaration_ BlockStatement_ IfStatement_ MethodInvocation_ BlockStatement_ ReturnStatement_ ReturnStatement_,"package org apache tools ant util import java io import org w3c dom public class DOMElementWriter private static String lSep System getProperty ""line.separator"" private StringBuffer sb new StringBuffer protected String knownEntities ""gt"" ""amp"" ""lt"" ""apos"" ""quot"" public void write Element element Writer out int indent String indentWith throws IOException for int i 0 i indent i out write indentWith out write ""<"" out write element getTagName NamedNodeMap attrs element getAttributes for int i 0 i attrs getLength i Attr attr Attr attrs item i out write "" "" out write attr getName out write ""=\"""" out write encode attr getValue out write ""\"""" out write "">"" boolean hasChildren false NodeList children element getChildNodes for int i 0 i children getLength i Node child children item i switch child getNodeType case Node ELEMENT_NODE if hasChildren out write lSep hasChildren true write Element child out indent 1 indentWith break case Node TEXT_NODE case Node CDATA_SECTION_NODE out write ""<![CDATA["" out write Text child getData out write ""]]>"" break case Node ENTITY_REFERENCE_NODE out write '&' out write child getNodeName out write ';' break case Node PROCESSING_INSTRUCTION_NODE out write ""<?"" out write child getNodeName String data child getNodeValue if data null data length 0 out write ' ' out write data out write ""?>"" break if hasChildren for int i 0 i indent i out write indentWith out write ""</"" out write element getTagName out write "">"" out write lSep public String encode String value sb setLength 0 for int i 0 i value length i char c value charAt i switch c case '<' sb append ""&lt;"" break case '\""' sb append ""&quot;"" break case '&' int nextSemi value indexOf "";"" i if nextSemi 0 isReference value substring i nextSemi 1 sb append ""&amp;"" else sb append '&' break default sb append c break return sb toString public boolean isReference String ent if ent charAt 0 '&' ent endsWith "";"" return false if ent charAt 1 '#' if ent charAt 2 'x' try Integer parseInt ent substring 3 ent length 1 16 return true catch NumberFormatException nfe return false else try Integer parseInt ent substring 2 ent length 1 return true catch NumberFormatException nfe return false String name ent substring 1 ent length 1 for int i 0 i knownEntities length i if name equals knownEntities i return true return false"
org.apache.tools.ant.taskdefs.Untar,4,3,0,8,42,2,0,8,4,0.666666667,242,1.0,0,0.925,0.75,2,3,59.0,1,0.75,0,PackageDeclaration_org.apache.tools.ant.taskdefs ClassDeclaration_Untar FieldDeclaration_ FieldDeclaration_ MethodDeclaration_execute LocalVariableDeclaration_ MethodInvocation_ StatementExpression_ MethodInvocation_ StatementExpression_ MethodInvocation_ MethodInvocation_ StatementExpression_ MethodInvocation_ MethodInvocation_ LocalVariableDeclaration_ MethodInvocation_ LocalVariableDeclaration_ TryStatement_ IfStatement_ BlockStatement_ ThrowStatement_ IfStatement_ MethodInvocation_ BlockStatement_ ThrowStatement_ IfStatement_ BlockStatement_ ThrowStatement_ LocalVariableDeclaration_ MethodInvocation_ StatementExpression_ MethodInvocation_ StatementExpression_ LocalVariableDeclaration_ WhileStatement_ MethodInvocation_ BlockStatement_ TryStatement_ LocalVariableDeclaration_ MethodInvocation_ MethodInvocation_ StatementExpression_ MethodInvocation_ MethodInvocation_ LocalVariableDeclaration_ MethodInvocation_ StatementExpression_ MethodInvocation_ IfStatement_ MethodInvocation_ BlockStatement_ StatementExpression_ MethodInvocation_ BlockStatement_ LocalVariableDeclaration_ LocalVariableDeclaration_ LocalVariableDeclaration_ WhileStatement_ MethodInvocation_ BlockStatement_ StatementExpression_ MethodInvocation_ StatementExpression_ MethodInvocation_ IfStatement_ MethodInvocation_ BlockStatement_ StatementExpression_ MethodInvocation_ StatementExpression_ MethodInvocation_ MethodInvocation_ MethodInvocation_ StatementExpression_ MethodInvocation_ CatchClause_ CatchClauseParameter_ex StatementExpression_ MethodInvocation_ MethodInvocation_ CatchClause_ CatchClauseParameter_ioe ThrowStatement_ MethodInvocation_ IfStatement_ BlockStatement_ TryStatement_ StatementExpression_ MethodInvocation_ CatchClause_ CatchClauseParameter_e MethodDeclaration_setDest FormalParameter_d StatementExpression_ MethodDeclaration_setSrc FormalParameter_s StatementExpression_,"package org apache tools ant taskdefs import org apache tools ant import org apache tools tar import java io public class Untar extends Task private String dest private String source public void execute throws BuildException Touch touch Touch project createTask ""touch"" touch setOwningTarget target touch setTaskName getTaskName touch setLocation getLocation File srcF project resolveFile source TarInputStream tis null try if source null throw new BuildException ""No source specified"" location if srcF exists throw new BuildException ""source "" srcF "" doesn't exist"" location if dest null throw new BuildException ""No destination specified"" location File dir project resolveFile dest log ""Expanding: "" srcF "" into "" dir Project MSG_INFO tis new TarInputStream new FileInputStream srcF TarEntry te null while te tis getNextEntry null try File f new File dir project translatePath te getName log ""expand-file "" te getName Project MSG_VERBOSE File dirF new File f getParent dirF mkdirs if te isDirectory f mkdirs else byte buffer new byte 1024 int length 0 FileOutputStream fos new FileOutputStream f while length tis read buffer 0 fos write buffer 0 length fos close if project getJavaVersion Project JAVA_1_1 touch setFile f touch setMillis te getModTime getTime touch touch catch FileNotFoundException ex log ""FileNotFoundException: "" te getName Project MSG_WARN catch IOException ioe throw new BuildException ""Error while expanding "" srcF getPath ioe location finally if tis null try tis close catch IOException e public void setDest String d this dest d public void setSrc String s this source s"
org.apache.tools.ant.taskdefs.XSLTLiaison,3,1,0,1,3,3,1,0,3,2.0,3,0.0,0,0.0,1.0,0,0,0.0,1,1.0,0,PackageDeclaration_org.apache.tools.ant.taskdefs InterfaceDeclaration_XSLTLiaison MethodDeclaration_setStylesheet FormalParameter_fileName MethodDeclaration_addParam FormalParameter_name FormalParameter_expression MethodDeclaration_transform FormalParameter_infile FormalParameter_outfile,package org apache tools ant taskdefs import org apache tools ant public interface XSLTLiaison public void setStylesheet String fileName throws Exception public void addParam String name String expression throws Exception public void transform String infile String outfile throws Exception
org.apache.tools.ant.taskdefs.PumpStreamHandler,11,1,1,8,17,41,6,2,8,0.7,93,1.0,0,0.0,0.666666667,0,0,7.090909091,1,0.7273,0,PackageDeclaration_org.apache.tools.ant.taskdefs ClassDeclaration_PumpStreamHandler FieldDeclaration_ FieldDeclaration_ FieldDeclaration_ ConstructorDeclaration_PumpStreamHandler FormalParameter_out FormalParameter_err StatementExpression_ StatementExpression_ ConstructorDeclaration_PumpStreamHandler FormalParameter_outAndErr StatementExpression_ ConstructorDeclaration_PumpStreamHandler StatementExpression_ MethodDeclaration_setProcessOutputStream FormalParameter_is StatementExpression_ MethodInvocation_ MethodDeclaration_setProcessErrorStream FormalParameter_is StatementExpression_ MethodInvocation_ MethodDeclaration_setProcessInputStream FormalParameter_os MethodDeclaration_start StatementExpression_ MethodInvocation_ StatementExpression_ MethodInvocation_ MethodDeclaration_stop TryStatement_ StatementExpression_ MethodInvocation_ CatchClause_ CatchClauseParameter_e TryStatement_ StatementExpression_ MethodInvocation_ CatchClause_ CatchClauseParameter_e MethodDeclaration_createProcessOutputPump FormalParameter_is FormalParameter_os StatementExpression_ MethodInvocation_ MethodDeclaration_createProcessErrorPump FormalParameter_is FormalParameter_os StatementExpression_ MethodInvocation_ MethodDeclaration_createPump FormalParameter_is FormalParameter_os LocalVariableDeclaration_ StatementExpression_ MethodInvocation_ ReturnStatement_,package org apache tools ant taskdefs import java io InputStream import java io IOException import java io OutputStream public class PumpStreamHandler implements ExecuteStreamHandler private Thread inputThread private Thread errorThread private OutputStream out err public PumpStreamHandler OutputStream out OutputStream err this out out this err err public PumpStreamHandler OutputStream outAndErr this outAndErr outAndErr public PumpStreamHandler this System out System err public void setProcessOutputStream InputStream is createProcessOutputPump is out public void setProcessErrorStream InputStream is createProcessErrorPump is err public void setProcessInputStream OutputStream os public void start inputThread start errorThread start public void stop try inputThread join catch InterruptedException e try errorThread join catch InterruptedException e protected void createProcessOutputPump InputStream is OutputStream os inputThread createPump is os protected void createProcessErrorPump InputStream is OutputStream os errorThread createPump is os protected Thread createPump InputStream is OutputStream os final Thread result new Thread new StreamPumper is os result setDaemon true return result
org.apache.tools.ant.PathTokenizer,3,1,0,2,15,0,2,0,3,0.166666667,100,1.0,0,0.0,0.666666667,0,0,31.33333333,2,1.0,0,PackageDeclaration_org.apache.tools.ant ClassDeclaration_PathTokenizer FieldDeclaration_ FieldDeclaration_ FieldDeclaration_ ConstructorDeclaration_PathTokenizer FormalParameter_path StatementExpression_ StatementExpression_ MethodDeclaration_hasMoreTokens IfStatement_ BlockStatement_ ReturnStatement_ ReturnStatement_ MethodInvocation_ MethodDeclaration_nextToken LocalVariableDeclaration_ IfStatement_ BlockStatement_ StatementExpression_ StatementExpression_ BlockStatement_ StatementExpression_ MethodInvocation_ MethodInvocation_ IfStatement_ MethodInvocation_ MethodInvocation_ MethodInvocation_ MethodInvocation_ BlockStatement_ LocalVariableDeclaration_ MethodInvocation_ MethodInvocation_ IfStatement_ MethodInvocation_ MethodInvocation_ BlockStatement_ StatementExpression_ BlockStatement_ StatementExpression_ ReturnStatement_,"package org apache tools ant import java util import java io public class PathTokenizer private StringTokenizer tokenizer private String lookahead null private boolean dosStyleFilesystem public PathTokenizer String path tokenizer new StringTokenizer path "":;"" false dosStyleFilesystem File pathSeparatorChar ';' public boolean hasMoreTokens if lookahead null return true return tokenizer hasMoreTokens public String nextToken throws NoSuchElementException String token null if lookahead null token lookahead lookahead null else token tokenizer nextToken trim if token length 1 Character isLetter token charAt 0 dosStyleFilesystem tokenizer hasMoreTokens String nextToken tokenizer nextToken trim if nextToken startsWith ""\\"" nextToken startsWith ""/"" token "":"" nextToken else lookahead nextToken return token"
org.apache.tools.ant.util.MergingMapper,4,1,0,4,5,0,3,1,4,0.333333333,24,1.0,0,0.0,0.875,0,0,4.75,1,0.75,0,PackageDeclaration_org.apache.tools.ant.util ClassDeclaration_MergingMapper FieldDeclaration_ MethodDeclaration_setFrom FormalParameter_from MethodDeclaration_setTo FormalParameter_to StatementExpression_ MethodDeclaration_mapFileName FormalParameter_sourceFileName ReturnStatement_,package org apache tools ant util public class MergingMapper implements FileNameMapper protected String mergedFile null public void setFrom String from public void setTo String to mergedFile new String to public String mapFileName String sourceFileName return mergedFile
org.apache.tools.ant.DesirableFilter,2,1,0,0,6,1,0,0,2,2.0,45,0.0,0,0.0,0.666666667,0,0,21.5,8,4.0,0,PackageDeclaration_org.apache.tools.ant ClassDeclaration_DesirableFilter MethodDeclaration_accept FormalParameter_dir FormalParameter_name IfStatement_ MethodInvocation_ BlockStatement_ ReturnStatement_ IfStatement_ MethodInvocation_ MethodInvocation_ BlockStatement_ ReturnStatement_ IfStatement_ MethodInvocation_ MethodInvocation_ BlockStatement_ ReturnStatement_ IfStatement_ MethodInvocation_ BlockStatement_ ReturnStatement_ IfStatement_ MethodInvocation_ BlockStatement_ ReturnStatement_ ReturnStatement_,"package org apache tools ant import java io File import java io FilenameFilter import java io IOException public class DesirableFilter implements FilenameFilter public boolean accept File dir String name if name endsWith ""~"" return false if name startsWith ""#"" name endsWith ""#"" return false if name startsWith ""%"" name endsWith ""%"" return false if name equals ""CVS"" return false if name equals "".cvsignore"" return false return true"
org.apache.tools.ant.taskdefs.GenerateKey,14,3,0,6,33,65,0,6,14,0.91025641,404,1.0,1,0.74,0.595238095,2,3,27.0,2,1.0,0,PackageDeclaration_org.apache.tools.ant.taskdefs ClassDeclaration_GenerateKey ClassDeclaration_DnameParam FieldDeclaration_ FieldDeclaration_ MethodDeclaration_setName FormalParameter_name StatementExpression_ MethodDeclaration_getName ReturnStatement_ MethodDeclaration_setValue FormalParameter_value StatementExpression_ MethodDeclaration_getValue ReturnStatement_ ClassDeclaration_DistinguishedName FieldDeclaration_ FieldDeclaration_ FieldDeclaration_ MethodDeclaration_createParam LocalVariableDeclaration_ StatementExpression_ MethodInvocation_ ReturnStatement_ MethodDeclaration_getParams ReturnStatement_ MethodInvocation_ MethodDeclaration_toString LocalVariableDeclaration_ MethodInvocation_ LocalVariableDeclaration_ LocalVariableDeclaration_ ForStatement_ VariableDeclaration_ BlockStatement_ IfStatement_ BlockStatement_ StatementExpression_ MethodInvocation_ StatementExpression_ LocalVariableDeclaration_ MethodInvocation_ StatementExpression_ MethodInvocation_ MethodInvocation_ MethodInvocation_ StatementExpression_ MethodInvocation_ StatementExpression_ MethodInvocation_ MethodInvocation_ MethodInvocation_ ReturnStatement_ MethodInvocation_ MethodDeclaration_encode FormalParameter_string LocalVariableDeclaration_ MethodInvocation_ IfStatement_ ReturnStatement_ LocalVariableDeclaration_ LocalVariableDeclaration_ WhileStatement_ BlockStatement_ StatementExpression_ MethodInvocation_ MethodInvocation_ StatementExpression_ MethodInvocation_ StatementExpression_ StatementExpression_ MethodInvocation_ StatementExpression_ MethodInvocation_ MethodInvocation_ ReturnStatement_ MethodInvocation_ FieldDeclaration_ FieldDeclaration_ FieldDeclaration_ FieldDeclaration_ FieldDeclaration_ FieldDeclaration_ FieldDeclaration_ FieldDeclaration_ FieldDeclaration_ FieldDeclaration_ FieldDeclaration_ FieldDeclaration_ MethodDeclaration_createDname IfStatement_ BlockStatement_ ThrowStatement_ IfStatement_ BlockStatement_ ThrowStatement_ StatementExpression_ ReturnStatement_ MethodDeclaration_setDname FormalParameter_dname IfStatement_ BlockStatement_ ThrowStatement_ StatementExpression_ MethodDeclaration_setAlias FormalParameter_alias StatementExpression_ MethodDeclaration_setKeystore FormalParameter_keystore StatementExpression_ MethodDeclaration_setStorepass FormalParameter_storepass StatementExpression_ MethodDeclaration_setStoretype FormalParameter_storetype StatementExpression_ MethodDeclaration_setKeypass FormalParameter_keypass StatementExpression_ MethodDeclaration_setSigalg FormalParameter_sigalg StatementExpression_ MethodDeclaration_setKeyalg FormalParameter_keyalg StatementExpression_ MethodDeclaration_setKeysize FormalParameter_keysize TryStatement_ StatementExpression_ MethodInvocation_ CatchClause_ CatchClauseParameter_nfe ThrowStatement_ MethodDeclaration_setValidity FormalParameter_validity TryStatement_ StatementExpression_ MethodInvocation_ CatchClause_ CatchClauseParameter_nfe ThrowStatement_ MethodDeclaration_setVerbose FormalParameter_verbose StatementExpression_ MethodDeclaration_execute IfStatement_ MethodInvocation_ MethodInvocation_ BlockStatement_ ThrowStatement_ IfStatement_ BlockStatement_ ThrowStatement_ IfStatement_ BlockStatement_ ThrowStatement_ IfStatement_ BlockStatement_ ThrowStatement_ LocalVariableDeclaration_ StatementExpression_ MethodInvocation_ IfStatement_ BlockStatement_ StatementExpression_ MethodInvocation_ StatementExpression_ MethodInvocation_ StatementExpression_ MethodInvocation_ StatementExpression_ MethodInvocation_ IfStatement_ BlockStatement_ StatementExpression_ MethodInvocation_ StatementExpression_ MethodInvocation_ StatementExpression_ MethodInvocation_ IfStatement_ BlockStatement_ StatementExpression_ MethodInvocation_ StatementExpression_ MethodInvocation_ StatementExpression_ MethodInvocation_ IfStatement_ BlockStatement_ StatementExpression_ MethodInvocation_ StatementExpression_ MethodInvocation_ StatementExpression_ MethodInvocation_ IfStatement_ BlockStatement_ StatementExpression_ MethodInvocation_ StatementExpression_ MethodInvocation_ StatementExpression_ MethodInvocation_ IfStatement_ BlockStatement_ StatementExpression_ MethodInvocation_ StatementExpression_ MethodInvocation_ StatementExpression_ MethodInvocation_ StatementExpression_ MethodInvocation_ IfStatement_ BlockStatement_ StatementExpression_ MethodInvocation_ BlockStatement_ StatementExpression_ MethodInvocation_ StatementExpression_ MethodInvocation_ IfStatement_ BlockStatement_ StatementExpression_ MethodInvocation_ StatementExpression_ MethodInvocation_ StatementExpression_ MethodInvocation_ IfStatement_ BlockStatement_ StatementExpression_ MethodInvocation_ StatementExpression_ MethodInvocation_ StatementExpression_ MethodInvocation_ IfStatement_ BlockStatement_ StatementExpression_ MethodInvocation_ StatementExpression_ MethodInvocation_ StatementExpression_ MethodInvocation_ IfStatement_ BlockStatement_ StatementExpression_ MethodInvocation_ StatementExpression_ MethodInvocation_ StatementExpression_ MethodInvocation_ StatementExpression_ MethodInvocation_ LocalVariableDeclaration_ MethodInvocation_ StatementExpression_ MethodInvocation_ MethodInvocation_ StatementExpression_ MethodInvocation_ StatementExpression_ MethodInvocation_ MethodInvocation_ StatementExpression_ MethodInvocation_,"package org apache tools ant taskdefs import java util Enumeration import java util Vector import org apache tools ant import org apache tools ant types Commandline public class GenerateKey extends Task public static class DnameParam private String name private String value public void setName String name this name name public String getName return name public void setValue String value this value value public String getValue return value public static class DistinguishedName private String name private String path private Vector params new Vector public Object createParam DnameParam param new DnameParam params addElement param return param public Enumeration getParams return params elements public String toString final int size params size final StringBuffer sb new StringBuffer boolean firstPass true for int i 0 i size i if firstPass sb append "" ,"" firstPass false final DnameParam param DnameParam params elementAt i sb append encode param getName sb append '=' sb append encode param getValue return sb toString public String encode final String string int end string indexOf ',' if 1 end return string final StringBuffer sb new StringBuffer int start 0 while 1 end sb append string substring start end sb append ""\\,"" start end 1 end string indexOf ',' start sb append string substring start return sb toString protected String alias protected String keystore protected String storepass protected String storetype protected String keypass protected String sigalg protected String keyalg protected String dname protected DistinguishedName expandedDname protected int keysize protected int validity protected boolean verbose public DistinguishedName createDname throws BuildException if null expandedDname throw new BuildException ""DName sub-element can only be specified once."" if null dname throw new BuildException ""It is not possible to specify dname both "" ""as attribute and element."" expandedDname new DistinguishedName return expandedDname public void setDname final String dname if null expandedDname throw new BuildException ""It is not possible to specify dname both "" ""as attribute and element."" this dname dname public void setAlias final String alias this alias alias public void setKeystore final String keystore this keystore keystore public void setStorepass final String storepass this storepass storepass public void setStoretype final String storetype this storetype storetype public void setKeypass final String keypass this keypass keypass public void setSigalg final String sigalg this sigalg sigalg public void setKeyalg final String keyalg this keyalg keyalg public void setKeysize final String keysize throws BuildException try this keysize Integer parseInt keysize catch final NumberFormatException nfe throw new BuildException ""KeySize attribute should be a integer"" public void setValidity final String validity throws BuildException try this validity Integer parseInt validity catch final NumberFormatException nfe throw new BuildException ""Validity attribute should be a integer"" public void setVerbose final boolean verbose this verbose verbose public void execute throws BuildException if project getJavaVersion equals Project JAVA_1_1 throw new BuildException ""The genkey task is only available on JDK"" "" versions 1.2 or greater"" if null alias throw new BuildException ""alias attribute must be set"" if null storepass throw new BuildException ""storepass attribute must be set"" if null dname null expandedDname throw new BuildException ""dname must be set"" final StringBuffer sb new StringBuffer sb append ""keytool -genkey "" if verbose sb append ""-v "" sb append ""-alias \"""" sb append alias sb append ""\"" "" if null dname sb append ""-dname \"""" sb append dname sb append ""\"" "" if null expandedDname sb append ""-dname \"""" sb append expandedDname sb append ""\"" "" if null keystore sb append ""-keystore \"""" sb append keystore sb append ""\"" "" if null storepass sb append ""-storepass \"""" sb append storepass sb append ""\"" "" if null storetype sb append ""-storetype \"""" sb append storetype sb append ""\"" "" sb append ""-keypass \"""" if null keypass sb append keypass else sb append storepass sb append ""\"" "" if null sigalg sb append ""-sigalg \"""" sb append sigalg sb append ""\"" "" if null keyalg sb append ""-keyalg \"""" sb append keyalg sb append ""\"" "" if 0 keysize sb append ""-keysize \"""" sb append keysize sb append ""\"" "" if 0 validity sb append ""-validity \"""" sb append validity sb append ""\"" "" log ""Generating Key for "" alias final ExecTask cmd ExecTask project createTask ""exec"" cmd setCommand new Commandline sb toString cmd setFailonerror true cmd setTaskName getTaskName cmd execute"
org.apache.tools.ant.taskdefs.Chmod,14,5,0,10,43,15,0,10,12,0.615384615,168,1.0,1,0.891666667,0.392857143,3,5,10.85714286,5,1.3571,0,PackageDeclaration_org.apache.tools.ant.taskdefs ClassDeclaration_Chmod FieldDeclaration_ FieldDeclaration_ ConstructorDeclaration_Chmod StatementExpression_ StatementExpression_ MethodDeclaration_setFile FormalParameter_src LocalVariableDeclaration_ StatementExpression_ MethodInvocation_ MethodInvocation_ StatementExpression_ MethodInvocation_ MethodInvocation_ MethodInvocation_ StatementExpression_ MethodInvocation_ MethodDeclaration_setDir FormalParameter_src StatementExpression_ MethodInvocation_ MethodDeclaration_setPerm FormalParameter_perm StatementExpression_ MethodInvocation_ MethodInvocation_ StatementExpression_ MethodDeclaration_createInclude ReturnStatement_ MethodInvocation_ MethodDeclaration_createExclude ReturnStatement_ MethodInvocation_ MethodDeclaration_createPatternSet ReturnStatement_ MethodInvocation_ MethodDeclaration_setIncludes FormalParameter_includes StatementExpression_ MethodInvocation_ MethodDeclaration_setExcludes FormalParameter_excludes StatementExpression_ MethodInvocation_ MethodDeclaration_setDefaultexcludes FormalParameter_useDefaultExcludes StatementExpression_ MethodInvocation_ MethodDeclaration_checkConfiguration IfStatement_ BlockStatement_ ThrowStatement_ IfStatement_ MethodInvocation_ BlockStatement_ StatementExpression_ MethodInvocation_ StatementExpression_ MethodDeclaration_setExecutable FormalParameter_e ThrowStatement_ MethodDeclaration_setCommand FormalParameter_e ThrowStatement_ MethodDeclaration_isValidOs ReturnStatement_ MethodInvocation_ MethodInvocation_ MethodInvocation_ MethodInvocation_ MethodInvocation_ MethodInvocation_,"package org apache tools ant taskdefs import org apache tools ant import org apache tools ant types import java io import java util public class Chmod extends ExecuteOn private FileSet defaultSet new FileSet private boolean havePerm false public Chmod super setExecutable ""chmod"" super setParallel true public void setFile File src FileSet fs new FileSet fs setDir new File src getParent fs createInclude setName src getName addFileset fs public void setDir File src defaultSet setDir src public void setPerm String perm createArg setValue perm havePerm true public PatternSet NameEntry createInclude return defaultSet createInclude public PatternSet NameEntry createExclude return defaultSet createExclude public PatternSet createPatternSet return defaultSet createPatternSet public void setIncludes String includes defaultSet setIncludes includes public void setExcludes String excludes defaultSet setExcludes excludes public void setDefaultexcludes boolean useDefaultExcludes defaultSet setDefaultexcludes useDefaultExcludes protected void checkConfiguration if havePerm throw new BuildException ""Required attribute perm not set in chmod"" location if defaultSet getDir project null addFileset defaultSet super checkConfiguration public void setExecutable String e throw new BuildException taskType "" doesn\'t support the executable attribute"" location public void setCommand String e throw new BuildException taskType "" doesn\'t support the command attribute"" location protected boolean isValidOs return System getProperty ""path.separator"" equals "":"" System getProperty ""os.name"" startsWith ""Mac"" System getProperty ""os.name"" endsWith ""X"" super isValidOs"
org.apache.tools.ant.taskdefs.compilers.Javac12,3,2,0,8,18,3,1,7,2,1.0,132,0.0,0,0.92,0.5,0,0,42.0,1,0.6667,0,PackageDeclaration_org.apache.tools.ant.taskdefs.compilers ClassDeclaration_Javac12 MethodDeclaration_execute StatementExpression_ MethodInvocation_ LocalVariableDeclaration_ MethodInvocation_ TryStatement_ LocalVariableDeclaration_ LocalVariableDeclaration_ MethodInvocation_ LocalVariableDeclaration_ MethodInvocation_ LocalVariableDeclaration_ MethodInvocation_ LocalVariableDeclaration_ MethodInvocation_ LocalVariableDeclaration_ MethodInvocation_ MethodInvocation_ ReturnStatement_ MethodInvocation_ CatchClause_ CatchClauseParameter_ex ThrowStatement_ CatchClause_ CatchClauseParameter_ex IfStatement_ BlockStatement_ ThrowStatement_ BlockStatement_ ThrowStatement_,"package org apache tools ant taskdefs compilers import org apache tools ant BuildException import org apache tools ant Project import org apache tools ant taskdefs LogOutputStream import org apache tools ant types Commandline import java io import java lang reflect Constructor import java lang reflect Method public class Javac12 extends DefaultCompilerAdapter public boolean execute throws BuildException attributes log ""Using classic compiler"" Project MSG_VERBOSE Commandline cmd setupJavacCommand try OutputStream logstr new LogOutputStream attributes Project MSG_WARN Class c Class forName ""sun.tools.javac.Main"" Constructor cons c getConstructor new Class OutputStream class String class Object compiler cons newInstance new Object logstr ""javac"" Method compile c getMethod ""compile"" new Class String class Boolean ok Boolean compile invoke compiler new Object cmd getArguments return ok booleanValue catch ClassNotFoundException ex throw new BuildException ""Cannot use classic compiler, as it is not available"" "" A common solution is to set the environment variable"" "" JAVA_HOME to your jdk directory."" location catch Exception ex if ex instanceof BuildException throw BuildException ex else throw new BuildException ""Error starting classic compiler: "" ex location"
org.apache.tools.ant.Task,19,1,34,78,23,119,75,5,16,0.873015873,125,1.0,4,0.0,0.218045113,0,0,5.210526316,2,1.0,0,PackageDeclaration_org.apache.tools.ant ClassDeclaration_Task FieldDeclaration_ FieldDeclaration_ FieldDeclaration_ FieldDeclaration_ FieldDeclaration_ FieldDeclaration_ FieldDeclaration_ MethodDeclaration_setProject FormalParameter_project StatementExpression_ MethodDeclaration_getProject ReturnStatement_ MethodDeclaration_setOwningTarget FormalParameter_target StatementExpression_ MethodDeclaration_getOwningTarget ReturnStatement_ MethodDeclaration_setTaskName FormalParameter_name StatementExpression_ MethodDeclaration_getTaskName ReturnStatement_ MethodDeclaration_setTaskType FormalParameter_type StatementExpression_ MethodDeclaration_log FormalParameter_msg StatementExpression_ MethodInvocation_ MethodDeclaration_log FormalParameter_msg FormalParameter_msgLevel StatementExpression_ MethodInvocation_ MethodDeclaration_setDescription FormalParameter_desc StatementExpression_ MethodDeclaration_getDescription ReturnStatement_ MethodDeclaration_init MethodDeclaration_execute MethodDeclaration_getLocation ReturnStatement_ MethodDeclaration_setLocation FormalParameter_location StatementExpression_ MethodDeclaration_getRuntimeConfigurableWrapper IfStatement_ BlockStatement_ StatementExpression_ ReturnStatement_ MethodDeclaration_setRuntimeConfigurableWrapper FormalParameter_wrapper StatementExpression_ MethodDeclaration_maybeConfigure IfStatement_ BlockStatement_ StatementExpression_ MethodInvocation_,package org apache tools ant public abstract class Task protected Project project null protected Target target null protected String description null protected Location location Location UNKNOWN_LOCATION protected String taskName null protected String taskType null protected RuntimeConfigurable wrapper void setProject Project project this project project public Project getProject return project public void setOwningTarget Target target this target target public Target getOwningTarget return target public void setTaskName String name this taskName name public String getTaskName return taskName void setTaskType String type this taskType type public void log String msg log msg Project MSG_INFO public void log String msg int msgLevel project log this msg msgLevel public void setDescription String desc description desc public String getDescription return description public void init throws BuildException public void execute throws BuildException public Location getLocation return location public void setLocation Location location this location location public RuntimeConfigurable getRuntimeConfigurableWrapper if wrapper null wrapper new RuntimeConfigurable this return wrapper protected void setRuntimeConfigurableWrapper RuntimeConfigurable wrapper this wrapper wrapper public void maybeConfigure throws BuildException if wrapper null wrapper maybeConfigure project
org.apache.tools.ant.TaskAdapter,4,3,0,6,15,0,4,2,4,0.333333333,82,0.0,0,0.925,0.625,1,1,19.25,1,0.75,0,PackageDeclaration_org.apache.tools.ant ClassDeclaration_TaskAdapter FieldDeclaration_ MethodDeclaration_execute LocalVariableDeclaration_ TryStatement_ LocalVariableDeclaration_ MethodInvocation_ StatementExpression_ MethodInvocation_ IfStatement_ BlockStatement_ StatementExpression_ MethodInvocation_ MethodInvocation_ ThrowStatement_ MethodInvocation_ StatementExpression_ MethodInvocation_ ReturnStatement_ CatchClause_ CatchClauseParameter_ex StatementExpression_ MethodInvocation_ MethodInvocation_ ThrowStatement_ MethodDeclaration_setProxy FormalParameter_o StatementExpression_ MethodDeclaration_getProxy ReturnStatement_,"package org apache tools ant import java lang reflect import java util public class TaskAdapter extends Task Object proxy public void execute throws BuildException Method executeM null try Class c proxy getClass executeM c getMethod ""execute"" new Class 0 if executeM null log ""No execute in "" proxy getClass Project MSG_ERR throw new BuildException ""No execute in "" proxy getClass executeM invoke proxy null return catch Exception ex log ""Error in "" proxy getClass Project MSG_ERR throw new BuildException ex public void setProxy Object o this proxy o public Object getProxy return this proxy"
org.apache.tools.ant.taskdefs.Javadoc,65,3,0,21,155,1670,6,21,59,0.9171875,1504,1.0,5,0.37,0.244140625,3,3,21.83076923,10,1.5231,0,PackageDeclaration_org.apache.tools.ant.taskdefs ClassDeclaration_Javadoc ClassDeclaration_DocletParam FieldDeclaration_ FieldDeclaration_ MethodDeclaration_setName FormalParameter_name StatementExpression_ MethodDeclaration_getName ReturnStatement_ MethodDeclaration_setValue FormalParameter_value StatementExpression_ MethodDeclaration_getValue ReturnStatement_ ClassDeclaration_DocletInfo FieldDeclaration_ FieldDeclaration_ FieldDeclaration_ MethodDeclaration_setName FormalParameter_name StatementExpression_ MethodDeclaration_getName ReturnStatement_ MethodDeclaration_setPath FormalParameter_path IfStatement_ BlockStatement_ StatementExpression_ BlockStatement_ StatementExpression_ MethodInvocation_ MethodDeclaration_getPath ReturnStatement_ MethodDeclaration_createPath IfStatement_ BlockStatement_ StatementExpression_ MethodInvocation_ ReturnStatement_ MethodInvocation_ MethodDeclaration_setPathRef FormalParameter_r StatementExpression_ MethodInvocation_ MethodInvocation_ MethodDeclaration_createParam LocalVariableDeclaration_ StatementExpression_ MethodInvocation_ ReturnStatement_ MethodDeclaration_getParams ReturnStatement_ MethodInvocation_ FieldDeclaration_ FieldDeclaration_ MethodInvocation_ MethodDeclaration_addArgIf FormalParameter_b FormalParameter_arg IfStatement_ BlockStatement_ StatementExpression_ MethodInvocation_ MethodInvocation_ MethodDeclaration_add12ArgIfNotEmpty FormalParameter_key FormalParameter_value IfStatement_ BlockStatement_ IfStatement_ MethodInvocation_ BlockStatement_ StatementExpression_ MethodInvocation_ MethodInvocation_ StatementExpression_ MethodInvocation_ MethodInvocation_ BlockStatement_ StatementExpression_ MethodInvocation_ MethodDeclaration_add11ArgIf FormalParameter_b FormalParameter_arg IfStatement_ BlockStatement_ StatementExpression_ MethodInvocation_ MethodInvocation_ MethodDeclaration_add12ArgIf FormalParameter_b FormalParameter_arg IfStatement_ BlockStatement_ StatementExpression_ MethodInvocation_ MethodInvocation_ FieldDeclaration_ FieldDeclaration_ FieldDeclaration_ FieldDeclaration_ FieldDeclaration_ FieldDeclaration_ FieldDeclaration_ FieldDeclaration_ FieldDeclaration_ FieldDeclaration_ FieldDeclaration_ FieldDeclaration_ FieldDeclaration_ FieldDeclaration_ FieldDeclaration_ FieldDeclaration_ FieldDeclaration_ FieldDeclaration_ MethodDeclaration_setDefaultexcludes FormalParameter_useDefaultExcludes StatementExpression_ MethodDeclaration_setMaxmemory FormalParameter_max IfStatement_ BlockStatement_ StatementExpression_ MethodInvocation_ MethodInvocation_ BlockStatement_ StatementExpression_ MethodInvocation_ MethodInvocation_ MethodDeclaration_setAdditionalparam FormalParameter_add StatementExpression_ MethodInvocation_ MethodInvocation_ MethodDeclaration_setSourcepath FormalParameter_src IfStatement_ BlockStatement_ StatementExpression_ BlockStatement_ StatementExpression_ MethodInvocation_ MethodDeclaration_createSourcepath IfStatement_ BlockStatement_ StatementExpression_ ReturnStatement_ MethodInvocation_ MethodDeclaration_setSourcepathRef FormalParameter_r StatementExpression_ MethodInvocation_ MethodInvocation_ MethodDeclaration_setDestdir FormalParameter_dir StatementExpression_ StatementExpression_ MethodInvocation_ MethodInvocation_ StatementExpression_ MethodInvocation_ MethodInvocation_ MethodDeclaration_setSourcefiles FormalParameter_src StatementExpression_ MethodDeclaration_setPackagenames FormalParameter_src StatementExpression_ MethodDeclaration_setExcludePackageNames FormalParameter_src StatementExpression_ MethodDeclaration_setOverview FormalParameter_f IfStatement_ BlockStatement_ StatementExpression_ MethodInvocation_ MethodInvocation_ StatementExpression_ MethodInvocation_ MethodInvocation_ MethodDeclaration_setPublic FormalParameter_b StatementExpression_ MethodInvocation_ MethodDeclaration_setProtected FormalParameter_b StatementExpression_ MethodInvocation_ MethodDeclaration_setPackage FormalParameter_b StatementExpression_ MethodInvocation_ MethodDeclaration_setPrivate FormalParameter_b StatementExpression_ MethodInvocation_ MethodDeclaration_setDoclet FormalParameter_src IfStatement_ BlockStatement_ StatementExpression_ StatementExpression_ MethodInvocation_ MethodDeclaration_setDocletPath FormalParameter_src IfStatement_ BlockStatement_ StatementExpression_ StatementExpression_ MethodInvocation_ MethodDeclaration_setDocletPathRef FormalParameter_r IfStatement_ BlockStatement_ StatementExpression_ StatementExpression_ MethodInvocation_ MethodInvocation_ MethodDeclaration_createDoclet StatementExpression_ ReturnStatement_ MethodDeclaration_setOld FormalParameter_b StatementExpression_ MethodInvocation_ MethodDeclaration_setClasspath FormalParameter_src IfStatement_ BlockStatement_ StatementExpression_ BlockStatement_ StatementExpression_ MethodInvocation_ MethodDeclaration_createClasspath IfStatement_ BlockStatement_ StatementExpression_ ReturnStatement_ MethodInvocation_ MethodDeclaration_setClasspathRef FormalParameter_r StatementExpression_ MethodInvocation_ MethodInvocation_ MethodDeclaration_setBootclasspath FormalParameter_src IfStatement_ BlockStatement_ StatementExpression_ BlockStatement_ StatementExpression_ MethodInvocation_ MethodDeclaration_createBootclasspath IfStatement_ BlockStatement_ StatementExpression_ ReturnStatement_ MethodInvocation_ MethodDeclaration_setBootClasspathRef FormalParameter_r StatementExpression_ MethodInvocation_ MethodInvocation_ MethodDeclaration_setExtdirs FormalParameter_src IfStatement_ BlockStatement_ StatementExpression_ MethodInvocation_ MethodInvocation_ StatementExpression_ MethodInvocation_ MethodInvocation_ MethodDeclaration_setVerbose FormalParameter_b StatementExpression_ MethodInvocation_ MethodDeclaration_setLocale FormalParameter_src IfStatement_ BlockStatement_ StatementExpression_ MethodInvocation_ MethodInvocation_ StatementExpression_ MethodInvocation_ MethodInvocation_ MethodDeclaration_setEncoding FormalParameter_enc StatementExpression_ MethodInvocation_ MethodInvocation_ StatementExpression_ MethodInvocation_ MethodInvocation_ MethodDeclaration_setVersion FormalParameter_src StatementExpression_ MethodDeclaration_setUse FormalParameter_b StatementExpression_ MethodInvocation_ MethodDeclaration_setAuthor FormalParameter_src StatementExpression_ MethodDeclaration_setSplitindex FormalParameter_b StatementExpression_ MethodInvocation_ MethodDeclaration_setWindowtitle FormalParameter_src StatementExpression_ MethodInvocation_ MethodDeclaration_setDoctitle FormalParameter_src StatementExpression_ MethodInvocation_ MethodDeclaration_setHeader FormalParameter_src StatementExpression_ MethodInvocation_ MethodDeclaration_setFooter FormalParameter_src StatementExpression_ MethodInvocation_ MethodDeclaration_setBottom FormalParameter_src StatementExpression_ MethodInvocation_ MethodDeclaration_setLinkoffline FormalParameter_src IfStatement_ BlockStatement_ LocalVariableDeclaration_ MethodInvocation_ StatementExpression_ MethodInvocation_ LocalVariableDeclaration_ IfStatement_ MethodInvocation_ MethodInvocation_ BlockStatement_ ThrowStatement_ LocalVariableDeclaration_ StatementExpression_ MethodInvocation_ MethodInvocation_ IfStatement_ MethodInvocation_ BlockStatement_ ThrowStatement_ StatementExpression_ MethodInvocation_ MethodInvocation_ MethodDeclaration_setGroup FormalParameter_src StatementExpression_ MethodDeclaration_setLink FormalParameter_src IfStatement_ BlockStatement_ StatementExpression_ MethodInvocation_ MethodInvocation_ MethodDeclaration_setNodeprecated FormalParameter_b StatementExpression_ MethodInvocation_ MethodDeclaration_setNodeprecatedlist FormalParameter_b StatementExpression_ MethodInvocation_ MethodDeclaration_setNotree FormalParameter_b StatementExpression_ MethodInvocation_ MethodDeclaration_setNoindex FormalParameter_b StatementExpression_ MethodInvocation_ MethodDeclaration_setNohelp FormalParameter_b StatementExpression_ MethodInvocation_ MethodDeclaration_setNonavbar FormalParameter_b StatementExpression_ MethodInvocation_ MethodDeclaration_setSerialwarn FormalParameter_b StatementExpression_ MethodInvocation_ MethodDeclaration_setStylesheetfile FormalParameter_f IfStatement_ BlockStatement_ StatementExpression_ MethodInvocation_ MethodInvocation_ StatementExpression_ MethodInvocation_ MethodInvocation_ MethodDeclaration_setHelpfile FormalParameter_f IfStatement_ BlockStatement_ StatementExpression_ MethodInvocation_ MethodInvocation_ StatementExpression_ MethodInvocation_ MethodInvocation_ MethodDeclaration_setDocencoding FormalParameter_enc StatementExpression_ MethodInvocation_ MethodInvocation_ StatementExpression_ MethodInvocation_ MethodInvocation_ MethodDeclaration_setPackageList FormalParameter_src StatementExpression_ MethodDeclaration_createLink LocalVariableDeclaration_ StatementExpression_ MethodInvocation_ ReturnStatement_ ClassDeclaration_LinkArgument FieldDeclaration_ FieldDeclaration_ FieldDeclaration_ ConstructorDeclaration_LinkArgument MethodDeclaration_setHref FormalParameter_hr StatementExpression_ MethodDeclaration_getHref ReturnStatement_ MethodDeclaration_setPackagelistLoc FormalParameter_src StatementExpression_ MethodDeclaration_getPackagelistLoc ReturnStatement_ MethodDeclaration_setOffline FormalParameter_offline StatementExpression_ MethodDeclaration_isLinkOffline ReturnStatement_ MethodDeclaration_createGroup LocalVariableDeclaration_ StatementExpression_ MethodInvocation_ ReturnStatement_ ClassDeclaration_GroupArgument FieldDeclaration_ FieldDeclaration_ ConstructorDeclaration_GroupArgument MethodDeclaration_setTitle FormalParameter_src StatementExpression_ MethodDeclaration_getTitle ReturnStatement_ MethodDeclaration_setPackages FormalParameter_src StatementExpression_ MethodDeclaration_getPackages ReturnStatement_ MethodDeclaration_setCharset FormalParameter_src StatementExpression_ MethodInvocation_ MethodDeclaration_setFailonerror FormalParameter_b StatementExpression_ MethodDeclaration_execute IfStatement_ MethodInvocation_ BlockStatement_ StatementExpression_ MethodInvocation_ IfStatement_ BlockStatement_ LocalVariableDeclaration_ ThrowStatement_ StatementExpression_ MethodInvocation_ LocalVariableDeclaration_ MethodInvocation_ StatementExpression_ MethodInvocation_ IfStatement_ StatementExpression_ StatementExpression_ MethodInvocation_ IfStatement_ BlockStatement_ StatementExpression_ MethodInvocation_ MethodInvocation_ StatementExpression_ MethodInvocation_ MethodInvocation_ StatementExpression_ MethodInvocation_ MethodInvocation_ StatementExpression_ MethodInvocation_ MethodInvocation_ BlockStatement_ StatementExpression_ MethodInvocation_ MethodInvocation_ StatementExpression_ MethodInvocation_ MethodInvocation_ MethodInvocation_ MethodInvocation_ MethodInvocation_ IfStatement_ StatementExpression_ MethodInvocation_ MethodInvocation_ IfStatement_ StatementExpression_ MethodInvocation_ MethodInvocation_ IfStatement_ BlockStatement_ IfStatement_ BlockStatement_ LocalVariableDeclaration_ ThrowStatement_ IfStatement_ BlockStatement_ IfStatement_ BlockStatement_ IfStatement_ MethodInvocation_ BlockStatement_ ThrowStatement_ BlockStatement_ StatementExpression_ MethodInvocation_ MethodInvocation_ StatementExpression_ MethodInvocation_ MethodInvocation_ MethodInvocation_ IfStatement_ MethodInvocation_ BlockStatement_ StatementExpression_ MethodInvocation_ MethodInvocation_ StatementExpression_ MethodInvocation_ MethodInvocation_ MethodInvocation_ ForStatement_ VariableDeclaration_ MethodInvocation_ MethodInvocation_ BlockStatement_ LocalVariableDeclaration_ MethodInvocation_ IfStatement_ MethodInvocation_ BlockStatement_ ThrowStatement_ StatementExpression_ MethodInvocation_ MethodInvocation_ MethodInvocation_ IfStatement_ MethodInvocation_ BlockStatement_ StatementExpression_ MethodInvocation_ MethodInvocation_ MethodInvocation_ IfStatement_ BlockStatement_ StatementExpression_ MethodInvocation_ MethodInvocation_ StatementExpression_ MethodInvocation_ MethodInvocation_ IfStatement_ MethodInvocation_ BlockStatement_ ForStatement_ VariableDeclaration_ MethodInvocation_ MethodInvocation_ BlockStatement_ LocalVariableDeclaration_ MethodInvocation_ IfStatement_ MethodInvocation_ BlockStatement_ ThrowStatement_ IfStatement_ MethodInvocation_ BlockStatement_ LocalVariableDeclaration_ MethodInvocation_ IfStatement_ BlockStatement_ ThrowStatement_ MethodInvocation_ StatementExpression_ MethodInvocation_ MethodInvocation_ StatementExpression_ MethodInvocation_ MethodInvocation_ MethodInvocation_ StatementExpression_ MethodInvocation_ MethodInvocation_ BlockStatement_ StatementExpression_ MethodInvocation_ MethodInvocation_ StatementExpression_ MethodInvocation_ MethodInvocation_ MethodInvocation_ IfStatement_ BlockStatement_ LocalVariableDeclaration_ WhileStatement_ MethodInvocation_ BlockStatement_ LocalVariableDeclaration_ MethodInvocation_ MethodInvocation_ LocalVariableDeclaration_ MethodInvocation_ IfStatement_ BlockStatement_ LocalVariableDeclaration_ MethodInvocation_ LocalVariableDeclaration_ MethodInvocation_ StatementExpression_ MethodInvocation_ MethodInvocation_ StatementExpression_ MethodInvocation_ MethodInvocation_ StatementExpression_ MethodInvocation_ MethodInvocation_ IfStatement_ MethodInvocation_ BlockStatement_ ForStatement_ VariableDeclaration_ MethodInvocation_ MethodInvocation_ BlockStatement_ LocalVariableDeclaration_ MethodInvocation_ LocalVariableDeclaration_ MethodInvocation_ LocalVariableDeclaration_ MethodInvocation_ IfStatement_ BlockStatement_ ThrowStatement_ StatementExpression_ MethodInvocation_ MethodInvocation_ StatementExpression_ MethodInvocation_ MethodInvocation_ StatementExpression_ MethodInvocation_ MethodInvocation_ IfStatement_ MethodInvocation_ BlockStatement_ LocalVariableDeclaration_ LocalVariableDeclaration_ WhileStatement_ MethodInvocation_ BlockStatement_ LocalVariableDeclaration_ MethodInvocation_ MethodInvocation_ IfStatement_ MethodInvocation_ BlockStatement_ StatementExpression_ MethodInvocation_ BlockStatement_ StatementExpression_ MethodInvocation_ MethodInvocation_ LocalVariableDeclaration_ IfStatement_ MethodInvocation_ BlockStatement_ LocalVariableDeclaration_ WhileStatement_ MethodInvocation_ BlockStatement_ StatementExpression_ MethodInvocation_ MethodInvocation_ MethodInvocation_ IfStatement_ MethodInvocation_ BlockStatement_ StatementExpression_ MethodInvocation_ IfStatement_ MethodInvocation_ BlockStatement_ LocalVariableDeclaration_ WhileStatement_ MethodInvocation_ BlockStatement_ StatementExpression_ MethodInvocation_ MethodInvocation_ MethodInvocation_ MethodInvocation_ IfStatement_ BlockStatement_ StatementExpression_ MethodInvocation_ MethodInvocation_ StatementExpression_ MethodInvocation_ StatementExpression_ MethodInvocation_ LocalVariableDeclaration_ LocalVariableDeclaration_ LocalVariableDeclaration_ StatementExpression_ MethodInvocation_ StatementExpression_ MethodInvocation_ MethodInvocation_ TryStatement_ StatementExpression_ MethodInvocation_ MethodInvocation_ LocalVariableDeclaration_ MethodInvocation_ IfStatement_ BlockStatement_ ThrowStatement_ CatchClause_ CatchClauseParameter_e ThrowStatement_ StatementExpression_ MethodInvocation_ StatementExpression_ MethodInvocation_ TryStatement_ StatementExpression_ MethodInvocation_ StatementExpression_ MethodInvocation_ CatchClause_ CatchClauseParameter_e MethodDeclaration_evaluatePackages FormalParameter_toExecute FormalParameter_sourcePath FormalParameter_packages FormalParameter_excludePackages StatementExpression_ MethodInvocation_ MethodInvocation_ StatementExpression_ MethodInvocation_ StatementExpression_ MethodInvocation_ LocalVariableDeclaration_ LocalVariableDeclaration_ MethodInvocation_ IfStatement_ StatementExpression_ LocalVariableDeclaration_ StatementExpression_ MethodInvocation_ LocalVariableDeclaration_ MethodInvocation_ WhileStatement_ MethodInvocation_ BlockStatement_ LocalVariableDeclaration_ MethodInvocation_ StatementExpression_ MethodInvocation_ IfStatement_ MethodInvocation_ BlockStatement_ StatementExpression_ StatementExpression_ MethodInvocation_ MethodInvocation_ StatementExpression_ MethodInvocation_ WhileStatement_ MethodInvocation_ BlockStatement_ LocalVariableDeclaration_ MethodInvocation_ StatementExpression_ MethodInvocation_ IfStatement_ MethodInvocation_ BlockStatement_ StatementExpression_ StatementExpression_ MethodInvocation_ MethodInvocation_ ForStatement_ VariableDeclaration_ BlockStatement_ LocalVariableDeclaration_ MethodInvocation_ StatementExpression_ MethodInvocation_ LocalVariableDeclaration_ MethodInvocation_ LocalVariableDeclaration_ MethodInvocation_ ForStatement_ VariableDeclaration_ BlockStatement_ LocalVariableDeclaration_ LocalVariableDeclaration_ MethodInvocation_ MethodDeclaration_accept FormalParameter_dir1 FormalParameter_name IfStatement_ MethodInvocation_ BlockStatement_ ReturnStatement_ ReturnStatement_ IfStatement_ BlockStatement_ LocalVariableDeclaration_ MethodInvocation_ MethodInvocation_ IfStatement_ MethodInvocation_ BlockStatement_ StatementExpression_ MethodInvocation_ MethodInvocation_ StatementExpression_ MethodInvocation_ ClassDeclaration_JavadocOutputStream ConstructorDeclaration_JavadocOutputStream FormalParameter_level StatementExpression_ FieldDeclaration_ MethodDeclaration_processLine FormalParameter_line FormalParameter_messageLevel IfStatement_ MethodInvocation_ BlockStatement_ IfStatement_ BlockStatement_ StatementExpression_ StatementExpression_ BlockStatement_ IfStatement_ BlockStatement_ IfStatement_ MethodInvocation_ StatementExpression_ StatementExpression_ StatementExpression_ StatementExpression_ MethodDeclaration_logFlush IfStatement_ BlockStatement_ StatementExpression_ StatementExpression_,"package org apache tools ant taskdefs import java io import java util import org apache tools ant BuildException import org apache tools ant DirectoryScanner import org apache tools ant Project import org apache tools ant Task import org apache tools ant types public class Javadoc extends Task public class DocletParam private String name private String value public void setName String name this name name public String getName return name public void setValue String value this value value public String getValue return value public class DocletInfo private String name private Path path private Vector params new Vector public void setName String name this name name public String getName return name public void setPath Path path if this path null this path path else this path append path public Path getPath return path public Path createPath if path null path new Path getProject return path createPath public void setPathRef Reference r createPath setRefid r public DocletParam createParam DocletParam param new DocletParam params addElement param return param public Enumeration getParams return params elements private Commandline cmd new Commandline private static boolean javadoc1 Project getJavaVersion Project JAVA_1_1 private void addArgIf boolean b String arg if b cmd createArgument setValue arg private void add12ArgIfNotEmpty String key String value if javadoc1 if value null value length 0 cmd createArgument setValue key cmd createArgument setValue value else project log this ""Warning: Leaving out empty argument '"" key ""'"" Project MSG_WARN private void add11ArgIf boolean b String arg if javadoc1 b cmd createArgument setValue arg private void add12ArgIf boolean b String arg if javadoc1 b cmd createArgument setValue arg private boolean foundJavaFile false private boolean failOnError false private Path sourcePath null private File destDir null private String sourceFiles null private String packageNames null private String excludePackageNames null private boolean author true private boolean version true private DocletInfo doclet null private Path classpath null private Path bootclasspath null private String group null private Vector compileList new Vector 10 private String packageList null private Vector links new Vector 2 private Vector groups new Vector 2 private boolean useDefaultExcludes true public void setDefaultexcludes boolean useDefaultExcludes this useDefaultExcludes useDefaultExcludes public void setMaxmemory String max if javadoc1 cmd createArgument setValue ""-J-mx"" max else cmd createArgument setValue ""-J-Xmx"" max public void setAdditionalparam String add cmd createArgument setLine add public void setSourcepath Path src if sourcePath null sourcePath src else sourcePath append src public Path createSourcepath if sourcePath null sourcePath new Path project return sourcePath createPath public void setSourcepathRef Reference r createSourcepath setRefid r public void setDestdir File dir destDir dir cmd createArgument setValue ""-d"" cmd createArgument setFile destDir public void setSourcefiles String src sourceFiles src public void setPackagenames String src packageNames src public void setExcludePackageNames String src excludePackageNames src public void setOverview File f if javadoc1 cmd createArgument setValue ""-overview"" cmd createArgument setFile f public void setPublic boolean b addArgIf b ""-public"" public void setProtected boolean b addArgIf b ""-protected"" public void setPackage boolean b addArgIf b ""-package"" public void setPrivate boolean b addArgIf b ""-private"" public void setDoclet String src if doclet null doclet new DocletInfo doclet setName src public void setDocletPath Path src if doclet null doclet new DocletInfo doclet setPath src public void setDocletPathRef Reference r if doclet null doclet new DocletInfo doclet createPath setRefid r public DocletInfo createDoclet doclet new DocletInfo return doclet public void setOld boolean b add12ArgIf b ""-1.1"" public void setClasspath Path src if classpath null classpath src else classpath append src public Path createClasspath if classpath null classpath new Path project return classpath createPath public void setClasspathRef Reference r createClasspath setRefid r public void setBootclasspath Path src if bootclasspath null bootclasspath src else bootclasspath append src public Path createBootclasspath if bootclasspath null bootclasspath new Path project return bootclasspath createPath public void setBootClasspathRef Reference r createBootclasspath setRefid r public void setExtdirs String src if javadoc1 cmd createArgument setValue ""-extdirs"" cmd createArgument setValue src public void setVerbose boolean b add12ArgIf b ""-verbose"" public void setLocale String src if javadoc1 cmd createArgument setValue ""-locale"" cmd createArgument setValue src public void setEncoding String enc cmd createArgument setValue ""-encoding"" cmd createArgument setValue enc public void setVersion boolean src version src public void setUse boolean b add12ArgIf b ""-use"" public void setAuthor boolean src author src public void setSplitindex boolean b add12ArgIf b ""-splitindex"" public void setWindowtitle String src add12ArgIfNotEmpty ""-windowtitle"" src public void setDoctitle String src add12ArgIfNotEmpty ""-doctitle"" src public void setHeader String src add12ArgIfNotEmpty ""-header"" src public void setFooter String src add12ArgIfNotEmpty ""-footer"" src public void setBottom String src add12ArgIfNotEmpty ""-bottom"" src public void setLinkoffline String src if javadoc1 LinkArgument le createLink le setOffline true String linkOfflineError ""The linkoffline attribute must include a URL and "" ""a package-list file location separated by a space"" if src trim length 0 throw new BuildException linkOfflineError StringTokenizer tok new StringTokenizer src "" "" false le setHref tok nextToken if tok hasMoreTokens throw new BuildException linkOfflineError le setPackagelistLoc tok nextToken public void setGroup String src group src public void setLink String src if javadoc1 createLink setHref src public void setNodeprecated boolean b addArgIf b ""-nodeprecated"" public void setNodeprecatedlist boolean b add12ArgIf b ""-nodeprecatedlist"" public void setNotree boolean b addArgIf b ""-notree"" public void setNoindex boolean b addArgIf b ""-noindex"" public void setNohelp boolean b add12ArgIf b ""-nohelp"" public void setNonavbar boolean b add12ArgIf b ""-nonavbar"" public void setSerialwarn boolean b add12ArgIf b ""-serialwarn"" public void setStylesheetfile File f if javadoc1 cmd createArgument setValue ""-stylesheetfile"" cmd createArgument setFile f public void setHelpfile File f if javadoc1 cmd createArgument setValue ""-helpfile"" cmd createArgument setFile f public void setDocencoding String enc cmd createArgument setValue ""-docencoding"" cmd createArgument setValue enc public void setPackageList String src packageList src public LinkArgument createLink LinkArgument la new LinkArgument links addElement la return la public class LinkArgument private String href private boolean offline false private String packagelistLoc public LinkArgument public void setHref String hr href hr public String getHref return href public void setPackagelistLoc String src packagelistLoc src public String getPackagelistLoc return packagelistLoc public void setOffline boolean offline this offline offline public boolean isLinkOffline return offline public GroupArgument createGroup GroupArgument ga new GroupArgument groups addElement ga return ga public class GroupArgument private String title private String packages public GroupArgument public void setTitle String src title src public String getTitle return title public void setPackages String src packages src public String getPackages return packages public void setCharset String src this add12ArgIfNotEmpty ""-charset"" src public void setFailonerror boolean b failOnError b public void execute throws BuildException if ""javadoc2"" equals taskType log ""!! javadoc2 is deprecated. Use javadoc instead. !!"" if sourcePath null String msg ""sourcePath attribute must be set!"" throw new BuildException msg log ""Generating Javadoc"" Project MSG_INFO Commandline toExecute Commandline cmd clone toExecute setExecutable ""javadoc"" if classpath null classpath Path systemClasspath else classpath classpath concatSystemClasspath ""ignore"" if javadoc1 toExecute createArgument setValue ""-classpath"" toExecute createArgument setPath classpath toExecute createArgument setValue ""-sourcepath"" toExecute createArgument setPath sourcePath else toExecute createArgument setValue ""-classpath"" toExecute createArgument setValue sourcePath toString System getProperty ""path.separator"" classpath toString if version doclet null toExecute createArgument setValue ""-version"" if author doclet null toExecute createArgument setValue ""-author"" if javadoc1 doclet null if destDir null String msg ""destDir attribute must be set!"" throw new BuildException msg if javadoc1 if doclet null if doclet getName null throw new BuildException ""The doclet name must be specified."" location else toExecute createArgument setValue ""-doclet"" toExecute createArgument setValue doclet getName if doclet getPath null toExecute createArgument setValue ""-docletpath"" toExecute createArgument setPath doclet getPath for Enumeration e doclet getParams e hasMoreElements DocletParam param DocletParam e nextElement if param getName null throw new BuildException ""Doclet parameters must have a name"" toExecute createArgument setValue param getName if param getValue null toExecute createArgument setValue param getValue if bootclasspath null toExecute createArgument setValue ""-bootclasspath"" toExecute createArgument setPath bootclasspath if links size 0 for Enumeration e links elements e hasMoreElements LinkArgument la LinkArgument e nextElement if la getHref null throw new BuildException ""Links must provide the URL to the external class documentation."" if la isLinkOffline String packageListLocation la getPackagelistLoc if packageListLocation null throw new BuildException ""The package list location for link "" la getHref "" must be provided because the link is offline"" toExecute createArgument setValue ""-linkoffline"" toExecute createArgument setValue la getHref toExecute createArgument setValue packageListLocation else toExecute createArgument setValue ""-link"" toExecute createArgument setValue la getHref if group null StringTokenizer tok new StringTokenizer group "","" false while tok hasMoreTokens String grp tok nextToken trim int space grp indexOf "" "" if space 0 String name grp substring 0 space String pkgList grp substring space 1 toExecute createArgument setValue ""-group"" toExecute createArgument setValue name toExecute createArgument setValue pkgList if groups size 0 for Enumeration e groups elements e hasMoreElements GroupArgument ga GroupArgument e nextElement String title ga getTitle String packages ga getPackages if title null packages null throw new BuildException ""The title and packages must be specified for group elements."" toExecute createArgument setValue ""-group"" toExecute createArgument setValue title toExecute createArgument setValue packages if packageNames null packageNames length 0 Vector packages new Vector StringTokenizer tok new StringTokenizer packageNames "","" false while tok hasMoreTokens String name tok nextToken trim if name endsWith "".*"" packages addElement name else toExecute createArgument setValue name Vector excludePackages new Vector if excludePackageNames null excludePackageNames length 0 StringTokenizer exTok new StringTokenizer excludePackageNames "","" false while exTok hasMoreTokens excludePackages addElement exTok nextToken trim if packages size 0 evaluatePackages toExecute sourcePath packages excludePackages if sourceFiles null sourceFiles length 0 StringTokenizer tok new StringTokenizer sourceFiles "","" false while tok hasMoreTokens toExecute createArgument setValue tok nextToken trim if packageList null toExecute createArgument setValue ""@"" packageList log ""Javadoc args: "" toExecute Project MSG_VERBOSE log ""Javadoc execution"" Project MSG_INFO JavadocOutputStream out new JavadocOutputStream Project MSG_INFO JavadocOutputStream err new JavadocOutputStream Project MSG_WARN Execute exe new Execute new PumpStreamHandler out err exe setAntRun project exe setWorkingDirectory project getBaseDir try exe setCommandline toExecute getCommandline int ret exe execute if ret 0 failOnError throw new BuildException ""Javadoc returned "" ret location catch IOException e throw new BuildException ""Javadoc failed: "" e e location finally out logFlush err logFlush try out close err close catch IOException e private void evaluatePackages Commandline toExecute Path sourcePath Vector packages Vector excludePackages log ""Source path = "" sourcePath toString Project MSG_VERBOSE log ""Packages = "" packages Project MSG_VERBOSE log ""Exclude Packages = "" excludePackages Project MSG_VERBOSE Vector addedPackages new Vector String list sourcePath list if list null list new String 0 FileSet fs new FileSet fs setDefaultexcludes useDefaultExcludes Enumeration e packages elements while e hasMoreElements String pkg String e nextElement pkg pkg replace '.' '/' if pkg endsWith ""*"" pkg ""*"" fs createInclude setName pkg e excludePackages elements while e hasMoreElements String pkg String e nextElement pkg pkg replace '.' '/' if pkg endsWith ""*"" pkg ""*"" fs createExclude setName pkg for int j 0 j list length j File source project resolveFile list j fs setDir source DirectoryScanner ds fs getDirectoryScanner project String packageDirs ds getIncludedDirectories for int i 0 i packageDirs length i File pd new File source packageDirs i String files pd list new FilenameFilter public boolean accept File dir1 String name if name endsWith "".java"" return true return false if files length 0 String pkgDir packageDirs i replace '/' '.' replace '\\' '.' if addedPackages contains pkgDir toExecute createArgument setValue pkgDir addedPackages addElement pkgDir private class JavadocOutputStream extends LogOutputStream JavadocOutputStream int level super Javadoc this level private String queuedLine null protected void processLine String line int messageLevel if messageLevel Project MSG_INFO line startsWith ""Generating "" if queuedLine null super processLine queuedLine Project MSG_VERBOSE queuedLine line else if queuedLine null if line startsWith ""Building "" super processLine queuedLine Project MSG_VERBOSE else super processLine queuedLine Project MSG_INFO queuedLine null super processLine line messageLevel protected void logFlush if queuedLine null super processLine queuedLine Project MSG_VERBOSE queuedLine null"
org.apache.tools.ant.BuildException,14,4,0,99,28,0,98,1,14,0.384615385,153,1.0,1,0.65,0.333333333,1,2,9.785714286,2,0.6429,0,PackageDeclaration_org.apache.tools.ant ClassDeclaration_BuildException FieldDeclaration_ FieldDeclaration_ ConstructorDeclaration_BuildException StatementExpression_ ConstructorDeclaration_BuildException FormalParameter_msg StatementExpression_ ConstructorDeclaration_BuildException FormalParameter_msg FormalParameter_cause StatementExpression_ StatementExpression_ ConstructorDeclaration_BuildException FormalParameter_msg FormalParameter_cause FormalParameter_location StatementExpression_ StatementExpression_ ConstructorDeclaration_BuildException FormalParameter_cause StatementExpression_ MethodInvocation_ StatementExpression_ ConstructorDeclaration_BuildException FormalParameter_msg FormalParameter_location StatementExpression_ StatementExpression_ ConstructorDeclaration_BuildException FormalParameter_cause FormalParameter_location StatementExpression_ StatementExpression_ MethodDeclaration_getException ReturnStatement_ MethodDeclaration_toString ReturnStatement_ MethodInvocation_ MethodInvocation_ MethodDeclaration_setLocation FormalParameter_location StatementExpression_ MethodDeclaration_getLocation ReturnStatement_ MethodDeclaration_printStackTrace StatementExpression_ MethodInvocation_ MethodDeclaration_printStackTrace FormalParameter_ps SynchronizedStatement_ StatementExpression_ MethodInvocation_ IfStatement_ BlockStatement_ StatementExpression_ MethodInvocation_ StatementExpression_ MethodInvocation_ MethodDeclaration_printStackTrace FormalParameter_pw SynchronizedStatement_ StatementExpression_ MethodInvocation_ IfStatement_ BlockStatement_ StatementExpression_ MethodInvocation_ StatementExpression_ MethodInvocation_,"package org apache tools ant import java io public class BuildException extends RuntimeException private Throwable cause private Location location Location UNKNOWN_LOCATION public BuildException super public BuildException String msg super msg public BuildException String msg Throwable cause super msg this cause cause public BuildException String msg Throwable cause Location location this msg cause this location location public BuildException Throwable cause super cause toString this cause cause public BuildException String msg Location location super msg this location location public BuildException Throwable cause Location location this cause this location location public Throwable getException return cause public String toString return location toString getMessage public void setLocation Location location this location location public Location getLocation return location public void printStackTrace printStackTrace System err public void printStackTrace PrintStream ps synchronized ps ps println this if cause null ps println ""--- Nested Exception ---"" cause printStackTrace ps public void printStackTrace PrintWriter pw synchronized pw pw println this if cause null pw println ""--- Nested Exception ---"" cause printStackTrace pw"
org.apache.tools.ant.IntrospectionHelper,14,1,0,24,63,63,20,20,9,0.841346154,822,0.4375,0,0.0,0.333333333,0,0,56.57142857,24,2.7857,2,PackageDeclaration_org.apache.tools.ant ClassDeclaration_IntrospectionHelper FieldDeclaration_ FieldDeclaration_ FieldDeclaration_ FieldDeclaration_ FieldDeclaration_ FieldDeclaration_ FieldDeclaration_ ConstructorDeclaration_IntrospectionHelper FormalParameter_bean StatementExpression_ StatementExpression_ StatementExpression_ StatementExpression_ StatementExpression_ LocalVariableDeclaration_ MethodInvocation_ ForStatement_ VariableDeclaration_ BlockStatement_ LocalVariableDeclaration_ LocalVariableDeclaration_ MethodInvocation_ LocalVariableDeclaration_ MethodInvocation_ LocalVariableDeclaration_ MethodInvocation_ IfStatement_ MethodInvocation_ MethodInvocation_ MethodInvocation_ MethodInvocation_ MethodInvocation_ BlockStatement_ ContinueStatement_ IfStatement_ MethodInvocation_ MethodInvocation_ MethodInvocation_ BlockStatement_ StatementExpression_ IfStatement_ MethodInvocation_ MethodInvocation_ MethodInvocation_ BlockStatement_ LocalVariableDeclaration_ MethodInvocation_ LocalVariableDeclaration_ MethodInvocation_ IfStatement_ BlockStatement_ StatementExpression_ MethodInvocation_ StatementExpression_ MethodInvocation_ IfStatement_ MethodInvocation_ MethodInvocation_ MethodInvocation_ BlockStatement_ LocalVariableDeclaration_ MethodInvocation_ StatementExpression_ MethodInvocation_ StatementExpression_ MethodInvocation_ MethodDeclaration_create FormalParameter_parent ReturnStatement_ MethodInvocation_ IfStatement_ MethodInvocation_ MethodInvocation_ MethodInvocation_ MethodInvocation_ MethodInvocation_ BlockStatement_ TryStatement_ LocalVariableDeclaration_ MethodInvocation_ LocalVariableDeclaration_ MethodInvocation_ StatementExpression_ MethodInvocation_ StatementExpression_ MethodInvocation_ MethodDeclaration_create FormalParameter_parent LocalVariableDeclaration_ MethodInvocation_ StatementExpression_ MethodInvocation_ ReturnStatement_ CatchClause_ CatchClauseParameter_nse MethodDeclaration_getHelper FormalParameter_c LocalVariableDeclaration_ MethodInvocation_ IfStatement_ BlockStatement_ StatementExpression_ StatementExpression_ MethodInvocation_ ReturnStatement_ MethodDeclaration_setAttribute FormalParameter_p FormalParameter_element FormalParameter_attributeName FormalParameter_value LocalVariableDeclaration_ MethodInvocation_ IfStatement_ BlockStatement_ LocalVariableDeclaration_ MethodInvocation_ MethodInvocation_ ThrowStatement_ TryStatement_ StatementExpression_ MethodInvocation_ CatchClause_ CatchClauseParameter_ie ThrowStatement_ CatchClause_ CatchClauseParameter_ite LocalVariableDeclaration_ MethodInvocation_ IfStatement_ BlockStatement_ ThrowStatement_ ThrowStatement_ MethodDeclaration_addText FormalParameter_element FormalParameter_text IfStatement_ BlockStatement_ LocalVariableDeclaration_ MethodInvocation_ MethodInvocation_ ThrowStatement_ TryStatement_ StatementExpression_ MethodInvocation_ CatchClause_ CatchClauseParameter_ie ThrowStatement_ CatchClause_ CatchClauseParameter_ite LocalVariableDeclaration_ MethodInvocation_ IfStatement_ BlockStatement_ ThrowStatement_ ThrowStatement_ MethodDeclaration_createElement FormalParameter_element FormalParameter_elementName LocalVariableDeclaration_ MethodInvocation_ IfStatement_ BlockStatement_ LocalVariableDeclaration_ MethodInvocation_ MethodInvocation_ ThrowStatement_ TryStatement_ ReturnStatement_ MethodInvocation_ CatchClause_ CatchClauseParameter_ie ThrowStatement_ CatchClause_ CatchClauseParameter_ine ThrowStatement_ CatchClause_ CatchClauseParameter_ite LocalVariableDeclaration_ MethodInvocation_ IfStatement_ BlockStatement_ ThrowStatement_ ThrowStatement_ MethodDeclaration_getElementType FormalParameter_elementName LocalVariableDeclaration_ MethodInvocation_ IfStatement_ BlockStatement_ LocalVariableDeclaration_ MethodInvocation_ ThrowStatement_ ReturnStatement_ MethodDeclaration_getAttributeType FormalParameter_attributeName LocalVariableDeclaration_ MethodInvocation_ IfStatement_ BlockStatement_ LocalVariableDeclaration_ MethodInvocation_ ThrowStatement_ ReturnStatement_ MethodDeclaration_supportsCharacters ReturnStatement_ MethodDeclaration_getAttributes ReturnStatement_ MethodInvocation_ MethodDeclaration_getNestedElements ReturnStatement_ MethodInvocation_ MethodDeclaration_createAttributeSetter FormalParameter_m FormalParameter_arg IfStatement_ MethodInvocation_ BlockStatement_ ReturnStatement_ MethodDeclaration_set FormalParameter_p FormalParameter_parent FormalParameter_value StatementExpression_ MethodInvocation_ IfStatement_ MethodInvocation_ MethodInvocation_ BlockStatement_ ReturnStatement_ MethodDeclaration_set FormalParameter_p FormalParameter_parent FormalParameter_value StatementExpression_ MethodInvocation_ MethodInvocation_ IfStatement_ MethodInvocation_ BlockStatement_ ReturnStatement_ MethodDeclaration_set FormalParameter_p FormalParameter_parent FormalParameter_value StatementExpression_ MethodInvocation_ IfStatement_ MethodInvocation_ BlockStatement_ ReturnStatement_ MethodDeclaration_set FormalParameter_p FormalParameter_parent FormalParameter_value StatementExpression_ MethodInvocation_ IfStatement_ MethodInvocation_ BlockStatement_ ReturnStatement_ MethodDeclaration_set FormalParameter_p FormalParameter_parent FormalParameter_value StatementExpression_ MethodInvocation_ IfStatement_ MethodInvocation_ BlockStatement_ ReturnStatement_ MethodDeclaration_set FormalParameter_p FormalParameter_parent FormalParameter_value StatementExpression_ MethodInvocation_ IfStatement_ MethodInvocation_ BlockStatement_ ReturnStatement_ MethodDeclaration_set FormalParameter_p FormalParameter_parent FormalParameter_value StatementExpression_ MethodInvocation_ IfStatement_ MethodInvocation_ BlockStatement_ ReturnStatement_ MethodDeclaration_set FormalParameter_p FormalParameter_parent FormalParameter_value StatementExpression_ MethodInvocation_ IfStatement_ MethodInvocation_ MethodInvocation_ BlockStatement_ ReturnStatement_ MethodDeclaration_set FormalParameter_p FormalParameter_parent FormalParameter_value StatementExpression_ MethodInvocation_ MethodInvocation_ IfStatement_ MethodInvocation_ BlockStatement_ ReturnStatement_ MethodDeclaration_set FormalParameter_p FormalParameter_parent FormalParameter_value TryStatement_ StatementExpression_ MethodInvocation_ MethodInvocation_ CatchClause_ CatchClauseParameter_ce ThrowStatement_ IfStatement_ MethodInvocation_ BlockStatement_ ReturnStatement_ MethodDeclaration_set FormalParameter_p FormalParameter_parent FormalParameter_value StatementExpression_ MethodInvocation_ MethodInvocation_ IfStatement_ MethodInvocation_ BlockStatement_ ReturnStatement_ MethodDeclaration_set FormalParameter_p FormalParameter_parent FormalParameter_value StatementExpression_ MethodInvocation_ IfStatement_ MethodInvocation_ BlockStatement_ ReturnStatement_ MethodDeclaration_set FormalParameter_p FormalParameter_parent FormalParameter_value TryStatement_ LocalVariableDeclaration_ MethodInvocation_ StatementExpression_ MethodInvocation_ StatementExpression_ MethodInvocation_ CatchClause_ CatchClauseParameter_ie ThrowStatement_ BlockStatement_ TryStatement_ LocalVariableDeclaration_ MethodInvocation_ ReturnStatement_ MethodDeclaration_set FormalParameter_p FormalParameter_parent FormalParameter_value TryStatement_ StatementExpression_ MethodInvocation_ MethodInvocation_ CatchClause_ CatchClauseParameter_ie ThrowStatement_ CatchClause_ CatchClauseParameter_nme ReturnStatement_ MethodDeclaration_getPropertyName FormalParameter_methodName FormalParameter_prefix LocalVariableDeclaration_ MethodInvocation_ ReturnStatement_ MethodInvocation_ MethodInvocation_ InterfaceDeclaration_NestedCreator MethodDeclaration_create FormalParameter_parent InterfaceDeclaration_AttributeSetter MethodDeclaration_set FormalParameter_p FormalParameter_parent FormalParameter_value,"package org apache tools ant import org apache tools ant types Path import org apache tools ant types EnumeratedAttribute import java lang reflect import java io File import java util public class IntrospectionHelper private Hashtable attributeTypes private Hashtable attributeSetters private Hashtable nestedTypes private Hashtable nestedCreators private Method addText null private Class bean private static Hashtable helpers new Hashtable private IntrospectionHelper final Class bean attributeTypes new Hashtable attributeSetters new Hashtable nestedTypes new Hashtable nestedCreators new Hashtable this bean bean Method methods bean getMethods for int i 0 i methods length i final Method m methods i final String name m getName Class returnType m getReturnType Class args m getParameterTypes if org apache tools ant Task class isAssignableFrom bean args length 1 ""setLocation"" equals name org apache tools ant Location class equals args 0 ""setTaskType"" equals name java lang String class equals args 0 continue if ""addText"" equals name java lang Void TYPE equals returnType args length 1 java lang String class equals args 0 addText methods i else if name startsWith ""set"" java lang Void TYPE equals returnType args length 1 args 0 isArray String propName getPropertyName name ""set"" AttributeSetter as createAttributeSetter m args 0 if as null attributeTypes put propName args 0 attributeSetters put propName as else if name startsWith ""create"" returnType isArray returnType isPrimitive args length 0 String propName getPropertyName name ""create"" nestedTypes put propName returnType nestedCreators put propName new NestedCreator public Object create Object parent throws InvocationTargetException IllegalAccessException return m invoke parent new Object else if name startsWith ""add"" java lang Void TYPE equals returnType args length 1 java lang String class equals args 0 args 0 isArray args 0 isPrimitive try final Constructor c args 0 getConstructor new Class String propName getPropertyName name ""add"" nestedTypes put propName args 0 nestedCreators put propName new NestedCreator public Object create Object parent throws InvocationTargetException IllegalAccessException InstantiationException Object o c newInstance new Object m invoke parent new Object o return o catch NoSuchMethodException nse public synchronized static IntrospectionHelper getHelper Class c IntrospectionHelper ih IntrospectionHelper helpers get c if ih null ih new IntrospectionHelper c helpers put c ih return ih public void setAttribute Project p Object element String attributeName String value throws BuildException AttributeSetter as AttributeSetter attributeSetters get attributeName if as null String msg ""Class "" element getClass getName "" doesn't support the \"""" attributeName ""\"" attribute"" throw new BuildException msg try as set p element value catch IllegalAccessException ie throw new BuildException ie catch InvocationTargetException ite Throwable t ite getTargetException if t instanceof BuildException throw BuildException t throw new BuildException t public void addText Object element String text if addText null String msg ""Class "" element getClass getName "" doesn't support nested text elements"" throw new BuildException msg try addText invoke element new String text catch IllegalAccessException ie throw new BuildException ie catch InvocationTargetException ite Throwable t ite getTargetException if t instanceof BuildException throw BuildException t throw new BuildException t public Object createElement Object element String elementName throws BuildException NestedCreator nc NestedCreator nestedCreators get elementName if nc null String msg ""Class "" element getClass getName "" doesn't support the nested \"""" elementName ""\"" element"" throw new BuildException msg try return nc create element catch IllegalAccessException ie throw new BuildException ie catch InstantiationException ine throw new BuildException ine catch InvocationTargetException ite Throwable t ite getTargetException if t instanceof BuildException throw BuildException t throw new BuildException t public Class getElementType String elementName throws BuildException Class nt Class nestedTypes get elementName if nt null String msg ""Class "" bean getName "" doesn't support the nested \"""" elementName ""\"" element"" throw new BuildException msg return nt public Class getAttributeType String attributeName throws BuildException Class at Class attributeTypes get attributeName if at null String msg ""Class "" bean getName "" doesn't support the \"""" attributeName ""\"" attribute"" throw new BuildException msg return at public boolean supportsCharacters return addText null public Enumeration getAttributes return attributeSetters keys public Enumeration getNestedElements return nestedTypes keys private AttributeSetter createAttributeSetter final Method m final Class arg if java lang String class equals arg return new AttributeSetter public void set Project p Object parent String value throws InvocationTargetException IllegalAccessException m invoke parent new String value else if java lang Character class equals arg java lang Character TYPE equals arg return new AttributeSetter public void set Project p Object parent String value throws InvocationTargetException IllegalAccessException m invoke parent new Character new Character value charAt 0 else if java lang Byte TYPE equals arg return new AttributeSetter public void set Project p Object parent String value throws InvocationTargetException IllegalAccessException m invoke parent new Byte new Byte value else if java lang Short TYPE equals arg return new AttributeSetter public void set Project p Object parent String value throws InvocationTargetException IllegalAccessException m invoke parent new Short new Short value else if java lang Integer TYPE equals arg return new AttributeSetter public void set Project p Object parent String value throws InvocationTargetException IllegalAccessException m invoke parent new Integer new Integer value else if java lang Long TYPE equals arg return new AttributeSetter public void set Project p Object parent String value throws InvocationTargetException IllegalAccessException m invoke parent new Long new Long value else if java lang Float TYPE equals arg return new AttributeSetter public void set Project p Object parent String value throws InvocationTargetException IllegalAccessException m invoke parent new Float new Float value else if java lang Double TYPE equals arg return new AttributeSetter public void set Project p Object parent String value throws InvocationTargetException IllegalAccessException m invoke parent new Double new Double value else if java lang Boolean class equals arg java lang Boolean TYPE equals arg return new AttributeSetter public void set Project p Object parent String value throws InvocationTargetException IllegalAccessException m invoke parent new Boolean new Boolean Project toBoolean value else if java lang Class class equals arg return new AttributeSetter public void set Project p Object parent String value throws InvocationTargetException IllegalAccessException BuildException try m invoke parent new Class Class forName value catch ClassNotFoundException ce throw new BuildException ce else if java io File class equals arg return new AttributeSetter public void set Project p Object parent String value throws InvocationTargetException IllegalAccessException m invoke parent new File p resolveFile value else if org apache tools ant types Path class equals arg return new AttributeSetter public void set Project p Object parent String value throws InvocationTargetException IllegalAccessException m invoke parent new Path new Path p value else if org apache tools ant types EnumeratedAttribute class isAssignableFrom arg return new AttributeSetter public void set Project p Object parent String value throws InvocationTargetException IllegalAccessException BuildException try org apache tools ant types EnumeratedAttribute ea org apache tools ant types EnumeratedAttribute arg newInstance ea setValue value m invoke parent new EnumeratedAttribute ea catch InstantiationException ie throw new BuildException ie else try final Constructor c arg getConstructor new Class java lang String class return new AttributeSetter public void set Project p Object parent String value throws InvocationTargetException IllegalAccessException BuildException try m invoke parent new Object c newInstance new String value catch InstantiationException ie throw new BuildException ie catch NoSuchMethodException nme return null private String getPropertyName String methodName String prefix int start prefix length return methodName substring start toLowerCase private interface NestedCreator public Object create Object parent throws InvocationTargetException IllegalAccessException InstantiationException private interface AttributeSetter public void set Project p Object parent String value throws InvocationTargetException IllegalAccessException BuildException"
org.apache.tools.ant.NoBannerLogger,4,2,0,3,16,0,0,3,4,0.333333333,59,1.0,0,0.842105263,0.875,1,1,13.5,5,1.75,0,PackageDeclaration_org.apache.tools.ant ClassDeclaration_NoBannerLogger FieldDeclaration_ MethodDeclaration_targetStarted FormalParameter_event StatementExpression_ MethodInvocation_ MethodInvocation_ MethodDeclaration_targetFinished FormalParameter_event StatementExpression_ MethodDeclaration_messageLogged FormalParameter_event IfStatement_ MethodInvocation_ MethodInvocation_ MethodInvocation_ MethodInvocation_ MethodInvocation_ BlockStatement_ ReturnStatement_ IfStatement_ BlockStatement_ StatementExpression_ MethodInvocation_ StatementExpression_ StatementExpression_,"package org apache tools ant public class NoBannerLogger extends DefaultLogger protected String targetName public void targetStarted BuildEvent event targetName event getTarget getName public void targetFinished BuildEvent event targetName null public void messageLogged BuildEvent event if event getPriority msgOutputLevel null event getMessage """" equals event getMessage trim return if null targetName out println lSep targetName "":"" targetName null super messageLogged event"
org.apache.tools.mail.MailMessage,27,1,0,3,63,297,1,2,10,0.778846154,527,0.0,2,0.0,0.37962963,0,0,18.22222222,11,1.4444,0,PackageDeclaration_org.apache.tools.mail ClassDeclaration_MailMessage FieldDeclaration_ FieldDeclaration_ FieldDeclaration_ FieldDeclaration_ FieldDeclaration_ FieldDeclaration_ FieldDeclaration_ ConstructorDeclaration_MailMessage StatementExpression_ ConstructorDeclaration_MailMessage FormalParameter_host StatementExpression_ StatementExpression_ StatementExpression_ StatementExpression_ StatementExpression_ MethodInvocation_ StatementExpression_ MethodInvocation_ StatementExpression_ MethodInvocation_ MethodDeclaration_from FormalParameter_from StatementExpression_ MethodInvocation_ StatementExpression_ MethodDeclaration_to FormalParameter_to StatementExpression_ MethodInvocation_ StatementExpression_ MethodInvocation_ MethodDeclaration_cc FormalParameter_cc StatementExpression_ MethodInvocation_ StatementExpression_ MethodInvocation_ MethodDeclaration_bcc FormalParameter_bcc StatementExpression_ MethodInvocation_ MethodDeclaration_setSubject FormalParameter_subj StatementExpression_ MethodInvocation_ MethodDeclaration_setHeader FormalParameter_name FormalParameter_value StatementExpression_ MethodInvocation_ MethodDeclaration_getPrintStream StatementExpression_ MethodInvocation_ StatementExpression_ MethodInvocation_ StatementExpression_ MethodInvocation_ StatementExpression_ MethodInvocation_ StatementExpression_ MethodInvocation_ ReturnStatement_ MethodDeclaration_setFromHeader StatementExpression_ MethodInvocation_ MethodDeclaration_setToHeader StatementExpression_ MethodInvocation_ MethodInvocation_ MethodDeclaration_setCcHeader StatementExpression_ MethodInvocation_ MethodInvocation_ MethodDeclaration_vectorToList FormalParameter_v LocalVariableDeclaration_ LocalVariableDeclaration_ MethodInvocation_ WhileStatement_ MethodInvocation_ BlockStatement_ StatementExpression_ MethodInvocation_ MethodInvocation_ IfStatement_ MethodInvocation_ BlockStatement_ StatementExpression_ MethodInvocation_ ReturnStatement_ MethodInvocation_ MethodDeclaration_flushHeaders LocalVariableDeclaration_ MethodInvocation_ WhileStatement_ MethodInvocation_ BlockStatement_ LocalVariableDeclaration_ MethodInvocation_ LocalVariableDeclaration_ MethodInvocation_ StatementExpression_ MethodInvocation_ StatementExpression_ MethodInvocation_ StatementExpression_ MethodInvocation_ MethodDeclaration_sendAndClose StatementExpression_ MethodInvocation_ StatementExpression_ MethodInvocation_ StatementExpression_ MethodInvocation_ MethodDeclaration_sanitizeAddress FormalParameter_s LocalVariableDeclaration_ LocalVariableDeclaration_ LocalVariableDeclaration_ LocalVariableDeclaration_ MethodInvocation_ ForStatement_ VariableDeclaration_ BlockStatement_ LocalVariableDeclaration_ MethodInvocation_ IfStatement_ BlockStatement_ StatementExpression_ IfStatement_ BlockStatement_ StatementExpression_ IfStatement_ BlockStatement_ StatementExpression_ IfStatement_ BlockStatement_ StatementExpression_ IfStatement_ BlockStatement_ StatementExpression_ IfStatement_ BlockStatement_ StatementExpression_ IfStatement_ BlockStatement_ StatementExpression_ ReturnStatement_ MethodInvocation_ MethodDeclaration_connect StatementExpression_ StatementExpression_ MethodInvocation_ StatementExpression_ MethodInvocation_ StatementExpression_ MethodInvocation_ MethodDeclaration_getReady LocalVariableDeclaration_ MethodInvocation_ LocalVariableDeclaration_ IfStatement_ MethodInvocation_ BlockStatement_ ThrowStatement_ MethodDeclaration_sendHelo LocalVariableDeclaration_ MethodInvocation_ MethodInvocation_ LocalVariableDeclaration_ StatementExpression_ MethodInvocation_ MethodDeclaration_sendFrom FormalParameter_from LocalVariableDeclaration_ StatementExpression_ MethodInvocation_ MethodInvocation_ MethodDeclaration_sendRcpt FormalParameter_rcpt LocalVariableDeclaration_ StatementExpression_ MethodInvocation_ MethodInvocation_ MethodDeclaration_sendData LocalVariableDeclaration_ StatementExpression_ MethodInvocation_ MethodDeclaration_sendDot LocalVariableDeclaration_ StatementExpression_ MethodInvocation_ MethodDeclaration_sendQuit LocalVariableDeclaration_ StatementExpression_ MethodInvocation_ MethodDeclaration_send FormalParameter_msg FormalParameter_ok StatementExpression_ MethodInvocation_ LocalVariableDeclaration_ MethodInvocation_ IfStatement_ MethodInvocation_ BlockStatement_ ThrowStatement_ MethodDeclaration_isResponseOK FormalParameter_response FormalParameter_ok ForStatement_ VariableDeclaration_ BlockStatement_ IfStatement_ MethodInvocation_ BlockStatement_ ReturnStatement_ ReturnStatement_ MethodDeclaration_disconnect IfStatement_ StatementExpression_ MethodInvocation_ IfStatement_ StatementExpression_ MethodInvocation_ IfStatement_ StatementExpression_ MethodInvocation_ ClassDeclaration_MailPrintStream FieldDeclaration_ ConstructorDeclaration_MailPrintStream FormalParameter_out StatementExpression_ MethodDeclaration_write FormalParameter_b IfStatement_ BlockStatement_ StatementExpression_ MethodInvocation_ StatementExpression_ MethodInvocation_ IfStatement_ BlockStatement_ StatementExpression_ MethodInvocation_ StatementExpression_ MethodInvocation_ BlockStatement_ StatementExpression_ MethodInvocation_ StatementExpression_ MethodDeclaration_write FormalParameter_buf FormalParameter_off FormalParameter_len ForStatement_ VariableDeclaration_ BlockStatement_ StatementExpression_ MethodInvocation_ MethodDeclaration_rawWrite FormalParameter_b StatementExpression_ MethodDeclaration_rawPrint FormalParameter_s LocalVariableDeclaration_ MethodInvocation_ ForStatement_ VariableDeclaration_ BlockStatement_ StatementExpression_ MethodInvocation_ MethodInvocation_,"package org apache tools mail import java io import java net import java util public class MailMessage String host String from Vector to cc Hashtable headers MailPrintStream out SmtpResponseReader in Socket socket public MailMessage throws IOException this ""localhost"" public MailMessage String host throws IOException this host host to new Vector cc new Vector headers new Hashtable setHeader ""X-Mailer"" ""org.apache.tools.mail.MailMessage (jakarta.apache.org)"" connect sendHelo public void from String from throws IOException sendFrom from this from from public void to String to throws IOException sendRcpt to this to addElement to public void cc String cc throws IOException sendRcpt cc this cc addElement cc public void bcc String bcc throws IOException sendRcpt bcc public void setSubject String subj headers put ""Subject"" subj public void setHeader String name String value headers put name value public PrintStream getPrintStream throws IOException setFromHeader setToHeader setCcHeader sendData flushHeaders return out void setFromHeader setHeader ""From"" from void setToHeader setHeader ""To"" vectorToList to void setCcHeader setHeader ""Cc"" vectorToList cc String vectorToList Vector v StringBuffer buf new StringBuffer Enumeration e v elements while e hasMoreElements buf append e nextElement if e hasMoreElements buf append "", "" return buf toString void flushHeaders throws IOException Enumeration e headers keys while e hasMoreElements String name String e nextElement String value String headers get name out println name "": "" value out println out flush public void sendAndClose throws IOException sendDot sendQuit disconnect static String sanitizeAddress String s int paramDepth 0 int start 0 int end 0 int len s length for int i 0 i len i char c s charAt i if c '(' paramDepth if start 0 end i else if c ')' paramDepth if end 0 start i 1 else if paramDepth 0 c '<' start i 1 else if paramDepth 0 c '>' end i if end 0 end len return s substring start end void connect throws IOException socket new Socket host 25 out new MailPrintStream new BufferedOutputStream socket getOutputStream in new SmtpResponseReader socket getInputStream getReady void getReady throws IOException String response in getResponse int ok 220 if isResponseOK response ok throw new IOException ""Didn't get introduction from server: "" response void sendHelo throws IOException String local InetAddress getLocalHost getHostName int ok 250 send ""HELO "" local ok void sendFrom String from throws IOException int ok 250 send ""MAIL FROM: "" ""<"" sanitizeAddress from "">"" ok void sendRcpt String rcpt throws IOException int ok 250 251 send ""RCPT TO: "" ""<"" sanitizeAddress rcpt "">"" ok void sendData throws IOException int ok 354 send ""DATA"" ok void sendDot throws IOException int ok 250 send ""\r\n."" ok void sendQuit throws IOException int ok 221 send ""QUIT"" ok void send String msg int ok throws IOException out rawPrint msg ""\r\n"" String response in getResponse if isResponseOK response ok throw new IOException ""Unexpected reply to command: "" msg "": "" response boolean isResponseOK String response int ok for int i 0 i ok length i if response startsWith """" ok i return true return false void disconnect throws IOException if out null out close if in null in close if socket null socket close class MailPrintStream extends PrintStream int lastChar public MailPrintStream OutputStream out super out true public void write int b if b '\n' lastChar '\r' rawWrite '\r' rawWrite b else if b '.' lastChar '\n' rawWrite '.' rawWrite b else rawWrite b lastChar b public void write byte buf int off int len for int i 0 i len i write buf off i void rawWrite int b super write b void rawPrint String s int len s length for int i 0 i len i rawWrite s charAt i"
