name,wmc,dit,noc,cbo,rfc,lcom,ca,ce,npm,lcom3,loc,dam,moa,mfa,cam,ic,cbm,amc,max_cc,avg_cc,bug,ast_seq,code_tokens
org.apache.log4j.chainsaw.XMLFileHandler,8,2,0,4,22,4,1,3,4,0.767857143,273,1.0,2,0.708333333,0.291666667,1,2,31.125,6,2.375,3,PackageDeclaration_org.apache.log4j.chainsaw ClassDeclaration_XMLFileHandler FieldDeclaration_ FieldDeclaration_ FieldDeclaration_ FieldDeclaration_ FieldDeclaration_ FieldDeclaration_ FieldDeclaration_ FieldDeclaration_ FieldDeclaration_ FieldDeclaration_ FieldDeclaration_ FieldDeclaration_ FieldDeclaration_ FieldDeclaration_ FieldDeclaration_ FieldDeclaration_ ConstructorDeclaration_XMLFileHandler FormalParameter_aModel StatementExpression_ MethodDeclaration_startDocument StatementExpression_ MethodDeclaration_characters FormalParameter_aChars FormalParameter_aStart FormalParameter_aLength IfStatement_ BlockStatement_ StatementExpression_ IfStatement_ BlockStatement_ StatementExpression_ IfStatement_ BlockStatement_ LocalVariableDeclaration_ StatementExpression_ MethodInvocation_ IfStatement_ BlockStatement_ StatementExpression_ MethodInvocation_ ForStatement_ VariableDeclaration_ BlockStatement_ StatementExpression_ MethodInvocation_ MethodDeclaration_endElement FormalParameter_aNamespaceURI FormalParameter_aLocalName FormalParameter_aQName IfStatement_ MethodInvocation_ BlockStatement_ StatementExpression_ MethodInvocation_ StatementExpression_ MethodInvocation_ IfStatement_ BlockStatement_ StatementExpression_ MethodDeclaration_startElement FormalParameter_aNamespaceURI FormalParameter_aLocalName FormalParameter_aQName FormalParameter_aAtts IfStatement_ MethodInvocation_ BlockStatement_ StatementExpression_ MethodInvocation_ StatementExpression_ MethodInvocation_ MethodInvocation_ StatementExpression_ MethodInvocation_ StatementExpression_ MethodInvocation_ MethodInvocation_ IfStatement_ MethodInvocation_ BlockStatement_ StatementExpression_ MethodInvocation_ MethodInvocation_ MethodInvocation_ MethodInvocation_ IfStatement_ MethodInvocation_ BlockStatement_ StatementExpression_ IfStatement_ MethodInvocation_ BlockStatement_ StatementExpression_ IfStatement_ MethodInvocation_ BlockStatement_ StatementExpression_ MethodDeclaration_getNumEvents ReturnStatement_ MethodDeclaration_addEvent StatementExpression_ MethodInvocation_ StatementExpression_ MethodDeclaration_resetData StatementExpression_ StatementExpression_ StatementExpression_ StatementExpression_ StatementExpression_ StatementExpression_ StatementExpression_ StatementExpression_,"package org apache log4j chainsaw import java util StringTokenizer import org apache log4j Priority import org xml sax Attributes import org xml sax SAXException import org xml sax helpers DefaultHandler class XMLFileHandler extends DefaultHandler private static final String TAG_EVENT ""log4j:event"" private static final String TAG_MESSAGE ""log4j:message"" private static final String TAG_NDC ""log4j:NDC"" private static final String TAG_THROWABLE ""log4j:throwable"" private static final String TAG_LOCATION_INFO ""log4j:locationInfo"" private final MyTableModel mModel private int mNumEvents private String mCurrentElement private long mTimeStamp private Priority mPriority private String mCategoryName private String mNDC private String mThreadName private String mMessage private String mThrowableStrRep private String mLocationDetails XMLFileHandler MyTableModel aModel mModel aModel public void startDocument throws SAXException mNumEvents 0 public void characters char aChars int aStart int aLength if mCurrentElement TAG_NDC mNDC new String aChars aStart aLength else if mCurrentElement TAG_MESSAGE mMessage new String aChars aStart aLength else if mCurrentElement TAG_THROWABLE final StringTokenizer st new StringTokenizer new String aChars aStart aLength ""\t"" mThrowableStrRep new String st countTokens if mThrowableStrRep length 0 mThrowableStrRep 0 st nextToken for int i 1 i mThrowableStrRep length i mThrowableStrRep i ""\t"" st nextToken public void endElement String aNamespaceURI String aLocalName String aQName if TAG_EVENT equals aQName addEvent resetData else if mCurrentElement TAG_EVENT mCurrentElement TAG_EVENT public void startElement String aNamespaceURI String aLocalName String aQName Attributes aAtts if TAG_EVENT equals aQName mThreadName aAtts getValue ""thread"" mTimeStamp Long parseLong aAtts getValue ""timestamp"" mCategoryName aAtts getValue ""category"" mPriority Priority toPriority aAtts getValue ""level"" else if TAG_LOCATION_INFO equals aQName mLocationDetails aAtts getValue ""class"" ""."" aAtts getValue ""method"" ""("" aAtts getValue ""file"" "":"" aAtts getValue ""line"" "")"" else if TAG_NDC equals aQName mCurrentElement TAG_NDC else if TAG_MESSAGE equals aQName mCurrentElement TAG_MESSAGE else if TAG_THROWABLE equals aQName mCurrentElement TAG_THROWABLE int getNumEvents return mNumEvents private void addEvent mModel addEvent new EventDetails mTimeStamp mPriority mCategoryName mNDC mThreadName mMessage mThrowableStrRep mLocationDetails mNumEvents private void resetData mTimeStamp 0 mPriority null mCategoryName null mNDC null mThreadName null mMessage null mThrowableStrRep null mLocationDetails null"
org.apache.log4j.spi.Configurator,1,1,0,7,1,0,6,1,1,2.0,2,0.0,0,0.0,1.0,0,0,0.0,1,1.0,2,PackageDeclaration_org.apache.log4j.spi InterfaceDeclaration_Configurator ConstantDeclaration_ MethodDeclaration_doConfigure FormalParameter_url FormalParameter_repository,"package org apache log4j spi import org apache log4j spi LoggerRepository import java net URL public interface Configurator public static final String INHERITED ""inherited"" void doConfigure URL url LoggerRepository repository"
org.apache.log4j.nt.test.NTMin,7,1,0,6,30,17,0,6,2,0.75,144,0.0,1,0.0,0.277777778,0,0,19.28571429,2,0.8571,1,PackageDeclaration_org.apache.log4j.nt.test ClassDeclaration_NTMin FieldDeclaration_ MethodInvocation_ MethodInvocation_ MethodDeclaration_main FormalParameter_argv StatementExpression_ MethodInvocation_ StatementExpression_ MethodInvocation_ MethodDeclaration_Usage FormalParameter_msg StatementExpression_ MethodInvocation_ StatementExpression_ MethodInvocation_ StatementExpression_ MethodInvocation_ MethodDeclaration_init StatementExpression_ MethodInvocation_ MethodDeclaration_test FormalParameter_host StatementExpression_ MethodInvocation_ LocalVariableDeclaration_ StatementExpression_ MethodInvocation_ StatementExpression_ MethodInvocation_ StatementExpression_ MethodInvocation_ StatementExpression_ MethodInvocation_ StatementExpression_ MethodInvocation_ StatementExpression_ MethodInvocation_,"package org apache log4j nt test import org apache log4j Category import org apache log4j BasicConfigurator import org apache log4j nt NTEventLogAppender import org apache log4j Priority import org apache log4j NDC public class NTMin static Category cat Category getInstance NTMin class getName public static void main String argv init test ""someHost"" static void Usage String msg System err println msg System err println ""Usage: java "" NTMin class """" System exit 1 static void init BasicConfigurator configure new NTEventLogAppender static void test String host NDC push host int i 0 cat debug ""Message "" i cat info ""Message "" i cat warn ""Message "" i cat error ""Message "" i cat log Priority FATAL ""Message "" i cat debug ""Message "" i new Exception ""Just testing."""
org.apache.log4j.or.DefaultRenderer,2,1,0,2,4,1,1,1,1,2.0,8,0.0,0,0.0,0.75,0,0,3.0,1,0.5,2,PackageDeclaration_org.apache.log4j.or ClassDeclaration_DefaultRenderer ConstructorDeclaration_DefaultRenderer MethodDeclaration_doRender FormalParameter_o ReturnStatement_ MethodInvocation_,package org apache log4j or class DefaultRenderer implements ObjectRenderer DefaultRenderer public String doRender Object o return o toString
org.apache.log4j.varia.FallbackErrorHandler,8,1,0,6,22,22,0,6,8,0.714285714,157,0.0,2,0.0,0.339285714,0,0,18.25,2,1.125,3,PackageDeclaration_org.apache.log4j.varia ClassDeclaration_FallbackErrorHandler FieldDeclaration_ FieldDeclaration_ FieldDeclaration_ ConstructorDeclaration_FallbackErrorHandler MethodDeclaration_setLogger FormalParameter_logger StatementExpression_ MethodInvocation_ MethodInvocation_ IfStatement_ BlockStatement_ StatementExpression_ StatementExpression_ MethodInvocation_ MethodDeclaration_activateOptions MethodDeclaration_error FormalParameter_message FormalParameter_e FormalParameter_errorCode StatementExpression_ MethodInvocation_ MethodDeclaration_error FormalParameter_message FormalParameter_e FormalParameter_errorCode FormalParameter_event ForStatement_ VariableDeclaration_ MethodInvocation_ BlockStatement_ LocalVariableDeclaration_ MethodInvocation_ StatementExpression_ MethodInvocation_ MethodInvocation_ MethodInvocation_ StatementExpression_ MethodInvocation_ MethodInvocation_ MethodInvocation_ StatementExpression_ MethodInvocation_ StatementExpression_ MethodInvocation_ MethodInvocation_ MethodInvocation_ StatementExpression_ MethodInvocation_ MethodDeclaration_error FormalParameter_message MethodDeclaration_setAppender FormalParameter_primary StatementExpression_ MethodInvocation_ MethodInvocation_ StatementExpression_ MethodDeclaration_setBackupAppender FormalParameter_backup StatementExpression_ MethodInvocation_ MethodInvocation_ StatementExpression_,"package org apache log4j varia import org apache log4j spi ErrorHandler import org apache log4j spi LoggingEvent import org apache log4j Appender import org apache log4j Logger import org apache log4j helpers LogLog import java util Vector public class FallbackErrorHandler implements ErrorHandler Appender backup Appender primary Vector loggers public FallbackErrorHandler public void setLogger Logger logger LogLog debug ""FB: Adding logger ["" logger getName ""]."" if loggers null loggers new Vector loggers addElement logger public void activateOptions public void error String message Exception e int errorCode error message e errorCode null public void error String message Exception e int errorCode LoggingEvent event for int i 0 i loggers size i Logger l Logger loggers elementAt i LogLog debug ""FB: Searching for ["" primary getName ""] in logger"" l getName LogLog debug ""FB: Replacing ["" primary getName ""] by ["" backup getName "" in logger"" l l removeAppender primary LogLog debug ""FB: Adding appender ["" backup getName ""] to logger "" l getName l addAppender backup public void error String message public void setAppender Appender primary LogLog debug ""FB: Setting primary appender to ["" primary getName ""]."" this primary primary public void setBackupAppender Appender backup LogLog debug ""FB: Setting backup appender to ["" backup getName ""]."" this backup backup"
org.apache.log4j.chainsaw.EventDetails,10,1,0,9,16,29,6,3,0,0.777777778,94,1.0,1,0.0,0.25,0,0,7.6,1,0.8,2,PackageDeclaration_org.apache.log4j.chainsaw ClassDeclaration_EventDetails FieldDeclaration_ FieldDeclaration_ FieldDeclaration_ FieldDeclaration_ FieldDeclaration_ FieldDeclaration_ FieldDeclaration_ FieldDeclaration_ ConstructorDeclaration_EventDetails FormalParameter_aTimeStamp FormalParameter_aPriority FormalParameter_aCategoryName FormalParameter_aNDC FormalParameter_aThreadName FormalParameter_aMessage FormalParameter_aThrowableStrRep FormalParameter_aLocationDetails StatementExpression_ StatementExpression_ StatementExpression_ StatementExpression_ StatementExpression_ StatementExpression_ StatementExpression_ StatementExpression_ ConstructorDeclaration_EventDetails FormalParameter_aEvent StatementExpression_ MethodInvocation_ MethodInvocation_ MethodInvocation_ MethodInvocation_ MethodInvocation_ MethodInvocation_ MethodDeclaration_getTimeStamp ReturnStatement_ MethodDeclaration_getPriority ReturnStatement_ MethodDeclaration_getCategoryName ReturnStatement_ MethodDeclaration_getNDC ReturnStatement_ MethodDeclaration_getThreadName ReturnStatement_ MethodDeclaration_getMessage ReturnStatement_ MethodDeclaration_getLocationDetails ReturnStatement_ MethodDeclaration_getThrowableStrRep ReturnStatement_,package org apache log4j chainsaw import org apache log4j Priority import org apache log4j spi LoggingEvent class EventDetails private final long mTimeStamp private final Priority mPriority private final String mCategoryName private final String mNDC private final String mThreadName private final String mMessage private final String mThrowableStrRep private final String mLocationDetails EventDetails long aTimeStamp Priority aPriority String aCategoryName String aNDC String aThreadName String aMessage String aThrowableStrRep String aLocationDetails mTimeStamp aTimeStamp mPriority aPriority mCategoryName aCategoryName mNDC aNDC mThreadName aThreadName mMessage aMessage mThrowableStrRep aThrowableStrRep mLocationDetails aLocationDetails EventDetails LoggingEvent aEvent this aEvent timeStamp aEvent level aEvent categoryName aEvent getNDC aEvent getThreadName aEvent getRenderedMessage aEvent getThrowableStrRep aEvent getLocationInformation null null aEvent getLocationInformation fullInfo long getTimeStamp return mTimeStamp Priority getPriority return mPriority String getCategoryName return mCategoryName String getNDC return mNDC String getThreadName return mThreadName String getMessage return mMessage String getLocationDetails return mLocationDetails String getThrowableStrRep return mThrowableStrRep
org.apache.log4j.nt.NTEventLogAppender,17,2,0,8,30,114,1,7,13,0.828125,200,1.0,0,0.642857143,0.3625,1,1,10.29411765,4,0.8235,4,PackageDeclaration_org.apache.log4j.nt ClassDeclaration_NTEventLogAppender FieldDeclaration_ FieldDeclaration_ FieldDeclaration_ FieldDeclaration_ MethodInvocation_ FieldDeclaration_ MethodInvocation_ FieldDeclaration_ MethodInvocation_ FieldDeclaration_ MethodInvocation_ FieldDeclaration_ MethodInvocation_ ConstructorDeclaration_NTEventLogAppender StatementExpression_ ConstructorDeclaration_NTEventLogAppender FormalParameter_source StatementExpression_ ConstructorDeclaration_NTEventLogAppender FormalParameter_server FormalParameter_source StatementExpression_ ConstructorDeclaration_NTEventLogAppender FormalParameter_layout StatementExpression_ ConstructorDeclaration_NTEventLogAppender FormalParameter_source FormalParameter_layout StatementExpression_ ConstructorDeclaration_NTEventLogAppender FormalParameter_server FormalParameter_source FormalParameter_layout IfStatement_ BlockStatement_ StatementExpression_ IfStatement_ BlockStatement_ StatementExpression_ BlockStatement_ StatementExpression_ TryStatement_ StatementExpression_ MethodInvocation_ CatchClause_ CatchClauseParameter_e StatementExpression_ MethodInvocation_ StatementExpression_ MethodDeclaration_close MethodDeclaration_activateOptions IfStatement_ BlockStatement_ TryStatement_ StatementExpression_ MethodInvocation_ CatchClause_ CatchClauseParameter_e StatementExpression_ MethodInvocation_ StatementExpression_ MethodDeclaration_append FormalParameter_event LocalVariableDeclaration_ StatementExpression_ MethodInvocation_ MethodInvocation_ IfStatement_ MethodInvocation_ BlockStatement_ LocalVariableDeclaration_ MethodInvocation_ IfStatement_ BlockStatement_ LocalVariableDeclaration_ ForStatement_ VariableDeclaration_ BlockStatement_ StatementExpression_ MethodInvocation_ LocalVariableDeclaration_ MethodInvocation_ StatementExpression_ MethodInvocation_ MethodInvocation_ MethodDeclaration_finalize StatementExpression_ MethodInvocation_ StatementExpression_ MethodDeclaration_setSource FormalParameter_source StatementExpression_ MethodInvocation_ MethodDeclaration_getSource ReturnStatement_ MethodDeclaration_requiresLayout ReturnStatement_ MethodDeclaration_registerEventSource FormalParameter_server FormalParameter_source MethodDeclaration_reportEvent FormalParameter_handle FormalParameter_message FormalParameter_level MethodDeclaration_deregisterEventSource FormalParameter_handle StatementExpression_ MethodInvocation_,"package org apache log4j nt import org apache log4j import org apache log4j spi LoggingEvent import org apache log4j Level import org apache log4j helpers LogLog import java io public class NTEventLogAppender extends AppenderSkeleton private int _handle 0 private String source null private String server null private static final int FATAL Level FATAL toInt private static final int ERROR Level ERROR toInt private static final int WARN Level WARN toInt private static final int INFO Level INFO toInt private static final int DEBUG Level DEBUG toInt public NTEventLogAppender this null null null public NTEventLogAppender String source this null source null public NTEventLogAppender String server String source this server source null public NTEventLogAppender Layout layout this null null layout public NTEventLogAppender String source Layout layout this null source layout public NTEventLogAppender String server String source Layout layout if source null source ""Log4j"" if layout null this layout new TTCCLayout else this layout layout try _handle registerEventSource server source catch Exception e e printStackTrace _handle 0 public void close public void activateOptions if source null try _handle registerEventSource server source catch Exception e LogLog error ""Could not register event source."" e _handle 0 public void append LoggingEvent event StringBuffer sbuf new StringBuffer sbuf append layout format event if layout ignoresThrowable String s event getThrowableStrRep if s null int len s length for int i 0 i len i sbuf append s i int nt_category event level toInt reportEvent _handle sbuf toString nt_category public void finalize deregisterEventSource _handle _handle 0 public void setSource String source this source source trim public String getSource return source public boolean requiresLayout return true native private int registerEventSource String server String source native private void reportEvent int handle String message int level native private void deregisterEventSource int handle static System loadLibrary ""NTEventLogAppender"""
org.apache.log4j.or.jms.MessageRenderer,2,1,0,3,22,1,1,2,2,2.0,128,0.0,0,0.0,0.75,0,0,63.0,5,2.5,2,PackageDeclaration_org.apache.log4j.or.jms ClassDeclaration_MessageRenderer ConstructorDeclaration_MessageRenderer MethodDeclaration_doRender FormalParameter_o IfStatement_ BlockStatement_ LocalVariableDeclaration_ LocalVariableDeclaration_ TryStatement_ StatementExpression_ MethodInvocation_ SwitchStatement_ MethodInvocation_ StatementExpression_ MethodInvocation_ BreakStatement_ StatementExpression_ MethodInvocation_ BreakStatement_ StatementExpression_ MethodInvocation_ StatementExpression_ MethodInvocation_ StatementExpression_ MethodInvocation_ MethodInvocation_ StatementExpression_ MethodInvocation_ StatementExpression_ MethodInvocation_ MethodInvocation_ StatementExpression_ MethodInvocation_ StatementExpression_ MethodInvocation_ MethodInvocation_ StatementExpression_ MethodInvocation_ StatementExpression_ MethodInvocation_ MethodInvocation_ StatementExpression_ MethodInvocation_ StatementExpression_ MethodInvocation_ MethodInvocation_ StatementExpression_ MethodInvocation_ StatementExpression_ MethodInvocation_ MethodInvocation_ StatementExpression_ MethodInvocation_ StatementExpression_ MethodInvocation_ MethodInvocation_ StatementExpression_ MethodInvocation_ StatementExpression_ MethodInvocation_ MethodInvocation_ StatementExpression_ MethodInvocation_ StatementExpression_ MethodInvocation_ MethodInvocation_ CatchClause_ CatchClauseParameter_e StatementExpression_ MethodInvocation_ ReturnStatement_ MethodInvocation_ BlockStatement_ ReturnStatement_ MethodInvocation_,"package org apache log4j or jms import org apache log4j helpers LogLog import org apache log4j or ObjectRenderer import javax jms Message import javax jms JMSException import javax jms DeliveryMode public class MessageRenderer implements ObjectRenderer public MessageRenderer public String doRender Object o if o instanceof Message StringBuffer sbuf new StringBuffer Message m Message o try sbuf append ""DeliveryMode="" switch m getJMSDeliveryMode case DeliveryMode NON_PERSISTENT sbuf append ""NON_PERSISTENT"" break case DeliveryMode PERSISTENT sbuf append ""PERSISTENT"" break default sbuf append ""UNKNOWN"" sbuf append "", CorrelationID="" sbuf append m getJMSCorrelationID sbuf append "", Destination="" sbuf append m getJMSDestination sbuf append "", Expiration="" sbuf append m getJMSExpiration sbuf append "", MessageID="" sbuf append m getJMSMessageID sbuf append "", Priority="" sbuf append m getJMSPriority sbuf append "", Redelivered="" sbuf append m getJMSRedelivered sbuf append "", ReplyTo="" sbuf append m getJMSReplyTo sbuf append "", Timestamp="" sbuf append m getJMSTimestamp sbuf append "", Type="" sbuf append m getJMSType catch JMSException e LogLog error ""Could not parse Message."" e return sbuf toString else return o toString"
org.apache.log4j.performance.NullAppender,6,2,0,3,8,15,0,3,6,1.0,34,0.0,0,0.818181818,0.5,1,1,4.333333333,2,0.8333,2,PackageDeclaration_org.apache.log4j.performance ClassDeclaration_NullAppender FieldDeclaration_ FieldDeclaration_ ConstructorDeclaration_NullAppender ConstructorDeclaration_NullAppender FormalParameter_layout StatementExpression_ MethodDeclaration_close MethodDeclaration_doAppend FormalParameter_event IfStatement_ BlockStatement_ StatementExpression_ MethodInvocation_ StatementExpression_ MethodDeclaration_append FormalParameter_event MethodDeclaration_requiresLayout ReturnStatement_,package org apache log4j performance import org apache log4j Layout import org apache log4j spi LoggingEvent import org apache log4j AppenderSkeleton public class NullAppender extends AppenderSkeleton public static String s public String t public NullAppender public NullAppender Layout layout this layout layout public void close public void doAppend LoggingEvent event if layout null t layout format event s t public void append LoggingEvent event public boolean requiresLayout return true
org.apache.log4j.performance.NewVsSetLen,5,1,0,0,16,0,0,0,2,0.208333333,268,0.0,0,0.0,0.333333333,0,0,51.4,4,2.0,2,PackageDeclaration_org.apache.log4j.performance ClassDeclaration_NewVsSetLen FieldDeclaration_ FieldDeclaration_ FieldDeclaration_ FieldDeclaration_ FieldDeclaration_ FieldDeclaration_ ForStatement_ VariableDeclaration_ BlockStatement_ StatementExpression_ ForStatement_ VariableDeclaration_ BlockStatement_ StatementExpression_ MethodDeclaration_main FormalParameter_args LocalVariableDeclaration_ ForStatement_ VariableDeclaration_ BlockStatement_ StatementExpression_ MethodInvocation_ ForStatement_ VariableDeclaration_ BlockStatement_ StatementExpression_ MethodInvocation_ StatementExpression_ MethodInvocation_ Statement_ StatementExpression_ MethodInvocation_ StatementExpression_ MethodInvocation_ StatementExpression_ MethodInvocation_ IfStatement_ BlockStatement_ StatementExpression_ BlockStatement_ StatementExpression_ MethodDeclaration_newBuffer FormalParameter_size FormalParameter_second LocalVariableDeclaration_ MethodInvocation_ ForStatement_ VariableDeclaration_ BlockStatement_ LocalVariableDeclaration_ StatementExpression_ MethodInvocation_ StatementExpression_ MethodInvocation_ StatementExpression_ MethodInvocation_ ForStatement_ VariableDeclaration_ BlockStatement_ LocalVariableDeclaration_ StatementExpression_ MethodInvocation_ StatementExpression_ MethodInvocation_ ReturnStatement_ MethodInvocation_ MethodDeclaration_setLen FormalParameter_size FormalParameter_second LocalVariableDeclaration_ MethodInvocation_ LocalVariableDeclaration_ ForStatement_ VariableDeclaration_ BlockStatement_ StatementExpression_ MethodInvocation_ StatementExpression_ MethodInvocation_ StatementExpression_ MethodInvocation_ StatementExpression_ MethodInvocation_ ForStatement_ VariableDeclaration_ BlockStatement_ StatementExpression_ MethodInvocation_ StatementExpression_ MethodInvocation_ StatementExpression_ MethodInvocation_ ReturnStatement_ MethodInvocation_,"package org apache log4j performance public class NewVsSetLen static String s static int BIGBUF_LEN 1048576 static int SBUF_LEN 256 static int RUN_LENGTH BIGBUF_LEN 4 static char sbuf new char SBUF_LEN static char bigbuf new char BIGBUF_LEN for int i 0 i SBUF_LEN i sbuf i char i for int i 0 i BIGBUF_LEN i bigbuf i char i static public void main String args int t for int len SBUF_LEN len BIGBUF_LEN len 4 RUN_LENGTH 4 System out println ""<td>"" len ""\n"" for int second 0 second 16 System out println ""SECOND loop="" second "", RUN_LENGTH="" RUN_LENGTH "", len="" len t int newBuffer len second System out print ""<td>"" t t int setLen len second System out println "" <td>"" t "" \n"" if second 0 second 1 else second 2 static double newBuffer int size int second long before System currentTimeMillis for int i 0 i RUN_LENGTH i StringBuffer buf new StringBuffer SBUF_LEN buf append sbuf 0 sbuf length buf append bigbuf 0 size s buf toString for int x 0 x second x StringBuffer buf new StringBuffer SBUF_LEN buf append sbuf 0 SBUF_LEN s buf toString return System currentTimeMillis before 1000.0 RUN_LENGTH static double setLen int size int second long before System currentTimeMillis StringBuffer buf new StringBuffer SBUF_LEN for int i 0 i RUN_LENGTH i buf append sbuf 0 sbuf length buf append bigbuf 0 size s buf toString buf setLength 0 for int x 0 x second x buf append sbuf 0 SBUF_LEN s buf toString buf setLength 0 return System currentTimeMillis before 1000.0 RUN_LENGTH"
org.apache.log4j.lf5.util.LogMonitorAdapter,19,1,0,4,40,159,0,4,14,0.819444444,198,0.5,2,0.0,0.203947368,0,0,9.210526316,2,1.1053,2,PackageDeclaration_org.apache.log4j.lf5.util ClassDeclaration_LogMonitorAdapter FieldDeclaration_ FieldDeclaration_ FieldDeclaration_ FieldDeclaration_ ConstructorDeclaration_LogMonitorAdapter FormalParameter_userDefinedLevels StatementExpression_ StatementExpression_ MethodInvocation_ StatementExpression_ StatementExpression_ MethodInvocation_ MethodInvocation_ MethodInvocation_ StatementExpression_ MethodInvocation_ StatementExpression_ MethodInvocation_ MethodDeclaration_newInstance FormalParameter_loglevels LocalVariableDeclaration_ IfStatement_ BlockStatement_ StatementExpression_ MethodInvocation_ MethodInvocation_ StatementExpression_ MethodInvocation_ StatementExpression_ MethodInvocation_ BlockStatement_ StatementExpression_ MethodInvocation_ MethodInvocation_ StatementExpression_ MethodInvocation_ StatementExpression_ MethodInvocation_ ReturnStatement_ MethodDeclaration_newInstance FormalParameter_userDefined IfStatement_ BlockStatement_ ReturnStatement_ ReturnStatement_ MethodInvocation_ MethodInvocation_ MethodDeclaration_newInstance FormalParameter_userDefinedLevels ReturnStatement_ MethodDeclaration_addMessage FormalParameter_record StatementExpression_ MethodInvocation_ MethodDeclaration_setMaxNumberOfRecords FormalParameter_maxNumberOfRecords StatementExpression_ MethodInvocation_ MethodDeclaration_setDefaultLevel FormalParameter_level StatementExpression_ MethodDeclaration_getDefaultLevel ReturnStatement_ MethodDeclaration_setSevereLevel FormalParameter_level StatementExpression_ MethodInvocation_ MethodDeclaration_getSevereLevel ReturnStatement_ MethodInvocation_ MethodDeclaration_log FormalParameter_category FormalParameter_level FormalParameter_message FormalParameter_t FormalParameter_NDC LocalVariableDeclaration_ StatementExpression_ MethodInvocation_ StatementExpression_ MethodInvocation_ StatementExpression_ MethodInvocation_ StatementExpression_ MethodInvocation_ IfStatement_ BlockStatement_ StatementExpression_ MethodInvocation_ MethodInvocation_ BlockStatement_ StatementExpression_ MethodInvocation_ StatementExpression_ MethodInvocation_ MethodDeclaration_log FormalParameter_category FormalParameter_message StatementExpression_ MethodInvocation_ MethodDeclaration_log FormalParameter_category FormalParameter_level FormalParameter_message FormalParameter_NDC StatementExpression_ MethodInvocation_ MethodDeclaration_log FormalParameter_category FormalParameter_level FormalParameter_message FormalParameter_t StatementExpression_ MethodInvocation_ MethodDeclaration_log FormalParameter_category FormalParameter_level FormalParameter_message StatementExpression_ MethodInvocation_ MethodDeclaration_getScreenWidth TryStatement_ ReturnStatement_ MethodInvocation_ MethodInvocation_ CatchClause_ CatchClauseParameter_t ReturnStatement_ MethodDeclaration_getScreenHeight TryStatement_ ReturnStatement_ MethodInvocation_ MethodInvocation_ CatchClause_ CatchClauseParameter_t ReturnStatement_ MethodDeclaration_getDefaultMonitorWidth ReturnStatement_ MethodInvocation_ MethodDeclaration_getDefaultMonitorHeight ReturnStatement_ MethodInvocation_,package org apache log4j lf5 util import org apache log4j lf5 LogLevel import org apache log4j lf5 LogRecord import org apache log4j lf5 viewer LogBrokerMonitor import java awt import java util Arrays import java util List public class LogMonitorAdapter public static final int LOG4J_LOG_LEVELS 0 public static final int JDK14_LOG_LEVELS 1 private LogBrokerMonitor _logMonitor private LogLevel _defaultLevel null private LogMonitorAdapter List userDefinedLevels super _defaultLevel LogLevel userDefinedLevels get 0 _logMonitor new LogBrokerMonitor userDefinedLevels _logMonitor setFrameSize getDefaultMonitorWidth getDefaultMonitorHeight _logMonitor setFontSize 12 _logMonitor show public static LogMonitorAdapter newInstance int loglevels LogMonitorAdapter adapter if loglevels JDK14_LOG_LEVELS adapter newInstance LogLevel getJdk14Levels adapter setDefaultLevel LogLevel FINEST adapter setSevereLevel LogLevel SEVERE else adapter newInstance LogLevel getLog4JLevels adapter setDefaultLevel LogLevel DEBUG adapter setSevereLevel LogLevel FATAL return adapter public static LogMonitorAdapter newInstance LogLevel userDefined if userDefined null return null return newInstance Arrays asList userDefined public static LogMonitorAdapter newInstance List userDefinedLevels return new LogMonitorAdapter userDefinedLevels public void addMessage LogRecord record _logMonitor addMessage record public void setMaxNumberOfRecords int maxNumberOfRecords _logMonitor setMaxNumberOfLogRecords maxNumberOfRecords public void setDefaultLevel LogLevel level _defaultLevel level public LogLevel getDefaultLevel return _defaultLevel public void setSevereLevel LogLevel level AdapterLogRecord setSevereLevel level public LogLevel getSevereLevel return AdapterLogRecord getSevereLevel public void log String category LogLevel level String message Throwable t String NDC AdapterLogRecord record new AdapterLogRecord record setCategory category record setMessage message record setNDC NDC record setThrown t if level null record setLevel getDefaultLevel else record setLevel level addMessage record public void log String category String message log category null message public void log String category LogLevel level String message String NDC log category level message null NDC public void log String category LogLevel level String message Throwable t log category level message t null public void log String category LogLevel level String message log category level message null null protected static int getScreenWidth try return Toolkit getDefaultToolkit getScreenSize width catch Throwable t return 800 protected static int getScreenHeight try return Toolkit getDefaultToolkit getScreenSize height catch Throwable t return 600 protected static int getDefaultMonitorWidth return 3 getScreenWidth 4 protected static int getDefaultMonitorHeight return 3 getScreenHeight 4
org.apache.log4j.helpers.PatternConverter,6,1,6,10,10,7,8,2,2,0.72,174,0.0,1,0.0,0.44,0,0,27.16666667,6,1.8333,2,PackageDeclaration_org.apache.log4j.helpers ClassDeclaration_PatternConverter FieldDeclaration_ FieldDeclaration_ FieldDeclaration_ FieldDeclaration_ ConstructorDeclaration_PatternConverter ConstructorDeclaration_PatternConverter FormalParameter_fi StatementExpression_ StatementExpression_ StatementExpression_ MethodDeclaration_convert FormalParameter_event MethodDeclaration_format FormalParameter_sbuf FormalParameter_e LocalVariableDeclaration_ MethodInvocation_ IfStatement_ BlockStatement_ IfStatement_ StatementExpression_ MethodInvocation_ ReturnStatement_ LocalVariableDeclaration_ MethodInvocation_ IfStatement_ StatementExpression_ MethodInvocation_ MethodInvocation_ IfStatement_ BlockStatement_ IfStatement_ BlockStatement_ StatementExpression_ MethodInvocation_ StatementExpression_ MethodInvocation_ BlockStatement_ StatementExpression_ MethodInvocation_ StatementExpression_ MethodInvocation_ StatementExpression_ MethodInvocation_ FieldDeclaration_ MethodDeclaration_spacePad FormalParameter_sbuf FormalParameter_length WhileStatement_ BlockStatement_ StatementExpression_ MethodInvocation_ StatementExpression_ ForStatement_ VariableDeclaration_ BlockStatement_ IfStatement_ BlockStatement_ StatementExpression_ MethodInvocation_,"package org apache log4j helpers import org apache log4j spi LoggingEvent public abstract class PatternConverter public PatternConverter next int min 1 int max 0x7FFFFFFF boolean leftAlign false protected PatternConverter protected PatternConverter FormattingInfo fi min fi min max fi max leftAlign fi leftAlign abstract protected String convert LoggingEvent event public void format StringBuffer sbuf LoggingEvent e String s convert e if s null if 0 min spacePad sbuf min return int len s length if len max sbuf append s substring len max else if len min if leftAlign sbuf append s spacePad sbuf min len else spacePad sbuf min len sbuf append s else sbuf append s static String SPACES "" "" ""  "" ""    "" ""        "" ""                "" ""                                "" public void spacePad StringBuffer sbuf int length while length 32 sbuf append SPACES 5 length 32 for int i 4 i 0 i if length 1 i 0 sbuf append SPACES i"
org.apache.log4j.xml.examples.ReportParserError,5,1,0,1,17,10,0,1,4,2.0,58,0.0,0,0.0,0.666666667,0,0,10.6,1,0.8,2,PackageDeclaration_org.apache.log4j.xml.examples ClassDeclaration_ReportParserError MethodDeclaration_report FormalParameter_msg FormalParameter_e StatementExpression_ MethodInvocation_ MethodInvocation_ MethodInvocation_ MethodInvocation_ MethodInvocation_ MethodInvocation_ MethodDeclaration_warning FormalParameter_e StatementExpression_ MethodInvocation_ MethodDeclaration_error FormalParameter_e StatementExpression_ MethodInvocation_ MethodDeclaration_fatalError FormalParameter_e StatementExpression_ MethodInvocation_,"package org apache log4j xml examples import org apache log4j helpers LogLog public class ReportParserError implements org xml sax ErrorHandler void report String msg org xml sax SAXParseException e LogLog error msg e getMessage ""\n\tat line="" e getLineNumber "" col="" e getColumnNumber "" of "" ""SystemId=\"""" e getSystemId ""\"" PublicID = \"""" e getPublicId '\""' public void warning org xml sax SAXParseException e report ""WARNING: "" e public void error org xml sax SAXParseException e report ""ERROR: "" e public void fatalError org xml sax SAXParseException e report ""FATAL: "" e"
org.apache.log4j.varia.ReloadingPropertyConfigurator,2,1,0,3,4,1,0,3,2,1.0,12,0.0,1,0.0,0.666666667,0,0,4.5,1,0.5,2,PackageDeclaration_org.apache.log4j.varia ClassDeclaration_ReloadingPropertyConfigurator FieldDeclaration_ ConstructorDeclaration_ReloadingPropertyConfigurator MethodDeclaration_doConfigure FormalParameter_url FormalParameter_repository,package org apache log4j varia import org apache log4j PropertyConfigurator import org apache log4j spi Configurator import java net URL import org apache log4j spi LoggerRepository public class ReloadingPropertyConfigurator implements Configurator PropertyConfigurator delegate new PropertyConfigurator public ReloadingPropertyConfigurator public void doConfigure URL url LoggerRepository repository
org.apache.log4j.DailyRollingFileAppender,10,3,0,8,42,0,0,8,5,0.866666667,435,0.2,1,0.825,0.311111111,1,1,41.0,6,1.6,4,PackageDeclaration_org.apache.log4j ClassDeclaration_DailyRollingFileAppender FieldDeclaration_ FieldDeclaration_ FieldDeclaration_ FieldDeclaration_ FieldDeclaration_ FieldDeclaration_ FieldDeclaration_ FieldDeclaration_ FieldDeclaration_ FieldDeclaration_ MethodInvocation_ FieldDeclaration_ FieldDeclaration_ FieldDeclaration_ FieldDeclaration_ FieldDeclaration_ MethodInvocation_ ConstructorDeclaration_DailyRollingFileAppender ConstructorDeclaration_DailyRollingFileAppender FormalParameter_layout FormalParameter_filename FormalParameter_datePattern StatementExpression_ StatementExpression_ StatementExpression_ MethodInvocation_ MethodDeclaration_setDatePattern FormalParameter_pattern StatementExpression_ MethodDeclaration_getDatePattern ReturnStatement_ MethodDeclaration_activateOptions StatementExpression_ IfStatement_ BlockStatement_ StatementExpression_ MethodInvocation_ MethodInvocation_ StatementExpression_ LocalVariableDeclaration_ MethodInvocation_ StatementExpression_ MethodInvocation_ StatementExpression_ MethodInvocation_ LocalVariableDeclaration_ StatementExpression_ MethodInvocation_ MethodInvocation_ BlockStatement_ StatementExpression_ MethodInvocation_ MethodDeclaration_printPeriodicity FormalParameter_type SwitchStatement_ StatementExpression_ MethodInvocation_ BreakStatement_ StatementExpression_ MethodInvocation_ BreakStatement_ StatementExpression_ MethodInvocation_ BreakStatement_ StatementExpression_ MethodInvocation_ BreakStatement_ StatementExpression_ MethodInvocation_ BreakStatement_ StatementExpression_ MethodInvocation_ BreakStatement_ StatementExpression_ MethodInvocation_ MethodDeclaration_computeCheckPeriod LocalVariableDeclaration_ LocalVariableDeclaration_ IfStatement_ BlockStatement_ ForStatement_ VariableDeclaration_ BlockStatement_ LocalVariableDeclaration_ StatementExpression_ MethodInvocation_ LocalVariableDeclaration_ MethodInvocation_ StatementExpression_ MethodInvocation_ LocalVariableDeclaration_ MethodInvocation_ LocalVariableDeclaration_ MethodInvocation_ IfStatement_ MethodInvocation_ BlockStatement_ ReturnStatement_ ReturnStatement_ MethodDeclaration_rollOver IfStatement_ BlockStatement_ StatementExpression_ MethodInvocation_ ReturnStatement_ LocalVariableDeclaration_ MethodInvocation_ IfStatement_ MethodInvocation_ BlockStatement_ ReturnStatement_ StatementExpression_ MethodInvocation_ LocalVariableDeclaration_ IfStatement_ MethodInvocation_ BlockStatement_ StatementExpression_ MethodInvocation_ LocalVariableDeclaration_ StatementExpression_ MethodInvocation_ StatementExpression_ MethodInvocation_ TryStatement_ StatementExpression_ MethodInvocation_ CatchClause_ CatchClauseParameter_e StatementExpression_ MethodInvocation_ StatementExpression_ MethodDeclaration_subAppend FormalParameter_event LocalVariableDeclaration_ MethodInvocation_ IfStatement_ BlockStatement_ StatementExpression_ MethodInvocation_ StatementExpression_ MethodInvocation_ TryStatement_ StatementExpression_ MethodInvocation_ CatchClause_ CatchClauseParameter_ioe StatementExpression_ MethodInvocation_ StatementExpression_ ClassDeclaration_RollingCalendar FieldDeclaration_ ConstructorDeclaration_RollingCalendar StatementExpression_ ConstructorDeclaration_RollingCalendar FormalParameter_tz FormalParameter_locale StatementExpression_ MethodDeclaration_setType FormalParameter_type StatementExpression_ MethodDeclaration_getNextCheckMillis FormalParameter_now ReturnStatement_ MethodInvocation_ MethodInvocation_ MethodDeclaration_getNextCheckDate FormalParameter_now StatementExpression_ MethodInvocation_ SwitchStatement_ StatementExpression_ MethodInvocation_ StatementExpression_ MethodInvocation_ StatementExpression_ MethodInvocation_ BreakStatement_ StatementExpression_ MethodInvocation_ StatementExpression_ MethodInvocation_ StatementExpression_ MethodInvocation_ StatementExpression_ MethodInvocation_ BreakStatement_ StatementExpression_ MethodInvocation_ StatementExpression_ MethodInvocation_ StatementExpression_ MethodInvocation_ LocalVariableDeclaration_ MethodInvocation_ IfStatement_ BlockStatement_ StatementExpression_ MethodInvocation_ BlockStatement_ StatementExpression_ MethodInvocation_ StatementExpression_ MethodInvocation_ BreakStatement_ StatementExpression_ MethodInvocation_ StatementExpression_ MethodInvocation_ StatementExpression_ MethodInvocation_ StatementExpression_ MethodInvocation_ StatementExpression_ MethodInvocation_ BreakStatement_ StatementExpression_ MethodInvocation_ MethodInvocation_ StatementExpression_ MethodInvocation_ StatementExpression_ MethodInvocation_ StatementExpression_ MethodInvocation_ StatementExpression_ MethodInvocation_ BreakStatement_ StatementExpression_ MethodInvocation_ StatementExpression_ MethodInvocation_ StatementExpression_ MethodInvocation_ StatementExpression_ MethodInvocation_ StatementExpression_ MethodInvocation_ BreakStatement_ ThrowStatement_ ReturnStatement_ MethodInvocation_,"package org apache log4j import java io IOException import java io File import java text SimpleDateFormat import java util Date import java util GregorianCalendar import java util Calendar import java util TimeZone import java util Locale import org apache log4j helpers LogLog import org apache log4j spi LoggingEvent public class DailyRollingFileAppender extends FileAppender static final int TOP_OF_TROUBLE 1 static final int TOP_OF_MINUTE 0 static final int TOP_OF_HOUR 1 static final int HALF_DAY 2 static final int TOP_OF_DAY 3 static final int TOP_OF_WEEK 4 static final int TOP_OF_MONTH 5 private String datePattern ""'.'yyyy-MM-dd"" private String scheduledFilename private long nextCheck System currentTimeMillis 1 Date now new Date SimpleDateFormat sdf RollingCalendar rc new RollingCalendar int checkPeriod TOP_OF_TROUBLE static final TimeZone gmtTimeZone TimeZone getTimeZone ""GMT"" public DailyRollingFileAppender public DailyRollingFileAppender Layout layout String filename String datePattern throws IOException super layout filename true this datePattern datePattern activateOptions public void setDatePattern String pattern datePattern pattern public String getDatePattern return datePattern public void activateOptions super activateOptions if datePattern null fileName null now setTime System currentTimeMillis sdf new SimpleDateFormat datePattern int type computeCheckPeriod printPeriodicity type rc setType type File file new File fileName scheduledFilename fileName sdf format new Date file lastModified else LogLog error ""Either Filename or DatePattern options are not set for ["" name ""]."" void printPeriodicity int type switch type case TOP_OF_MINUTE LogLog debug ""Appender ["" name ""] to be rolled every minute."" break case TOP_OF_HOUR LogLog debug ""Appender ["" name ""] to be rolled on top of every hour."" break case HALF_DAY LogLog debug ""Appender ["" name ""] to be rolled at midday and midnight."" break case TOP_OF_DAY LogLog debug ""Appender ["" name ""] to be rolled at midnight."" break case TOP_OF_WEEK LogLog debug ""Appender ["" name ""] to be rolled at start of week."" break case TOP_OF_MONTH LogLog debug ""Appender ["" name ""] to be rolled at start of every month."" break default LogLog warn ""Unknown periodicity for appender ["" name ""]."" int computeCheckPeriod RollingCalendar rollingCalendar new RollingCalendar gmtTimeZone Locale ENGLISH Date epoch new Date 0 if datePattern null for int i TOP_OF_MINUTE i TOP_OF_MONTH i SimpleDateFormat simpleDateFormat new SimpleDateFormat datePattern simpleDateFormat setTimeZone gmtTimeZone String r0 simpleDateFormat format epoch rollingCalendar setType i Date next new Date rollingCalendar getNextCheckMillis epoch String r1 simpleDateFormat format next if r0 null r1 null r0 equals r1 return i return TOP_OF_TROUBLE void rollOver throws IOException if datePattern null errorHandler error ""Missing DatePattern option in rollOver()."" return String datedFilename fileName sdf format now if scheduledFilename equals datedFilename return this closeFile File target new File scheduledFilename if target exists target delete File file new File fileName file renameTo target LogLog debug fileName "" -> "" scheduledFilename try this setFile fileName false this bufferedIO this bufferSize catch IOException e errorHandler error ""setFile("" fileName "", false) call failed."" scheduledFilename datedFilename protected void subAppend LoggingEvent event long n System currentTimeMillis if n nextCheck now setTime n nextCheck rc getNextCheckMillis now try rollOver catch IOException ioe LogLog error ""rollOver() failed."" ioe super subAppend event class RollingCalendar extends GregorianCalendar int type DailyRollingFileAppender TOP_OF_TROUBLE RollingCalendar super RollingCalendar TimeZone tz Locale locale super tz locale void setType int type this type type public long getNextCheckMillis Date now return getNextCheckDate now getTime public Date getNextCheckDate Date now this setTime now switch type case DailyRollingFileAppender TOP_OF_MINUTE this set Calendar SECOND 0 this set Calendar MILLISECOND 0 this add Calendar MINUTE 1 break case DailyRollingFileAppender TOP_OF_HOUR this set Calendar MINUTE 0 this set Calendar SECOND 0 this set Calendar MILLISECOND 0 this add Calendar HOUR_OF_DAY 1 break case DailyRollingFileAppender HALF_DAY this set Calendar MINUTE 0 this set Calendar SECOND 0 this set Calendar MILLISECOND 0 int hour get Calendar HOUR_OF_DAY if hour 12 this set Calendar HOUR_OF_DAY 12 else this set Calendar HOUR_OF_DAY 0 this add Calendar DAY_OF_MONTH 1 break case DailyRollingFileAppender TOP_OF_DAY this set Calendar HOUR_OF_DAY 0 this set Calendar MINUTE 0 this set Calendar SECOND 0 this set Calendar MILLISECOND 0 this add Calendar DATE 1 break case DailyRollingFileAppender TOP_OF_WEEK this set Calendar DAY_OF_WEEK getFirstDayOfWeek this set Calendar HOUR_OF_DAY 0 this set Calendar SECOND 0 this set Calendar MILLISECOND 0 this add Calendar WEEK_OF_YEAR 1 break case DailyRollingFileAppender TOP_OF_MONTH this set Calendar DATE 1 this set Calendar HOUR_OF_DAY 0 this set Calendar SECOND 0 this set Calendar MILLISECOND 0 this add Calendar MONTH 1 break default throw new IllegalStateException ""Unknown periodicity type."" return getTime"
org.apache.log4j.net.JMSSink,5,1,0,9,31,10,0,9,2,0.875,151,0.0,0,0.0,0.3,0,0,28.8,4,1.6,3,PackageDeclaration_org.apache.log4j.net ClassDeclaration_JMSSink MethodDeclaration_main FormalParameter_args IfStatement_ BlockStatement_ StatementExpression_ MethodInvocation_ LocalVariableDeclaration_ LocalVariableDeclaration_ StatementExpression_ MethodInvocation_ LocalVariableDeclaration_ MethodInvocation_ IfStatement_ BlockStatement_ StatementExpression_ TryStatement_ LocalVariableDeclaration_ LocalVariableDeclaration_ StatementExpression_ MethodInvocation_ LocalVariableDeclaration_ MethodInvocation_ StatementExpression_ MethodInvocation_ LocalVariableDeclaration_ MethodInvocation_ LocalVariableDeclaration_ MethodInvocation_ LocalVariableDeclaration_ MethodInvocation_ LocalVariableDeclaration_ LocalVariableDeclaration_ WhileStatement_ BlockStatement_ LocalVariableDeclaration_ MethodInvocation_ StatementExpression_ MethodInvocation_ StatementExpression_ MethodInvocation_ StatementExpression_ MethodInvocation_ CatchClause_ CatchClauseParameter_e StatementExpression_ MethodInvocation_ MethodDeclaration_lookup FormalParameter_ctx FormalParameter_name TryStatement_ ReturnStatement_ MethodInvocation_ CatchClause_ CatchClauseParameter_e StatementExpression_ MethodInvocation_ ThrowStatement_ MethodDeclaration_usage FormalParameter_msg StatementExpression_ MethodInvocation_ StatementExpression_ MethodInvocation_ MethodInvocation_ StatementExpression_ MethodInvocation_,"package org apache log4j net import org apache log4j spi LoggingEvent import org apache log4j Category import org apache log4j LogManager import org apache log4j spi RendererSupport import org apache log4j spi LoggerRepository import org apache log4j or jms MessageRenderer import org apache log4j PropertyConfigurator import org apache log4j helpers LogLog import javax jms import javax naming InitialContext import javax naming Context import javax naming NameNotFoundException import javax naming NamingException public class JMSSink static public void main String args if args length 3 usage ""Wrong number of arguments."" String tcfBindingName args 0 String topicBindingName args 1 PropertyConfigurator configure args 2 LoggerRepository rep LogManager getLoggerRepository if rep instanceof RendererSupport RendererSupport rep setRenderer Message class new MessageRenderer try Context ctx new InitialContext TopicConnectionFactory topicConnectionFactory topicConnectionFactory TopicConnectionFactory lookup ctx tcfBindingName TopicConnection topicConnection topicConnectionFactory createTopicConnection topicConnection start TopicSession topicSession topicConnection createTopicSession false Session AUTO_ACKNOWLEDGE Topic topic Topic ctx lookup topicBindingName TopicSubscriber topicSubscriber topicSession createDurableSubscriber topic ""x"" LoggingEvent event Category remoteCategory while true ObjectMessage msg ObjectMessage topicSubscriber receive event LoggingEvent msg getObject remoteCategory Category getInstance event categoryName remoteCategory callAppenders event catch Exception e LogLog error ""Could not read JMS message."" e protected static Object lookup Context ctx String name throws NamingException try return ctx lookup name catch NameNotFoundException e LogLog error ""Could not find name ["" name ""]."" throw e static void usage String msg System err println msg System err println ""Usage: java "" JMSSink class getName "" TopicConnectionFactoryBindingName TopicBindingName configFile"" System exit 1"
org.apache.log4j.lf5.viewer.LogFactor5InputDialog,4,7,0,5,25,0,4,4,3,0.666666667,125,0.5,0,0.996865204,0.45,0,0,29.75,3,1.0,2,PackageDeclaration_org.apache.log4j.lf5.viewer ClassDeclaration_LogFactor5InputDialog FieldDeclaration_ FieldDeclaration_ ConstructorDeclaration_LogFactor5InputDialog FormalParameter_jframe FormalParameter_title FormalParameter_label StatementExpression_ ConstructorDeclaration_LogFactor5InputDialog FormalParameter_jframe FormalParameter_title FormalParameter_label FormalParameter_size StatementExpression_ LocalVariableDeclaration_ StatementExpression_ MethodInvocation_ LocalVariableDeclaration_ StatementExpression_ MethodInvocation_ StatementExpression_ MethodInvocation_ StatementExpression_ StatementExpression_ MethodInvocation_ StatementExpression_ MethodInvocation_ MethodDeclaration_keyPressed FormalParameter_e IfStatement_ MethodInvocation_ BlockStatement_ StatementExpression_ MethodInvocation_ LocalVariableDeclaration_ StatementExpression_ MethodInvocation_ MethodDeclaration_actionPerformed FormalParameter_e StatementExpression_ MethodInvocation_ LocalVariableDeclaration_ StatementExpression_ MethodInvocation_ MethodDeclaration_actionPerformed FormalParameter_e StatementExpression_ MethodInvocation_ StatementExpression_ MethodInvocation_ StatementExpression_ MethodInvocation_ StatementExpression_ MethodInvocation_ StatementExpression_ MethodInvocation_ MethodInvocation_ StatementExpression_ MethodInvocation_ MethodInvocation_ StatementExpression_ MethodInvocation_ StatementExpression_ MethodInvocation_ StatementExpression_ MethodInvocation_ MethodDeclaration_getText LocalVariableDeclaration_ MethodInvocation_ IfStatement_ MethodInvocation_ MethodInvocation_ BlockStatement_ ReturnStatement_ ReturnStatement_,"package org apache log4j lf5 viewer import javax swing import java awt import java awt event ActionEvent import java awt event ActionListener import java awt event KeyAdapter import java awt event KeyEvent public class LogFactor5InputDialog extends LogFactor5Dialog public static final int SIZE 30 private JTextField _textField public LogFactor5InputDialog JFrame jframe String title String label this jframe title label SIZE public LogFactor5InputDialog JFrame jframe String title String label int size super jframe title true JPanel bottom new JPanel bottom setLayout new FlowLayout JPanel main new JPanel main setLayout new FlowLayout main add new JLabel label _textField new JTextField size main add _textField addKeyListener new KeyAdapter public void keyPressed KeyEvent e if e getKeyCode KeyEvent VK_ENTER hide JButton ok new JButton ""Ok"" ok addActionListener new ActionListener public void actionPerformed ActionEvent e hide JButton cancel new JButton ""Cancel"" cancel addActionListener new ActionListener public void actionPerformed ActionEvent e hide _textField setText """" bottom add ok bottom add cancel getContentPane add main BorderLayout CENTER getContentPane add bottom BorderLayout SOUTH pack centerWindow this show public String getText String s _textField getText if s null s trim length 0 return null return s"
org.apache.log4j.helpers.BoundedFIFO,10,1,0,3,17,0,2,1,9,0.555555556,249,0.0,1,0.0,0.466666667,0,0,23.4,5,2.1,2,PackageDeclaration_org.apache.log4j.helpers ClassDeclaration_BoundedFIFO FieldDeclaration_ FieldDeclaration_ FieldDeclaration_ FieldDeclaration_ FieldDeclaration_ ConstructorDeclaration_BoundedFIFO FormalParameter_maxSize IfStatement_ BlockStatement_ ThrowStatement_ StatementExpression_ StatementExpression_ MethodDeclaration_get IfStatement_ ReturnStatement_ LocalVariableDeclaration_ StatementExpression_ IfStatement_ BlockStatement_ StatementExpression_ StatementExpression_ ReturnStatement_ MethodDeclaration_put FormalParameter_o IfStatement_ BlockStatement_ StatementExpression_ IfStatement_ BlockStatement_ StatementExpression_ StatementExpression_ MethodDeclaration_getMaxSize ReturnStatement_ MethodDeclaration_isFull ReturnStatement_ MethodDeclaration_length ReturnStatement_ MethodDeclaration_min FormalParameter_a FormalParameter_b ReturnStatement_ MethodDeclaration_resize FormalParameter_newSize IfStatement_ ReturnStatement_ LocalVariableDeclaration_ LocalVariableDeclaration_ StatementExpression_ MethodInvocation_ StatementExpression_ MethodInvocation_ StatementExpression_ MethodInvocation_ LocalVariableDeclaration_ IfStatement_ BlockStatement_ StatementExpression_ StatementExpression_ MethodInvocation_ StatementExpression_ MethodInvocation_ StatementExpression_ StatementExpression_ StatementExpression_ StatementExpression_ StatementExpression_ IfStatement_ StatementExpression_ MethodDeclaration_wasEmpty ReturnStatement_ MethodDeclaration_wasFull ReturnStatement_,"package org apache log4j helpers import org apache log4j spi LoggingEvent public class BoundedFIFO LoggingEvent buf int numElements 0 int first 0 int next 0 int maxSize public BoundedFIFO int maxSize if maxSize 1 throw new IllegalArgumentException ""The maxSize argument ("" maxSize "") is not a positive integer."" this maxSize maxSize buf new LoggingEvent maxSize public LoggingEvent get if numElements 0 return null LoggingEvent r buf first buf first null if first maxSize first 0 numElements return r public void put LoggingEvent o if numElements maxSize buf next o if next maxSize next 0 numElements public int getMaxSize return maxSize public boolean isFull return numElements maxSize public int length return numElements int min int a int b return a b a b synchronized public void resize int newSize if newSize maxSize return LoggingEvent tmp new LoggingEvent newSize int len1 maxSize first len1 min len1 newSize len1 min len1 numElements System arraycopy buf first tmp 0 len1 int len2 0 if len1 numElements len1 newSize len2 numElements len1 len2 min len2 newSize len1 System arraycopy buf 0 tmp len1 len2 this buf tmp this maxSize newSize this first 0 this numElements len1 len2 this next this numElements if this next this maxSize this next 0 public boolean wasEmpty return numElements 1 public boolean wasFull return numElements 1 maxSize"
org.apache.log4j.spi.LoggingEvent,18,1,0,62,55,99,52,11,12,0.885154062,395,0.476190476,4,0.0,0.209150327,0,0,19.77777778,5,1.5556,5,PackageDeclaration_org.apache.log4j.spi ClassDeclaration_LoggingEvent FieldDeclaration_ MethodInvocation_ FieldDeclaration_ FieldDeclaration_ FieldDeclaration_ FieldDeclaration_ FieldDeclaration_ FieldDeclaration_ FieldDeclaration_ FieldDeclaration_ FieldDeclaration_ FieldDeclaration_ FieldDeclaration_ FieldDeclaration_ FieldDeclaration_ FieldDeclaration_ FieldDeclaration_ FieldDeclaration_ FieldDeclaration_ FieldDeclaration_ FieldDeclaration_ ConstructorDeclaration_LoggingEvent FormalParameter_fqnOfCategoryClass FormalParameter_logger FormalParameter_priority FormalParameter_message FormalParameter_throwable StatementExpression_ StatementExpression_ StatementExpression_ MethodInvocation_ StatementExpression_ StatementExpression_ IfStatement_ BlockStatement_ StatementExpression_ StatementExpression_ MethodInvocation_ ConstructorDeclaration_LoggingEvent FormalParameter_fqnOfCategoryClass FormalParameter_logger FormalParameter_timeStamp FormalParameter_priority FormalParameter_message FormalParameter_throwable StatementExpression_ StatementExpression_ StatementExpression_ MethodInvocation_ StatementExpression_ StatementExpression_ IfStatement_ BlockStatement_ StatementExpression_ StatementExpression_ MethodDeclaration_getLocationInformation IfStatement_ BlockStatement_ StatementExpression_ ReturnStatement_ MethodDeclaration_getMessage IfStatement_ BlockStatement_ ReturnStatement_ BlockStatement_ ReturnStatement_ MethodInvocation_ MethodDeclaration_getNDC IfStatement_ BlockStatement_ StatementExpression_ StatementExpression_ MethodInvocation_ ReturnStatement_ MethodDeclaration_getMDC FormalParameter_key LocalVariableDeclaration_ IfStatement_ BlockStatement_ StatementExpression_ MethodInvocation_ IfStatement_ BlockStatement_ ReturnStatement_ ReturnStatement_ MethodInvocation_ MethodDeclaration_getMDCCopy IfStatement_ BlockStatement_ StatementExpression_ LocalVariableDeclaration_ MethodInvocation_ IfStatement_ BlockStatement_ StatementExpression_ MethodInvocation_ MethodDeclaration_getRenderedMessage IfStatement_ BlockStatement_ IfStatement_ StatementExpression_ BlockStatement_ LocalVariableDeclaration_ MethodInvocation_ IfStatement_ BlockStatement_ LocalVariableDeclaration_ StatementExpression_ MethodInvocation_ MethodInvocation_ BlockStatement_ StatementExpression_ MethodInvocation_ ReturnStatement_ MethodDeclaration_getStartTime ReturnStatement_ MethodDeclaration_getThreadName IfStatement_ StatementExpression_ MethodInvocation_ MethodInvocation_ ReturnStatement_ MethodDeclaration_getThrowableInformation ReturnStatement_ MethodDeclaration_getThrowableStrRep IfStatement_ ReturnStatement_ ReturnStatement_ MethodInvocation_ MethodDeclaration_readLevel FormalParameter_ois LocalVariableDeclaration_ MethodInvocation_ TryStatement_ LocalVariableDeclaration_ MethodInvocation_ IfStatement_ BlockStatement_ StatementExpression_ MethodInvocation_ BlockStatement_ LocalVariableDeclaration_ MethodInvocation_ IfStatement_ BlockStatement_ LocalVariableDeclaration_ MethodInvocation_ StatementExpression_ MethodInvocation_ StatementExpression_ MethodInvocation_ StatementExpression_ StatementExpression_ MethodInvocation_ CatchClause_ CatchClauseParameter_e StatementExpression_ MethodInvocation_ StatementExpression_ MethodInvocation_ MethodDeclaration_readObject FormalParameter_ois StatementExpression_ MethodInvocation_ StatementExpression_ MethodInvocation_ IfStatement_ StatementExpression_ MethodDeclaration_writeObject FormalParameter_oos StatementExpression_ MethodInvocation_ StatementExpression_ MethodInvocation_ StatementExpression_ MethodInvocation_ StatementExpression_ MethodInvocation_ StatementExpression_ MethodInvocation_ StatementExpression_ MethodInvocation_ StatementExpression_ MethodInvocation_ MethodDeclaration_writeLevel FormalParameter_oos StatementExpression_ MethodInvocation_ MethodInvocation_ LocalVariableDeclaration_ MethodInvocation_ IfStatement_ BlockStatement_ StatementExpression_ MethodInvocation_ BlockStatement_ StatementExpression_ MethodInvocation_ MethodInvocation_,"package org apache log4j spi import org apache log4j import org apache log4j helpers LogLog import java lang reflect Method import java io ObjectOutputStream import java io ObjectInputStream import java util Hashtable public class LoggingEvent implements java io Serializable private static long startTime System currentTimeMillis transient public final String fqnOfCategoryClass transient public Category logger public final String categoryName transient public Priority level private String ndc private Hashtable mdcCopy private boolean ndcLookupRequired true private boolean mdcLookupRequired true transient private Object message private String renderedMessage private String threadName private ThrowableInformation throwableInfo public final long timeStamp private LocationInfo locationInfo static final long serialVersionUID 868428216207166145L static final Integer PARAM_ARRAY new Integer 1 static final String TO_LEVEL ""toLevel"" static final Class TO_LEVEL_PARAMS new Class int class static final Hashtable methodCache new Hashtable 3 public LoggingEvent String fqnOfCategoryClass Category logger Priority priority Object message Throwable throwable this fqnOfCategoryClass fqnOfCategoryClass this logger logger this categoryName logger getName this level priority this message message if throwable null this throwableInfo new ThrowableInformation throwable timeStamp System currentTimeMillis public LoggingEvent String fqnOfCategoryClass Category logger long timeStamp Priority priority Object message Throwable throwable this fqnOfCategoryClass fqnOfCategoryClass this logger logger this categoryName logger getName this level priority this message message if throwable null this throwableInfo new ThrowableInformation throwable this timeStamp timeStamp public LocationInfo getLocationInformation if locationInfo null locationInfo new LocationInfo new Throwable fqnOfCategoryClass return locationInfo public Object getMessage if message null return message else return getRenderedMessage public String getNDC if ndcLookupRequired ndcLookupRequired false ndc NDC get return ndc public Object getMDC String key Object r if mdcCopy null r mdcCopy get key if r null return r return MDC get key public void getMDCCopy if mdcLookupRequired ndcLookupRequired false Hashtable t Hashtable MDC getContext if t null mdcCopy Hashtable t clone public String getRenderedMessage if renderedMessage null message null if message instanceof String renderedMessage String message else LoggerRepository repository logger getHierarchy if repository instanceof RendererSupport RendererSupport rs RendererSupport repository renderedMessage rs getRendererMap findAndRender message else renderedMessage message toString return renderedMessage public static long getStartTime return startTime public String getThreadName if threadName null threadName Thread currentThread getName return threadName public ThrowableInformation getThrowableInformation return throwableInfo public String getThrowableStrRep if throwableInfo null return null else return throwableInfo getThrowableStrRep private void readLevel ObjectInputStream ois throws java io IOException ClassNotFoundException int p ois readInt try String className String ois readObject if className null level Level toLevel p else Method m Method methodCache get className if m null Class clazz Class forName className m clazz getDeclaredMethod TO_LEVEL TO_LEVEL_PARAMS methodCache put className m PARAM_ARRAY 0 new Integer p level Level m invoke null PARAM_ARRAY catch Exception e LogLog warn ""Level deserialization failed, reverting to default."" e level Level toLevel p private void readObject ObjectInputStream ois throws java io IOException ClassNotFoundException ois defaultReadObject readLevel ois if locationInfo null locationInfo new LocationInfo null null private void writeObject ObjectOutputStream oos throws java io IOException this getThreadName this getRenderedMessage this getNDC this getMDCCopy this getThrowableStrRep oos defaultWriteObject writeLevel oos private void writeLevel ObjectOutputStream oos throws java io IOException oos writeInt level toInt Class clazz level getClass if clazz Level class oos writeObject null else oos writeObject clazz getName"
org.apache.log4j.lf5.viewer.LogTableRowRenderer,3,6,0,4,13,1,1,3,2,0.75,59,1.0,0,0.996992481,0.444444444,1,1,18.0,2,1.0,3,PackageDeclaration_org.apache.log4j.lf5.viewer ClassDeclaration_LogTableRowRenderer FieldDeclaration_ FieldDeclaration_ MethodDeclaration_getTableCellRendererComponent FormalParameter_table FormalParameter_value FormalParameter_isSelected FormalParameter_hasFocus FormalParameter_row FormalParameter_col IfStatement_ BlockStatement_ StatementExpression_ MethodInvocation_ BlockStatement_ StatementExpression_ MethodInvocation_ LocalVariableDeclaration_ MethodInvocation_ LocalVariableDeclaration_ MethodInvocation_ StatementExpression_ MethodInvocation_ MethodInvocation_ MethodInvocation_ ReturnStatement_ MethodDeclaration_getLogLevelColor FormalParameter_level ReturnStatement_ MethodInvocation_ MethodInvocation_,package org apache log4j lf5 viewer import org apache log4j lf5 LogLevel import org apache log4j lf5 LogRecord import javax swing import javax swing table DefaultTableCellRenderer import java awt public class LogTableRowRenderer extends DefaultTableCellRenderer protected boolean _highlightFatal true protected Color _color new Color 230 230 230 public Component getTableCellRendererComponent JTable table Object value boolean isSelected boolean hasFocus int row int col if row 2 0 setBackground _color else setBackground Color white FilteredLogTableModel model FilteredLogTableModel table getModel LogRecord record model getFilteredRecord row setForeground getLogLevelColor record getLevel return super getTableCellRendererComponent table value isSelected hasFocus row col protected Color getLogLevelColor LogLevel level return Color LogLevel getLogLevelColorMap get level
org.apache.log4j.spi.RootCategory,4,3,0,6,7,6,2,4,4,2.0,30,0.0,0,0.945454545,0.875,1,1,6.5,2,1.0,2,PackageDeclaration_org.apache.log4j.spi ClassDeclaration_RootCategory ConstructorDeclaration_RootCategory FormalParameter_level StatementExpression_ StatementExpression_ MethodInvocation_ MethodDeclaration_getChainedLevel ReturnStatement_ MethodDeclaration_setLevel FormalParameter_level IfStatement_ BlockStatement_ StatementExpression_ MethodInvocation_ BlockStatement_ StatementExpression_ MethodDeclaration_setPriority FormalParameter_level StatementExpression_ MethodInvocation_,"package org apache log4j spi import org apache log4j import org apache log4j helpers LogLog final public class RootCategory extends Logger public RootCategory Level level super ""root"" setLevel level final public Level getChainedLevel return level final public void setLevel Level level if level null LogLog error ""You have tried to set a null level to root."" new Throwable else this level level final public void setPriority Level level setLevel level"
org.apache.log4j.lf5.viewer.LogFactor5ErrorDialog,1,7,0,4,14,0,3,2,1,2.0,56,0.0,0,1.0,1.0,0,0,55.0,0,0.0,2,PackageDeclaration_org.apache.log4j.lf5.viewer ClassDeclaration_LogFactor5ErrorDialog ConstructorDeclaration_LogFactor5ErrorDialog FormalParameter_jframe FormalParameter_message StatementExpression_ LocalVariableDeclaration_ StatementExpression_ MethodInvocation_ MethodDeclaration_actionPerformed FormalParameter_e StatementExpression_ MethodInvocation_ LocalVariableDeclaration_ StatementExpression_ MethodInvocation_ StatementExpression_ MethodInvocation_ LocalVariableDeclaration_ StatementExpression_ MethodInvocation_ StatementExpression_ MethodInvocation_ StatementExpression_ MethodInvocation_ MethodInvocation_ StatementExpression_ MethodInvocation_ MethodInvocation_ StatementExpression_ MethodInvocation_,"package org apache log4j lf5 viewer import javax swing import java awt import java awt event ActionEvent import java awt event ActionListener public class LogFactor5ErrorDialog extends LogFactor5Dialog public LogFactor5ErrorDialog JFrame jframe String message super jframe ""Error"" true JButton ok new JButton ""Ok"" ok addActionListener new ActionListener public void actionPerformed ActionEvent e hide JPanel bottom new JPanel bottom setLayout new FlowLayout bottom add ok JPanel main new JPanel main setLayout new GridBagLayout wrapStringOnPanel message main getContentPane add main BorderLayout CENTER getContentPane add bottom BorderLayout SOUTH show"
org.apache.log4j.lf5.viewer.categoryexplorer.CategoryImmediateEditor,5,2,0,4,20,8,1,3,3,0.75,121,1.0,1,0.870967742,0.333333333,1,3,22.8,2,1.4,2,PackageDeclaration_org.apache.log4j.lf5.viewer.categoryexplorer ClassDeclaration_CategoryImmediateEditor FieldDeclaration_ FieldDeclaration_ ConstructorDeclaration_CategoryImmediateEditor FormalParameter_tree FormalParameter_renderer FormalParameter_editor StatementExpression_ StatementExpression_ StatementExpression_ MethodInvocation_ StatementExpression_ MethodInvocation_ StatementExpression_ MethodInvocation_ StatementExpression_ MethodInvocation_ StatementExpression_ MethodDeclaration_shouldSelectCell FormalParameter_e LocalVariableDeclaration_ IfStatement_ BlockStatement_ LocalVariableDeclaration_ LocalVariableDeclaration_ MethodInvocation_ MethodInvocation_ MethodInvocation_ LocalVariableDeclaration_ MethodInvocation_ StatementExpression_ MethodInvocation_ ReturnStatement_ MethodDeclaration_inCheckBoxHitRegion FormalParameter_e LocalVariableDeclaration_ MethodInvocation_ MethodInvocation_ MethodInvocation_ IfStatement_ BlockStatement_ ReturnStatement_ LocalVariableDeclaration_ MethodInvocation_ LocalVariableDeclaration_ IfStatement_ BlockStatement_ LocalVariableDeclaration_ MethodInvocation_ LocalVariableDeclaration_ MethodInvocation_ StatementExpression_ MethodInvocation_ StatementExpression_ MethodInvocation_ MethodInvocation_ ReturnStatement_ MethodDeclaration_canEditImmediately FormalParameter_e LocalVariableDeclaration_ IfStatement_ BlockStatement_ LocalVariableDeclaration_ StatementExpression_ MethodInvocation_ ReturnStatement_ MethodDeclaration_determineOffset FormalParameter_tree FormalParameter_value FormalParameter_isSelected FormalParameter_expanded FormalParameter_leaf FormalParameter_row StatementExpression_,package org apache log4j lf5 viewer categoryexplorer import javax swing import javax swing tree DefaultTreeCellEditor import javax swing tree TreePath import java awt import java awt event MouseEvent import java util EventObject public class CategoryImmediateEditor extends DefaultTreeCellEditor private CategoryNodeRenderer renderer protected Icon editingIcon null public CategoryImmediateEditor JTree tree CategoryNodeRenderer renderer CategoryNodeEditor editor super tree renderer editor this renderer renderer renderer setIcon null renderer setLeafIcon null renderer setOpenIcon null renderer setClosedIcon null super editingIcon null public boolean shouldSelectCell EventObject e boolean rv false if e instanceof MouseEvent MouseEvent me MouseEvent e TreePath path tree getPathForLocation me getX me getY CategoryNode node CategoryNode path getLastPathComponent rv node isLeaf return rv public boolean inCheckBoxHitRegion MouseEvent e TreePath path tree getPathForLocation e getX e getY if path null return false CategoryNode node CategoryNode path getLastPathComponent boolean rv false if true Rectangle bounds tree getRowBounds lastRow Dimension checkBoxOffset renderer getCheckBoxOffset bounds translate offset checkBoxOffset width checkBoxOffset height rv bounds contains e getPoint return true protected boolean canEditImmediately EventObject e boolean rv false if e instanceof MouseEvent MouseEvent me MouseEvent e rv inCheckBoxHitRegion me return rv protected void determineOffset JTree tree Object value boolean isSelected boolean expanded boolean leaf int row offset 0
org.apache.log4j.helpers.Transform,2,1,0,2,9,1,2,0,2,2.0,59,0.0,0,0.0,0.5,0,0,28.5,6,3.0,3,PackageDeclaration_org.apache.log4j.xml ClassDeclaration_Transform MethodDeclaration_main FormalParameter_args StatementExpression_ MethodInvocation_ StatementExpression_ MethodInvocation_ LocalVariableDeclaration_ MethodInvocation_ LocalVariableDeclaration_ MethodInvocation_ LocalVariableDeclaration_ MethodInvocation_ StatementExpression_ MethodInvocation_ IfStatement_ BlockStatement_ StatementExpression_ MethodInvocation_ StatementExpression_ MethodInvocation_ LocalVariableDeclaration_ MethodInvocation_ LocalVariableDeclaration_ MethodInvocation_ LocalVariableDeclaration_ LocalVariableDeclaration_ LocalVariableDeclaration_ MethodInvocation_ StatementExpression_ MethodInvocation_ StatementExpression_ MethodInvocation_ MethodInvocation_ LocalVariableDeclaration_ MethodInvocation_ LocalVariableDeclaration_ StatementExpression_ MethodInvocation_ IfStatement_ BlockStatement_ StatementExpression_ MethodInvocation_ BlockStatement_ StatementExpression_ MethodInvocation_ StatementExpression_ MethodInvocation_ ClassDeclaration_DC FieldDeclaration_ MethodInvocation_ FieldDeclaration_ ConstructorDeclaration_DC FormalParameter_chandler StatementExpression_ MethodDeclaration_characters FormalParameter_ch FormalParameter_start FormalParameter_length StatementExpression_ MethodInvocation_ StatementExpression_ MethodInvocation_ MethodDeclaration_endDocument StatementExpression_ MethodInvocation_ StatementExpression_ MethodInvocation_ MethodDeclaration_endElement FormalParameter_namespaceURI FormalParameter_localName FormalParameter_qName StatementExpression_ MethodInvocation_ StatementExpression_ MethodInvocation_ MethodDeclaration_endPrefixMapping FormalParameter_prefix StatementExpression_ MethodInvocation_ StatementExpression_ MethodInvocation_ MethodDeclaration_ignorableWhitespace FormalParameter_ch FormalParameter_start FormalParameter_length StatementExpression_ MethodInvocation_ StatementExpression_ MethodInvocation_ MethodDeclaration_processingInstruction FormalParameter_target FormalParameter_data StatementExpression_ MethodInvocation_ StatementExpression_ MethodInvocation_ MethodDeclaration_setDocumentLocator FormalParameter_locator StatementExpression_ MethodInvocation_ StatementExpression_ MethodInvocation_ MethodDeclaration_skippedEntity FormalParameter_name StatementExpression_ MethodInvocation_ StatementExpression_ MethodInvocation_ MethodDeclaration_startDocument StatementExpression_ MethodInvocation_ StatementExpression_ MethodInvocation_ MethodDeclaration_startElement FormalParameter_namespaceURI FormalParameter_localName FormalParameter_qName FormalParameter_atts StatementExpression_ MethodInvocation_ IfStatement_ MethodInvocation_ BlockStatement_ StatementExpression_ MethodInvocation_ IfStatement_ BlockStatement_ LocalVariableDeclaration_ LocalVariableDeclaration_ MethodInvocation_ StatementExpression_ MethodInvocation_ LocalVariableDeclaration_ MethodInvocation_ StatementExpression_ MethodInvocation_ StatementExpression_ MethodInvocation_ MethodDeclaration_startPrefixMapping FormalParameter_prefix FormalParameter_uri StatementExpression_ MethodInvocation_ StatementExpression_ MethodInvocation_,"package org apache log4j xml import org apache log4j Category import org apache log4j Layout import org apache log4j PropertyConfigurator import org apache log4j spi LoggingEvent import org apache log4j helpers OptionConverter import org apache log4j helpers DateLayout import org xml sax ContentHandler import org xml sax Locator import org xml sax Attributes import org xml sax XMLReader import org xml sax ext LexicalHandler import org xml sax helpers XMLReaderFactory import org xml sax SAXException import org apache xerces parsers SAXParser import org apache trax Processor import org apache trax TemplatesBuilder import org apache trax Templates import org apache trax Transformer import org apache trax Result import org apache trax ProcessorException import org apache trax ProcessorFactoryException import org apache trax TransformException import org apache serialize SerializerFactory import org apache serialize Serializer import org apache serialize OutputFormat import org xml sax helpers AttributesImpl import java io FileOutputStream import java io IOException public class Transform public static void main String args throws Exception PropertyConfigurator disableAll PropertyConfigurator configure ""x.lcf"" Processor processor Processor newInstance ""xslt"" XMLReader reader XMLReaderFactory createXMLReader TemplatesBuilder templatesBuilder processor getTemplatesBuilder reader setContentHandler templatesBuilder if templatesBuilder instanceof LexicalHandler reader setProperty ""http://xml.org/sax/properties/lexical-handler"" templatesBuilder reader parse args 0 Templates templates templatesBuilder getTemplates Transformer transformer templates newTransformer FileOutputStream fos new FileOutputStream args 2 Result result new Result fos Serializer serializer SerializerFactory getSerializer ""xml"" serializer setOutputStream fos transformer setContentHandler serializer asContentHandler org xml sax ContentHandler chandler transformer getInputContentHandler DC dc new DC chandler reader setContentHandler dc if chandler instanceof LexicalHandler reader setProperty ""http://xml.org/sax/properties/lexical-handler"" chandler else reader setProperty ""http://xml.org/sax/properties/lexical-handler"" null reader parse args 1 class DC implements ContentHandler static Category cat Category getInstance ""DC"" ContentHandler chandler DC ContentHandler chandler this chandler chandler public void characters char ch int start int length throws org xml sax SAXException cat debug ""characters: ["" new String ch start length ""] called"" chandler characters ch start length public void endDocument throws org xml sax SAXException cat debug ""endDocument called."" chandler endDocument public void endElement String namespaceURI String localName String qName throws org xml sax SAXException cat debug ""endElement("" namespaceURI "", "" localName "", "" qName "") called"" chandler endElement namespaceURI localName qName public void endPrefixMapping String prefix throws org xml sax SAXException cat debug ""endPrefixMapping("" prefix "") called"" chandler endPrefixMapping prefix public void ignorableWhitespace char ch int start int length throws org xml sax SAXException cat debug ""ignorableWhitespace called"" chandler ignorableWhitespace ch start length public void processingInstruction java lang String target java lang String data throws org xml sax SAXException cat debug ""processingInstruction called"" chandler processingInstruction target data public void setDocumentLocator Locator locator cat debug ""setDocumentLocator called"" chandler setDocumentLocator locator public void skippedEntity String name throws org xml sax SAXException cat debug ""skippedEntity("" name "")  called"" chandler skippedEntity name public void startDocument throws org xml sax SAXException cat debug ""startDocument called"" chandler startDocument public void startElement String namespaceURI String localName String qName Attributes atts throws org xml sax SAXException cat debug ""startElement("" namespaceURI "", "" localName "", "" qName "")called"" if ""log4j:event"" equals qName cat debug ""-------------"" if atts instanceof org xml sax helpers AttributesImpl AttributesImpl ai AttributesImpl atts int i atts getIndex ""timestamp"" ai setValue i ""hello"" String ts atts getValue ""timestamp"" cat debug ""New timestamp is "" ts chandler startElement namespaceURI localName qName atts public void startPrefixMapping String prefix String uri throws org xml sax SAXException cat debug ""startPrefixMapping("" prefix "", "" uri "") called"" chandler startPrefixMapping prefix uri"
org.apache.log4j.helpers.CyclicBuffer,7,1,0,2,13,0,1,1,7,0.333333333,246,0.0,1,0.0,0.523809524,0,0,33.42857143,7,2.7143,2,PackageDeclaration_org.apache.log4j.helpers ClassDeclaration_CyclicBuffer FieldDeclaration_ FieldDeclaration_ FieldDeclaration_ FieldDeclaration_ FieldDeclaration_ ConstructorDeclaration_CyclicBuffer FormalParameter_maxSize IfStatement_ BlockStatement_ ThrowStatement_ StatementExpression_ StatementExpression_ StatementExpression_ StatementExpression_ StatementExpression_ MethodDeclaration_add FormalParameter_event StatementExpression_ IfStatement_ StatementExpression_ IfStatement_ StatementExpression_ IfStatement_ StatementExpression_ MethodDeclaration_get FormalParameter_i IfStatement_ ReturnStatement_ ReturnStatement_ MethodDeclaration_getMaxSize ReturnStatement_ MethodDeclaration_get LocalVariableDeclaration_ IfStatement_ BlockStatement_ StatementExpression_ StatementExpression_ StatementExpression_ IfStatement_ StatementExpression_ ReturnStatement_ MethodDeclaration_length ReturnStatement_ MethodDeclaration_resize FormalParameter_newSize IfStatement_ BlockStatement_ ThrowStatement_ IfStatement_ ReturnStatement_ LocalVariableDeclaration_ LocalVariableDeclaration_ ForStatement_ VariableDeclaration_ BlockStatement_ StatementExpression_ StatementExpression_ IfStatement_ StatementExpression_ StatementExpression_ StatementExpression_ StatementExpression_ StatementExpression_ IfStatement_ BlockStatement_ StatementExpression_ BlockStatement_ StatementExpression_,"package org apache log4j helpers import org apache log4j spi LoggingEvent public class CyclicBuffer LoggingEvent ea int first int last int numElems int maxSize public CyclicBuffer int maxSize throws IllegalArgumentException if maxSize 1 throw new IllegalArgumentException ""The maxSize argument ("" maxSize "") is not a positive integer."" this maxSize maxSize ea new LoggingEvent maxSize first 0 last 0 numElems 0 public void add LoggingEvent event ea last event if last maxSize last 0 if numElems maxSize numElems else if first maxSize first 0 public LoggingEvent get int i if i 0 i numElems return null return ea first i maxSize public int getMaxSize return maxSize public LoggingEvent get LoggingEvent r null if numElems 0 numElems r ea first ea first null if first maxSize first 0 return r public int length return numElems public void resize int newSize if newSize 0 throw new IllegalArgumentException ""Negative array size ["" newSize ""] not allowed."" if newSize numElems return LoggingEvent temp new LoggingEvent newSize int loopLen newSize numElems newSize numElems for int i 0 i loopLen i temp i ea first ea first null if first numElems first 0 ea temp first 0 numElems loopLen maxSize newSize if loopLen newSize last 0 else last loopLen"
org.apache.log4j.WriterAppender,20,2,2,10,40,112,4,6,13,0.684210526,296,1.0,1,0.514285714,0.19375,1,3,13.65,5,1.85,3,PackageDeclaration_org.apache.log4j ClassDeclaration_WriterAppender FieldDeclaration_ FieldDeclaration_ FieldDeclaration_ ConstructorDeclaration_WriterAppender ConstructorDeclaration_WriterAppender FormalParameter_layout FormalParameter_os StatementExpression_ ConstructorDeclaration_WriterAppender FormalParameter_layout FormalParameter_writer StatementExpression_ StatementExpression_ MethodInvocation_ MethodDeclaration_setImmediateFlush FormalParameter_value StatementExpression_ MethodDeclaration_getImmediateFlush ReturnStatement_ MethodDeclaration_activateOptions MethodDeclaration_append FormalParameter_event IfStatement_ MethodInvocation_ BlockStatement_ ReturnStatement_ StatementExpression_ MethodInvocation_ MethodDeclaration_checkEntryConditions IfStatement_ BlockStatement_ StatementExpression_ MethodInvocation_ ReturnStatement_ IfStatement_ BlockStatement_ StatementExpression_ MethodInvocation_ ReturnStatement_ IfStatement_ BlockStatement_ StatementExpression_ MethodInvocation_ ReturnStatement_ ReturnStatement_ MethodDeclaration_close IfStatement_ ReturnStatement_ StatementExpression_ StatementExpression_ MethodInvocation_ StatementExpression_ MethodInvocation_ MethodDeclaration_closeWriter IfStatement_ BlockStatement_ TryStatement_ StatementExpression_ MethodInvocation_ CatchClause_ CatchClauseParameter_e StatementExpression_ MethodInvocation_ MethodDeclaration_createWriter FormalParameter_os LocalVariableDeclaration_ LocalVariableDeclaration_ MethodInvocation_ IfStatement_ BlockStatement_ TryStatement_ StatementExpression_ CatchClause_ CatchClauseParameter_e StatementExpression_ MethodInvocation_ StatementExpression_ MethodInvocation_ IfStatement_ BlockStatement_ StatementExpression_ ReturnStatement_ MethodDeclaration_getEncoding ReturnStatement_ MethodDeclaration_setEncoding FormalParameter_value StatementExpression_ MethodDeclaration_setErrorHandler FormalParameter_eh IfStatement_ BlockStatement_ StatementExpression_ MethodInvocation_ BlockStatement_ StatementExpression_ IfStatement_ BlockStatement_ StatementExpression_ MethodInvocation_ MethodDeclaration_setWriter FormalParameter_writer StatementExpression_ MethodInvocation_ StatementExpression_ StatementExpression_ MethodInvocation_ MethodDeclaration_subAppend FormalParameter_event StatementExpression_ MethodInvocation_ MethodInvocation_ IfStatement_ MethodInvocation_ BlockStatement_ LocalVariableDeclaration_ MethodInvocation_ IfStatement_ BlockStatement_ LocalVariableDeclaration_ ForStatement_ VariableDeclaration_ BlockStatement_ StatementExpression_ MethodInvocation_ StatementExpression_ MethodInvocation_ IfStatement_ BlockStatement_ StatementExpression_ MethodInvocation_ MethodDeclaration_requiresLayout ReturnStatement_ MethodDeclaration_reset StatementExpression_ MethodInvocation_ StatementExpression_ MethodDeclaration_writeFooter IfStatement_ BlockStatement_ LocalVariableDeclaration_ MethodInvocation_ IfStatement_ BlockStatement_ StatementExpression_ MethodInvocation_ StatementExpression_ MethodInvocation_ MethodDeclaration_writeHeader IfStatement_ BlockStatement_ LocalVariableDeclaration_ MethodInvocation_ IfStatement_ StatementExpression_ MethodInvocation_,"package org apache log4j import java io IOException import java io Writer import java io OutputStream import java io OutputStreamWriter import org apache log4j spi ErrorHandler import org apache log4j spi LoggingEvent import org apache log4j helpers QuietWriter import org apache log4j helpers LogLog public class WriterAppender extends AppenderSkeleton protected boolean immediateFlush true protected String encoding protected QuietWriter qw public WriterAppender public WriterAppender Layout layout OutputStream os this layout new OutputStreamWriter os public WriterAppender Layout layout Writer writer this layout layout this setWriter writer public void setImmediateFlush boolean value immediateFlush value public boolean getImmediateFlush return immediateFlush public void activateOptions public void append LoggingEvent event if checkEntryConditions return subAppend event protected boolean checkEntryConditions if this closed LogLog warn ""Not allowed to write to a closed appender."" return false if this qw null errorHandler error ""No output stream or file set for the appender named ["" name ""]."" return false if this layout null errorHandler error ""No layout set for the appender named ["" name ""]."" return false return true public synchronized void close if this closed return this closed true writeFooter reset protected void closeWriter if qw null try qw close catch IOException e LogLog error ""Could not close "" qw e protected OutputStreamWriter createWriter OutputStream os OutputStreamWriter retval null String enc getEncoding if enc null try retval new OutputStreamWriter os enc catch IOException e LogLog warn ""Error initializing output writer."" LogLog warn ""Unsupported encoding?"" if retval null retval new OutputStreamWriter os return retval public String getEncoding return encoding public void setEncoding String value encoding value public synchronized void setErrorHandler ErrorHandler eh if eh null LogLog warn ""You have tried to set a null error-handler."" else this errorHandler eh if this qw null this qw setErrorHandler eh public synchronized void setWriter Writer writer reset this qw new QuietWriter writer errorHandler writeHeader protected void subAppend LoggingEvent event this qw write this layout format event if layout ignoresThrowable String s event getThrowableStrRep if s null int len s length for int i 0 i len i this qw write s i this qw write Layout LINE_SEP if this immediateFlush this qw flush public boolean requiresLayout return true protected void reset closeWriter this qw null protected void writeFooter if layout null String f layout getFooter if f null this qw null this qw write f this qw flush protected void writeHeader if layout null String h layout getHeader if h null this qw null this qw write h"
org.apache.log4j.helpers.SyslogQuietWriter,4,4,0,3,10,0,1,2,4,0.5,41,0.0,0,0.875,0.5,2,2,8.75,1,0.75,2,PackageDeclaration_org.apache.log4j.helpers ClassDeclaration_SyslogQuietWriter FieldDeclaration_ FieldDeclaration_ ConstructorDeclaration_SyslogQuietWriter FormalParameter_writer FormalParameter_syslogFacility FormalParameter_eh StatementExpression_ StatementExpression_ MethodDeclaration_setLevel FormalParameter_level StatementExpression_ MethodDeclaration_setSyslogFacility FormalParameter_syslogFacility StatementExpression_ MethodDeclaration_write FormalParameter_string StatementExpression_,"package org apache log4j helpers import java io Writer import org apache log4j spi ErrorHandler public class SyslogQuietWriter extends QuietWriter int syslogFacility int level public SyslogQuietWriter Writer writer int syslogFacility ErrorHandler eh super writer eh this syslogFacility syslogFacility public void setLevel int level this level level public void setSyslogFacility int syslogFacility this syslogFacility syslogFacility public void write String string super write ""<"" syslogFacility level "">"" string"
org.apache.log4j.performance.SystemTime,5,1,0,0,14,4,0,0,2,0.25,80,0.0,0,0.0,0.25,0,0,14.8,2,1.0,3,PackageDeclaration_org.apache.log4j.performance ClassDeclaration_SystemTime FieldDeclaration_ MethodDeclaration_main FormalParameter_args LocalVariableDeclaration_ MethodInvocation_ StatementExpression_ MethodInvocation_ StatementExpression_ MethodInvocation_ StatementExpression_ MethodInvocation_ MethodDeclaration_systemCurrentTimeLoop LocalVariableDeclaration_ MethodInvocation_ LocalVariableDeclaration_ ForStatement_ VariableDeclaration_ BlockStatement_ StatementExpression_ MethodInvocation_ ReturnStatement_ MethodInvocation_ MethodDeclaration_currentThreadNameloop LocalVariableDeclaration_ MethodInvocation_ LocalVariableDeclaration_ ForStatement_ VariableDeclaration_ BlockStatement_ StatementExpression_ MethodInvocation_ MethodInvocation_ ReturnStatement_ MethodInvocation_,"package org apache log4j performance public class SystemTime static int RUN_LENGTH 1000000 static public void main String args double t systemCurrentTimeLoop System out println ""Average System.currentTimeMillis() call took "" t t currentThreadNameloop System out println ""Average Thread.currentThread().getName() call took "" t static double systemCurrentTimeLoop long before System currentTimeMillis long l for int i 0 i RUN_LENGTH i l System currentTimeMillis return System currentTimeMillis before 1000.0 RUN_LENGTH static double currentThreadNameloop long before System currentTimeMillis String t for int i 0 i RUN_LENGTH i t Thread currentThread getName return System currentTimeMillis before 1000.0 RUN_LENGTH"
org.apache.log4j.helpers.SyslogWriter,5,2,0,2,18,8,1,1,5,0.75,88,0.5,0,0.764705882,0.45,1,2,15.8,1,0.8,7,PackageDeclaration_org.apache.log4j.helpers ClassDeclaration_SyslogWriter FieldDeclaration_ FieldDeclaration_ FieldDeclaration_ FieldDeclaration_ ConstructorDeclaration_SyslogWriter FormalParameter_syslogHost StatementExpression_ TryStatement_ StatementExpression_ MethodInvocation_ CatchClause_ CatchClauseParameter_e StatementExpression_ MethodInvocation_ TryStatement_ StatementExpression_ CatchClause_ CatchClauseParameter_e StatementExpression_ MethodInvocation_ StatementExpression_ MethodInvocation_ MethodDeclaration_write FormalParameter_buf FormalParameter_off FormalParameter_len StatementExpression_ MethodInvocation_ MethodDeclaration_write FormalParameter_string LocalVariableDeclaration_ MethodInvocation_ MethodInvocation_ IfStatement_ StatementExpression_ MethodInvocation_ MethodDeclaration_flush MethodDeclaration_close,"package org apache log4j helpers import java io Writer import java net DatagramSocket import java net InetAddress import java net DatagramPacket import java net UnknownHostException import java net SocketException import java io IOException public class SyslogWriter extends Writer final int SYSLOG_PORT 514 static String syslogHost private InetAddress address private DatagramSocket ds public SyslogWriter String syslogHost this syslogHost syslogHost try this address InetAddress getByName syslogHost catch UnknownHostException e LogLog error ""Could not find "" syslogHost "". All logging will FAIL."" e try this ds new DatagramSocket catch SocketException e e printStackTrace LogLog error ""Could not instantiate DatagramSocket to "" syslogHost "". All logging will FAIL."" e public void write char buf int off int len throws IOException this write new String buf off len public void write String string throws IOException DatagramPacket packet new DatagramPacket string getBytes string length address SYSLOG_PORT if this ds null ds send packet public void flush public void close"
org.apache.log4j.chainsaw.LoggingReceiver,6,2,0,5,25,5,2,4,1,0.8,94,0.75,2,0.938461538,0.24,1,1,14.0,1,0.6667,3,PackageDeclaration_org.apache.log4j.chainsaw ClassDeclaration_LoggingReceiver FieldDeclaration_ MethodInvocation_ ClassDeclaration_Slurper FieldDeclaration_ ConstructorDeclaration_Slurper FormalParameter_aClient StatementExpression_ MethodDeclaration_run StatementExpression_ MethodInvocation_ TryStatement_ LocalVariableDeclaration_ MethodInvocation_ WhileStatement_ BlockStatement_ LocalVariableDeclaration_ MethodInvocation_ StatementExpression_ MethodInvocation_ CatchClause_ CatchClauseParameter_e StatementExpression_ MethodInvocation_ CatchClause_ CatchClauseParameter_e StatementExpression_ MethodInvocation_ CatchClause_ CatchClauseParameter_e StatementExpression_ MethodInvocation_ CatchClause_ CatchClauseParameter_e StatementExpression_ MethodInvocation_ TryStatement_ StatementExpression_ MethodInvocation_ CatchClause_ CatchClauseParameter_e StatementExpression_ MethodInvocation_ FieldDeclaration_ FieldDeclaration_ ConstructorDeclaration_LoggingReceiver FormalParameter_aModel FormalParameter_aPort StatementExpression_ MethodInvocation_ StatementExpression_ StatementExpression_ MethodDeclaration_run StatementExpression_ MethodInvocation_ TryStatement_ WhileStatement_ BlockStatement_ StatementExpression_ MethodInvocation_ LocalVariableDeclaration_ MethodInvocation_ StatementExpression_ MethodInvocation_ MethodInvocation_ MethodInvocation_ LocalVariableDeclaration_ StatementExpression_ MethodInvocation_ StatementExpression_ MethodInvocation_ CatchClause_ CatchClauseParameter_e StatementExpression_ MethodInvocation_,"package org apache log4j chainsaw import java io EOFException import java io IOException import java io ObjectInputStream import java net ServerSocket import java net Socket import java net SocketException import org apache log4j Logger import org apache log4j spi LoggingEvent class LoggingReceiver extends Thread private static final Logger logger Logger getLogger LoggingReceiver class private class Slurper implements Runnable private final Socket mClient Slurper Socket aClient mClient aClient public void run logger debug ""Starting to get data"" try final ObjectInputStream ois new ObjectInputStream mClient getInputStream while true final LoggingEvent event LoggingEvent ois readObject mModel addEvent new EventDetails event catch EOFException e logger info ""Reached EOF, closing connection"" catch SocketException e logger info ""Caught SocketException, closing connection"" catch IOException e logger warn ""Got IOException, closing connection"" e catch ClassNotFoundException e logger warn ""Got ClassNotFoundException, closing connection"" e try mClient close catch IOException e logger warn ""Error closing connection"" e private final MyTableModel mModel private final ServerSocket mSvrSock LoggingReceiver MyTableModel aModel int aPort throws IOException setDaemon true mModel aModel mSvrSock new ServerSocket aPort public void run logger info ""Thread started"" try while true logger debug ""Waiting for a connection"" final Socket client mSvrSock accept logger debug ""Got a connection from "" client getInetAddress getHostName final Thread t new Thread new Slurper client t setDaemon true t start catch IOException e logger error ""Error in accepting connections, stopping."" e"
org.apache.log4j.spi.ErrorCode,0,1,0,0,0,0,0,0,0,2.0,7,0.0,0,0.0,0.0,0,0,0.0,0,0.0,2,PackageDeclaration_org.apache.log4j.spi InterfaceDeclaration_ErrorCode ConstantDeclaration_ ConstantDeclaration_ ConstantDeclaration_ ConstantDeclaration_ ConstantDeclaration_ ConstantDeclaration_ ConstantDeclaration_,package org apache log4j spi public interface ErrorCode public final int GENERIC_FAILURE 0 public final int WRITE_FAILURE 1 public final int FLUSH_FAILURE 2 public final int CLOSE_FAILURE 3 public final int FILE_OPEN_FAILURE 4 public final int MISSING_LAYOUT 5 public final int ADDRESS_PARSE_FAILURE 6
org.apache.log4j.test.CategoryWrapper,7,1,0,6,22,11,0,6,3,0.666666667,107,0.0,1,0.0,0.375,0,0,13.85714286,2,0.8571,1,PackageDeclaration_org.apache.log4j.test ClassDeclaration_CategoryWrapper FieldDeclaration_ FieldDeclaration_ MethodInvocation_ ConstructorDeclaration_CategoryWrapper FormalParameter_name StatementExpression_ MethodInvocation_ MethodDeclaration_main FormalParameter_argv LocalVariableDeclaration_ LocalVariableDeclaration_ LocalVariableDeclaration_ StatementExpression_ MethodInvocation_ StatementExpression_ MethodInvocation_ MethodDeclaration_addAppender FormalParameter_appender StatementExpression_ MethodInvocation_ MethodDeclaration_print FormalParameter_msg StatementExpression_ MethodInvocation_ MethodDeclaration_Usage FormalParameter_msg StatementExpression_ MethodInvocation_ StatementExpression_ MethodInvocation_ MethodInvocation_ StatementExpression_ MethodInvocation_,"package org apache log4j test import org apache log4j public class CategoryWrapper Category c static String FQCN CategoryWrapper class getName CategoryWrapper String name c Category getInstance name public static void main String argv Layout layout new PatternLayout ""%p [%t] %C %F - %m\n"" Appender out new ConsoleAppender layout ConsoleAppender SYSTEM_OUT CategoryWrapper w1 new CategoryWrapper ""c1"" w1 addAppender out w1 print ""hello"" public void addAppender Appender appender c addAppender appender public void print String msg c log FQCN "".print"" Priority DEBUG msg null static void Usage String msg System err println msg System err println ""Usage: java "" CategoryWrapper class getName "" fileName"" System exit 1"
org.apache.log4j.lf5.AppenderFinalizer,2,1,0,2,5,0,1,1,1,0.0,19,1.0,1,0.0,0.75,0,0,8.0,1,0.5,2,PackageDeclaration_org.apache.log4j.lf5 ClassDeclaration_AppenderFinalizer FieldDeclaration_ ConstructorDeclaration_AppenderFinalizer FormalParameter_defaultMonitor StatementExpression_ MethodDeclaration_finalize StatementExpression_ MethodInvocation_ StatementExpression_ MethodInvocation_,"package org apache log4j lf5 import org apache log4j lf5 viewer LogBrokerMonitor public class AppenderFinalizer protected LogBrokerMonitor _defaultMonitor null public AppenderFinalizer LogBrokerMonitor defaultMonitor _defaultMonitor defaultMonitor protected void finalize throws Throwable System out println ""Disposing of the default LogBrokerMonitor instance"" _defaultMonitor dispose"
org.apache.log4j.helpers.AppenderAttachableImpl,9,1,0,6,23,0,3,3,9,0.125,208,1.0,0,0.0,0.416666667,0,0,22.0,5,3.3333,2,PackageDeclaration_org.apache.log4j.helpers ClassDeclaration_AppenderAttachableImpl FieldDeclaration_ MethodDeclaration_addAppender FormalParameter_newAppender IfStatement_ ReturnStatement_ IfStatement_ BlockStatement_ StatementExpression_ IfStatement_ MethodInvocation_ StatementExpression_ MethodInvocation_ MethodDeclaration_appendLoopOnAppenders FormalParameter_event LocalVariableDeclaration_ LocalVariableDeclaration_ IfStatement_ BlockStatement_ StatementExpression_ MethodInvocation_ ForStatement_ VariableDeclaration_ BlockStatement_ StatementExpression_ MethodInvocation_ StatementExpression_ MethodInvocation_ ReturnStatement_ MethodDeclaration_getAllAppenders IfStatement_ ReturnStatement_ ReturnStatement_ MethodInvocation_ MethodDeclaration_getAppender FormalParameter_name IfStatement_ ReturnStatement_ LocalVariableDeclaration_ MethodInvocation_ LocalVariableDeclaration_ ForStatement_ VariableDeclaration_ BlockStatement_ StatementExpression_ MethodInvocation_ IfStatement_ MethodInvocation_ MethodInvocation_ ReturnStatement_ ReturnStatement_ MethodDeclaration_isAttached FormalParameter_appender IfStatement_ ReturnStatement_ LocalVariableDeclaration_ MethodInvocation_ LocalVariableDeclaration_ ForStatement_ VariableDeclaration_ BlockStatement_ StatementExpression_ MethodInvocation_ IfStatement_ ReturnStatement_ ReturnStatement_ MethodDeclaration_removeAllAppenders IfStatement_ BlockStatement_ LocalVariableDeclaration_ MethodInvocation_ ForStatement_ VariableDeclaration_ BlockStatement_ LocalVariableDeclaration_ MethodInvocation_ StatementExpression_ MethodInvocation_ StatementExpression_ MethodInvocation_ StatementExpression_ MethodDeclaration_removeAppender FormalParameter_appender IfStatement_ ReturnStatement_ StatementExpression_ MethodInvocation_ MethodDeclaration_removeAppender FormalParameter_name IfStatement_ ReturnStatement_ LocalVariableDeclaration_ MethodInvocation_ ForStatement_ VariableDeclaration_ BlockStatement_ IfStatement_ MethodInvocation_ MethodInvocation_ BlockStatement_ StatementExpression_ MethodInvocation_ BreakStatement_,package org apache log4j helpers import org apache log4j spi AppenderAttachable import org apache log4j spi LoggingEvent import org apache log4j Appender import java util Vector import java util Enumeration public class AppenderAttachableImpl implements AppenderAttachable protected Vector appenderList public void addAppender Appender newAppender if newAppender null return if appenderList null appenderList new Vector 1 if appenderList contains newAppender appenderList addElement newAppender public int appendLoopOnAppenders LoggingEvent event int size 0 Appender appender if appenderList null size appenderList size for int i 0 i size i appender Appender appenderList elementAt i appender doAppend event return size public Enumeration getAllAppenders if appenderList null return null else return appenderList elements public Appender getAppender String name if appenderList null name null return null int size appenderList size Appender appender for int i 0 i size i appender Appender appenderList elementAt i if name equals appender getName return appender return null public boolean isAttached Appender appender if appenderList null appender null return false int size appenderList size Appender a for int i 0 i size i a Appender appenderList elementAt i if a appender return true return false public void removeAllAppenders if appenderList null int len appenderList size for int i 0 i len i Appender a Appender appenderList elementAt i a close appenderList removeAllElements appenderList null public void removeAppender Appender appender if appender null appenderList null return appenderList removeElement appender public void removeAppender String name if name null appenderList null return int size appenderList size for int i 0 i size i if name equals Appender appenderList elementAt i getName appenderList removeElementAt i break
org.apache.log4j.test.Base64,5,1,0,0,15,8,0,0,1,0.833333333,479,0.0,0,0.0,0.3125,0,0,94.2,7,2.0,0,PackageDeclaration_org.apache.log4j.test ClassDeclaration_Base64 FieldDeclaration_ FieldDeclaration_ FieldDeclaration_ ForStatement_ VariableDeclaration_ BlockStatement_ StatementExpression_ StatementExpression_ ForStatement_ VariableDeclaration_ BlockStatement_ StatementExpression_ StatementExpression_ StatementExpression_ MethodDeclaration_toString FormalParameter_inbuf ReturnStatement_ MethodInvocation_ MethodDeclaration_toString FormalParameter_inbuf FormalParameter_offset FormalParameter_length LocalVariableDeclaration_ LocalVariableDeclaration_ LocalVariableDeclaration_ LocalVariableDeclaration_ LocalVariableDeclaration_ LocalVariableDeclaration_ LocalVariableDeclaration_ LocalVariableDeclaration_ WhileStatement_ BlockStatement_ StatementExpression_ StatementExpression_ ForStatement_ BlockStatement_ IfStatement_ BlockStatement_ StatementExpression_ BreakStatement_ StatementExpression_ StatementExpression_ WhileStatement_ BlockStatement_ StatementExpression_ StatementExpression_ MethodInvocation_ IfStatement_ BlockStatement_ StatementExpression_ MethodInvocation_ StatementExpression_ MethodInvocation_ IfStatement_ BlockStatement_ StatementExpression_ MethodInvocation_ StatementExpression_ MethodInvocation_ ReturnStatement_ MethodInvocation_ MethodDeclaration_main FormalParameter_args LocalVariableDeclaration_ WhileStatement_ BlockStatement_ TryStatement_ LocalVariableDeclaration_ MethodInvocation_ IfStatement_ BreakStatement_ StatementExpression_ MethodInvocation_ StatementExpression_ MethodInvocation_ MethodInvocation_ CatchClause_ CatchClauseParameter_e StatementExpression_ MethodInvocation_,"package org apache log4j test class Base64 final static int MAX_LINE 76 static byte asciiEncoding 65 66 67 68 69 70 71 72 73 74 75 76 77 78 79 80 81 82 83 84 85 86 87 88 89 90 97 98 99 100 101 102 103 104 105 106 107 108 109 110 111 112 113 114 115 116 117 118 119 120 121 122 48 49 50 51 52 53 54 55 56 57 43 47 static char charEnc new char 64 static for int i 0 i 26 i charEnc i char 'A' i charEnc i 26 char 'a' i for int i 0 i 10 i charEnc i 52 char '0' i charEnc 62 '+' charEnc 63 '/' static String toString byte inbuf return toString inbuf 0 inbuf length static String toString byte inbuf int offset int length StringBuffer output new StringBuffer length 4 3 1 int in char out new char 4 int i offset boolean ended false int last offset length int j int bitsRead while ended in 0 bitsRead 0 for j 0 j 3 j if i last ended true break in in 8 inbuf i 0xFF bitsRead 8 while bitsRead 6 bitsRead 6 output append charEnc in bitsRead 0x3F if bitsRead 4 output append charEnc in 0x0F 2 output append ""="" else if bitsRead 2 output append charEnc in 0x03 4 output append ""=="" return output toString public static void main String args byte inbuf new byte MAX_LINE while true try int read System in read inbuf 0 MAX_LINE if read 1 break System out println ""Read "" read "" chars."" System out println Base64 toString inbuf 0 read catch Exception e System out println ""Exception "" e"
org.apache.log4j.lf5.util.Resource,7,1,0,3,11,15,3,1,7,0.666666667,49,1.0,0,0.0,0.642857143,0,0,5.857142857,2,0.8571,2,PackageDeclaration_org.apache.log4j.lf5.util ClassDeclaration_Resource FieldDeclaration_ ConstructorDeclaration_Resource StatementExpression_ ConstructorDeclaration_Resource FormalParameter_name StatementExpression_ MethodDeclaration_setName FormalParameter_name StatementExpression_ MethodDeclaration_getName ReturnStatement_ MethodDeclaration_getInputStream LocalVariableDeclaration_ MethodInvocation_ ReturnStatement_ MethodDeclaration_getInputStreamReader LocalVariableDeclaration_ MethodInvocation_ IfStatement_ BlockStatement_ ReturnStatement_ LocalVariableDeclaration_ ReturnStatement_ MethodDeclaration_getURL ReturnStatement_ MethodInvocation_,package org apache log4j lf5 util import java io InputStream import java io InputStreamReader import java net URL public class Resource protected String _name public Resource super public Resource String name _name name public void setName String name _name name public String getName return _name public InputStream getInputStream InputStream in ResourceUtils getResourceAsStream this this return in public InputStreamReader getInputStreamReader InputStream in ResourceUtils getResourceAsStream this this if in null return null InputStreamReader reader new InputStreamReader in return reader public URL getURL return ResourceUtils getResourceAsURL this this
org.apache.log4j.lf5.LogRecord,28,1,2,17,46,306,16,1,26,0.912457912,236,1.0,1,0.0,0.259259259,0,0,7.035714286,4,1.1429,2,PackageDeclaration_org.apache.log4j.lf5 ClassDeclaration_LogRecord FieldDeclaration_ FieldDeclaration_ FieldDeclaration_ FieldDeclaration_ FieldDeclaration_ FieldDeclaration_ FieldDeclaration_ FieldDeclaration_ FieldDeclaration_ FieldDeclaration_ FieldDeclaration_ ConstructorDeclaration_LogRecord StatementExpression_ StatementExpression_ MethodInvocation_ StatementExpression_ StatementExpression_ StatementExpression_ StatementExpression_ MethodInvocation_ StatementExpression_ MethodInvocation_ MethodInvocation_ StatementExpression_ StatementExpression_ MethodDeclaration_getLevel ReturnStatement_ MethodDeclaration_setLevel FormalParameter_level StatementExpression_ MethodDeclaration_isSevereLevel MethodDeclaration_hasThrown LocalVariableDeclaration_ MethodInvocation_ IfStatement_ BlockStatement_ ReturnStatement_ LocalVariableDeclaration_ MethodInvocation_ ReturnStatement_ MethodInvocation_ MethodInvocation_ MethodDeclaration_isFatal ReturnStatement_ MethodInvocation_ MethodInvocation_ MethodDeclaration_getCategory ReturnStatement_ MethodDeclaration_setCategory FormalParameter_category StatementExpression_ MethodDeclaration_getMessage ReturnStatement_ MethodDeclaration_setMessage FormalParameter_message StatementExpression_ MethodDeclaration_getSequenceNumber ReturnStatement_ MethodDeclaration_setSequenceNumber FormalParameter_number StatementExpression_ MethodDeclaration_getMillis ReturnStatement_ MethodDeclaration_setMillis FormalParameter_millis StatementExpression_ MethodDeclaration_getThreadDescription ReturnStatement_ MethodDeclaration_setThreadDescription FormalParameter_threadDescription StatementExpression_ MethodDeclaration_getThrownStackTrace ReturnStatement_ MethodDeclaration_setThrownStackTrace FormalParameter_trace StatementExpression_ MethodDeclaration_getThrown ReturnStatement_ MethodDeclaration_setThrown FormalParameter_thrown IfStatement_ BlockStatement_ ReturnStatement_ StatementExpression_ LocalVariableDeclaration_ LocalVariableDeclaration_ StatementExpression_ MethodInvocation_ StatementExpression_ MethodInvocation_ StatementExpression_ MethodInvocation_ TryStatement_ StatementExpression_ MethodInvocation_ StatementExpression_ MethodInvocation_ CatchClause_ CatchClauseParameter_e StatementExpression_ StatementExpression_ MethodDeclaration_toString LocalVariableDeclaration_ StatementExpression_ MethodInvocation_ ReturnStatement_ MethodInvocation_ MethodDeclaration_getNDC ReturnStatement_ MethodDeclaration_setNDC FormalParameter_ndc StatementExpression_ MethodDeclaration_getLocation ReturnStatement_ MethodDeclaration_setLocation FormalParameter_location StatementExpression_ MethodDeclaration_resetSequenceNumber StatementExpression_ MethodDeclaration_getNextId StatementExpression_ ReturnStatement_,"package org apache log4j lf5 import java io IOException import java io PrintWriter import java io StringWriter public abstract class LogRecord implements java io Serializable protected static long _seqCount 0 protected LogLevel _level protected String _message protected long _sequenceNumber protected long _millis protected String _category protected String _thread protected String _thrownStackTrace protected Throwable _thrown protected String _ndc protected String _location public LogRecord super _millis System currentTimeMillis _category ""Debug"" _message """" _level LogLevel INFO _sequenceNumber getNextId _thread Thread currentThread toString _ndc """" _location """" public LogLevel getLevel return _level public void setLevel LogLevel level _level level public abstract boolean isSevereLevel public boolean hasThrown Throwable thrown getThrown if thrown null return false String thrownString thrown toString return thrownString null thrownString trim length 0 public boolean isFatal return isSevereLevel hasThrown public String getCategory return _category public void setCategory String category _category category public String getMessage return _message public void setMessage String message _message message public long getSequenceNumber return _sequenceNumber public void setSequenceNumber long number _sequenceNumber number public long getMillis return _millis public void setMillis long millis _millis millis public String getThreadDescription return _thread public void setThreadDescription String threadDescription _thread threadDescription public String getThrownStackTrace return _thrownStackTrace public void setThrownStackTrace String trace _thrownStackTrace trace public Throwable getThrown return _thrown public void setThrown Throwable thrown if thrown null return _thrown thrown StringWriter sw new StringWriter PrintWriter out new PrintWriter sw thrown printStackTrace out out flush _thrownStackTrace sw toString try out close sw close catch IOException e out null sw null public String toString StringBuffer buf new StringBuffer buf append ""LogRecord: ["" _level "", "" _message ""]"" return buf toString public String getNDC return _ndc public void setNDC String ndc _ndc ndc public String getLocation return _location public void setLocation String location _location location public static synchronized void resetSequenceNumber _seqCount 0 protected static synchronized long getNextId _seqCount return _seqCount"
org.apache.log4j.helpers.AbsoluteTimeDateFormat,5,3,2,4,17,8,4,0,4,1.1,148,0.4,0,0.951219512,0.357142857,1,3,27.6,7,1.6,3,PackageDeclaration_org.apache.log4j.helpers ClassDeclaration_AbsoluteTimeDateFormat FieldDeclaration_ FieldDeclaration_ FieldDeclaration_ ConstructorDeclaration_AbsoluteTimeDateFormat StatementExpression_ MethodInvocation_ MethodInvocation_ ConstructorDeclaration_AbsoluteTimeDateFormat FormalParameter_timeZone StatementExpression_ MethodInvocation_ MethodInvocation_ FieldDeclaration_ FieldDeclaration_ MethodDeclaration_format FormalParameter_date FormalParameter_sbuf FormalParameter_fieldPosition LocalVariableDeclaration_ MethodInvocation_ LocalVariableDeclaration_ IfStatement_ BlockStatement_ StatementExpression_ MethodInvocation_ LocalVariableDeclaration_ MethodInvocation_ LocalVariableDeclaration_ MethodInvocation_ IfStatement_ BlockStatement_ StatementExpression_ MethodInvocation_ StatementExpression_ MethodInvocation_ StatementExpression_ MethodInvocation_ LocalVariableDeclaration_ MethodInvocation_ IfStatement_ BlockStatement_ StatementExpression_ MethodInvocation_ StatementExpression_ MethodInvocation_ StatementExpression_ MethodInvocation_ LocalVariableDeclaration_ MethodInvocation_ IfStatement_ BlockStatement_ StatementExpression_ MethodInvocation_ StatementExpression_ MethodInvocation_ StatementExpression_ MethodInvocation_ StatementExpression_ MethodInvocation_ MethodInvocation_ StatementExpression_ BlockStatement_ StatementExpression_ MethodInvocation_ IfStatement_ StatementExpression_ MethodInvocation_ IfStatement_ StatementExpression_ MethodInvocation_ StatementExpression_ MethodInvocation_ ReturnStatement_ MethodDeclaration_parse FormalParameter_s FormalParameter_pos ReturnStatement_,"package org apache log4j helpers import java util Date import java util Calendar import java util TimeZone import java text FieldPosition import java text ParsePosition import java text DateFormat public class AbsoluteTimeDateFormat extends DateFormat public final static String ABS_TIME_DATE_FORMAT ""ABSOLUTE"" public final static String DATE_AND_TIME_DATE_FORMAT ""DATE"" public final static String ISO8601_DATE_FORMAT ""ISO8601"" public AbsoluteTimeDateFormat setCalendar Calendar getInstance public AbsoluteTimeDateFormat TimeZone timeZone setCalendar Calendar getInstance timeZone private static long previousTime private static char previousTimeWithoutMillis new char 9 public StringBuffer format Date date StringBuffer sbuf FieldPosition fieldPosition long now date getTime int millis int now 1000 if now millis previousTime calendar setTime date int start sbuf length int hour calendar get Calendar HOUR_OF_DAY if hour 10 sbuf append '0' sbuf append hour sbuf append ':' int mins calendar get Calendar MINUTE if mins 10 sbuf append '0' sbuf append mins sbuf append ':' int secs calendar get Calendar SECOND if secs 10 sbuf append '0' sbuf append secs sbuf append ',' sbuf getChars start sbuf length previousTimeWithoutMillis 0 previousTime now millis else sbuf append previousTimeWithoutMillis if millis 100 sbuf append '0' if millis 10 sbuf append '0' sbuf append millis return sbuf public Date parse String s ParsePosition pos return null"
org.apache.log4j.helpers.ThreadLocalMap,2,3,0,1,4,1,1,0,2,2.0,15,0.0,0,0.933333333,0.75,0,0,6.5,2,1.0,2,PackageDeclaration_org.apache.log4j.helpers ClassDeclaration_ThreadLocalMap MethodDeclaration_childValue FormalParameter_parentValue LocalVariableDeclaration_ IfStatement_ BlockStatement_ ReturnStatement_ MethodInvocation_ BlockStatement_ ReturnStatement_,package org apache log4j helpers import java util Hashtable final public class ThreadLocalMap extends InheritableThreadLocal public final Object childValue Object parentValue Hashtable ht Hashtable parentValue if ht null return ht clone else return null
org.apache.log4j.lf5.viewer.configure.MRUFileManager,17,1,0,1,51,84,1,0,11,0.864583333,344,0.666666667,0,0.0,0.305882353,0,0,18.88235294,4,1.5294,2,PackageDeclaration_org.apache.log4j.lf5.viewer.configure ClassDeclaration_MRUFileManager FieldDeclaration_ FieldDeclaration_ FieldDeclaration_ FieldDeclaration_ FieldDeclaration_ FieldDeclaration_ ConstructorDeclaration_MRUFileManager StatementExpression_ MethodInvocation_ StatementExpression_ MethodInvocation_ ConstructorDeclaration_MRUFileManager FormalParameter_maxSize StatementExpression_ MethodInvocation_ StatementExpression_ MethodInvocation_ MethodDeclaration_save LocalVariableDeclaration_ MethodInvocation_ TryStatement_ LocalVariableDeclaration_ StatementExpression_ MethodInvocation_ StatementExpression_ MethodInvocation_ StatementExpression_ MethodInvocation_ CatchClause_ CatchClauseParameter_e StatementExpression_ MethodInvocation_ MethodDeclaration_size ReturnStatement_ MethodInvocation_ MethodDeclaration_getFile FormalParameter_index IfStatement_ MethodInvocation_ BlockStatement_ ReturnStatement_ MethodInvocation_ ReturnStatement_ MethodDeclaration_getInputStream FormalParameter_index IfStatement_ MethodInvocation_ BlockStatement_ LocalVariableDeclaration_ MethodInvocation_ IfStatement_ BlockStatement_ ReturnStatement_ MethodInvocation_ BlockStatement_ ReturnStatement_ MethodInvocation_ ReturnStatement_ MethodDeclaration_set FormalParameter_file StatementExpression_ MethodInvocation_ MethodDeclaration_set FormalParameter_url StatementExpression_ MethodInvocation_ MethodDeclaration_getMRUFileList IfStatement_ MethodInvocation_ BlockStatement_ ReturnStatement_ LocalVariableDeclaration_ MethodInvocation_ ForStatement_ VariableDeclaration_ MethodInvocation_ BlockStatement_ LocalVariableDeclaration_ MethodInvocation_ IfStatement_ BlockStatement_ StatementExpression_ BlockStatement_ StatementExpression_ MethodInvocation_ ReturnStatement_ MethodDeclaration_moveToTop FormalParameter_index StatementExpression_ MethodInvocation_ MethodInvocation_ MethodDeclaration_createConfigurationDirectory LocalVariableDeclaration_ MethodInvocation_ LocalVariableDeclaration_ MethodInvocation_ LocalVariableDeclaration_ IfStatement_ MethodInvocation_ BlockStatement_ TryStatement_ StatementExpression_ MethodInvocation_ CatchClause_ CatchClauseParameter_e StatementExpression_ MethodInvocation_ MethodDeclaration_getInputStream FormalParameter_file LocalVariableDeclaration_ ReturnStatement_ MethodDeclaration_getInputStream FormalParameter_url ReturnStatement_ MethodInvocation_ MethodDeclaration_setMRU FormalParameter_o LocalVariableDeclaration_ MethodInvocation_ IfStatement_ BlockStatement_ StatementExpression_ MethodInvocation_ StatementExpression_ MethodInvocation_ BlockStatement_ StatementExpression_ MethodInvocation_ MethodDeclaration_load StatementExpression_ MethodInvocation_ LocalVariableDeclaration_ MethodInvocation_ IfStatement_ MethodInvocation_ BlockStatement_ TryStatement_ LocalVariableDeclaration_ StatementExpression_ MethodInvocation_ StatementExpression_ MethodInvocation_ LocalVariableDeclaration_ MethodInvocation_ WhileStatement_ MethodInvocation_ BlockStatement_ LocalVariableDeclaration_ MethodInvocation_ IfStatement_ BlockStatement_ StatementExpression_ MethodInvocation_ CatchClause_ CatchClauseParameter_e StatementExpression_ BlockStatement_ StatementExpression_ MethodDeclaration_getFilename LocalVariableDeclaration_ MethodInvocation_ LocalVariableDeclaration_ MethodInvocation_ ReturnStatement_ MethodDeclaration_setMaxSize FormalParameter_maxSize IfStatement_ MethodInvocation_ BlockStatement_ ForStatement_ VariableDeclaration_ MethodInvocation_ BlockStatement_ StatementExpression_ MethodInvocation_ StatementExpression_,"package org apache log4j lf5 viewer configure import java io import java net URL import java util Iterator import java util LinkedList public class MRUFileManager private static final String CONFIG_FILE_NAME ""mru_file_manager"" private static final int DEFAULT_MAX_SIZE 3 public static final String UNIX_SEPARATOR ""/"" public static final String DOS_SEPARATOR ""\\"" private int _maxSize 0 private LinkedList _mruFileList public MRUFileManager load setMaxSize DEFAULT_MAX_SIZE public MRUFileManager int maxSize load setMaxSize maxSize public void save File file new File getFilename try ObjectOutputStream oos new ObjectOutputStream new FileOutputStream file oos writeObject _mruFileList oos flush oos close catch Exception e e printStackTrace public int size return _mruFileList size public Object getFile int index if index size return _mruFileList get index return null public InputStream getInputStream int index throws IOException FileNotFoundException if index size Object o getFile index if o instanceof File return getInputStream File o else return getInputStream URL o return null public void set File file setMRU file public void set URL url setMRU url public String getMRUFileList if size 0 return null String ss new String size for int i 0 i size i Object o getFile i if o instanceof File ss i File o getAbsolutePath else ss i o toString return ss public void moveToTop int index _mruFileList add 0 _mruFileList remove index public static void createConfigurationDirectory String home System getProperty ""user.home"" String sep home startsWith UNIX_SEPARATOR UNIX_SEPARATOR DOS_SEPARATOR File f new File home sep ""lf5"" if f exists try f mkdir catch SecurityException e e printStackTrace protected InputStream getInputStream File file throws IOException FileNotFoundException BufferedInputStream reader new BufferedInputStream new FileInputStream file return reader protected InputStream getInputStream URL url throws IOException return url openStream protected void setMRU Object o int index _mruFileList indexOf o if index 1 _mruFileList add 0 o setMaxSize _maxSize else moveToTop index protected void load createConfigurationDirectory File file new File getFilename if file exists try ObjectInputStream ois new ObjectInputStream new FileInputStream file _mruFileList LinkedList ois readObject ois close Iterator it _mruFileList iterator while it hasNext Object o it next if o instanceof File o instanceof URL it remove catch Exception e _mruFileList new LinkedList else _mruFileList new LinkedList protected String getFilename String home System getProperty ""user.home"" String sep home startsWith UNIX_SEPARATOR UNIX_SEPARATOR DOS_SEPARATOR return home sep ""lf5"" sep CONFIG_FILE_NAME protected void setMaxSize int maxSize if maxSize _mruFileList size for int i 0 i _mruFileList size maxSize i _mruFileList removeFirst _maxSize maxSize"
org.apache.log4j.or.ObjectRenderer,1,1,0,8,1,0,8,0,1,2.0,1,0.0,0,0.0,1.0,0,0,0.0,1,1.0,2,PackageDeclaration_org.apache.log4j.or InterfaceDeclaration_ObjectRenderer MethodDeclaration_doRender FormalParameter_o,package org apache log4j or public interface ObjectRenderer public String doRender Object o
org.apache.log4j.net.SocketNode,4,1,0,9,25,0,3,6,2,0.733333333,126,0.0,2,0.0,0.416666667,0,0,29.25,2,0.75,2,PackageDeclaration_org.apache.log4j.net ClassDeclaration_SocketNode FieldDeclaration_ FieldDeclaration_ FieldDeclaration_ FieldDeclaration_ MethodInvocation_ ConstructorDeclaration_SocketNode FormalParameter_socket FormalParameter_hierarchy StatementExpression_ StatementExpression_ TryStatement_ StatementExpression_ MethodInvocation_ CatchClause_ CatchClauseParameter_e StatementExpression_ MethodInvocation_ MethodDeclaration_run LocalVariableDeclaration_ LocalVariableDeclaration_ TryStatement_ WhileStatement_ BlockStatement_ StatementExpression_ MethodInvocation_ StatementExpression_ MethodInvocation_ StatementExpression_ IfStatement_ MethodInvocation_ MethodInvocation_ BlockStatement_ StatementExpression_ MethodInvocation_ CatchClause_ CatchClauseParameter_e StatementExpression_ MethodInvocation_ CatchClause_ CatchClauseParameter_e StatementExpression_ MethodInvocation_ CatchClause_ CatchClauseParameter_e StatementExpression_ MethodInvocation_ StatementExpression_ MethodInvocation_ CatchClause_ CatchClauseParameter_e StatementExpression_ MethodInvocation_ TryStatement_ StatementExpression_ MethodInvocation_ CatchClause_ CatchClauseParameter_e StatementExpression_ MethodInvocation_,"package org apache log4j net import java net Socket import java io IOException import java io ObjectInputStream import java io BufferedInputStream import org apache log4j import org apache log4j spi public class SocketNode implements Runnable Socket socket LoggerRepository hierarchy ObjectInputStream ois static Logger logger Logger getLogger SocketNode class public SocketNode Socket socket LoggerRepository hierarchy this socket socket this hierarchy hierarchy try ois new ObjectInputStream new BufferedInputStream socket getInputStream catch Exception e logger error ""Could not open ObjectInputStream to "" socket e public void run LoggingEvent event Logger remoteLogger try while true event LoggingEvent ois readObject remoteLogger hierarchy getLogger event categoryName event logger remoteLogger if event level isGreaterOrEqual remoteLogger getEffectiveLevel remoteLogger callAppenders event catch java io EOFException e logger info ""Caught java.io.EOFException closing conneciton."" catch java net SocketException e logger info ""Caught java.net.SocketException closing conneciton."" catch IOException e logger info ""Caught java.io.IOException: "" e logger info ""Closing connection."" catch Exception e logger error ""Unexpected exception. Closing conneciton."" e try ois close catch Exception e logger info ""Could not close connection."" e"
org.apache.log4j.performance.ListVsVector,5,1,0,1,17,0,0,1,2,0.5,163,0.0,1,0.0,0.25,0,0,30.8,3,1.4,2,PackageDeclaration_org.apache.log4j.performance ClassDeclaration_ListVsVector FieldDeclaration_ FieldDeclaration_ FieldDeclaration_ FieldDeclaration_ MethodDeclaration_main FormalParameter_args StatementExpression_ MethodInvocation_ StatementExpression_ MethodInvocation_ StatementExpression_ MethodInvocation_ StatementExpression_ MethodInvocation_ StatementExpression_ MethodInvocation_ LocalVariableDeclaration_ StatementExpression_ StatementExpression_ StatementExpression_ StatementExpression_ StatementExpression_ StatementExpression_ StatementExpression_ StatementExpression_ LocalVariableDeclaration_ StatementExpression_ MethodInvocation_ StatementExpression_ MethodInvocation_ StatementExpression_ MethodInvocation_ StatementExpression_ MethodInvocation_ MethodDeclaration_loopChain LocalVariableDeclaration_ MethodInvocation_ LocalVariableDeclaration_ ForStatement_ VariableDeclaration_ BlockStatement_ StatementExpression_ WhileStatement_ BlockStatement_ StatementExpression_ StatementExpression_ ReturnStatement_ MethodInvocation_ MethodDeclaration_loopVector LocalVariableDeclaration_ MethodInvocation_ LocalVariableDeclaration_ MethodInvocation_ ForStatement_ VariableDeclaration_ BlockStatement_ ForStatement_ VariableDeclaration_ StatementExpression_ MethodInvocation_ ReturnStatement_ MethodInvocation_ ClassDeclaration_Chain FieldDeclaration_ FieldDeclaration_ ConstructorDeclaration_Chain FormalParameter_s StatementExpression_ MethodDeclaration_setNext FormalParameter_c StatementExpression_,"package org apache log4j performance import java util Vector public class ListVsVector static int RUN_LENGTH 1000000 static Vector v new Vector static Chain head static String tmp static public void main String args v addElement ""aaa"" v addElement ""bbb"" v addElement ""ccc"" v addElement ""ddd"" v addElement ""eee"" Chain c new Chain ""aaa"" head c c next new Chain ""bbb"" c c next c next new Chain ""ccc"" c c next c next new Chain ""ddd"" c c next c next new Chain ""eee"" double t t loopChain System out println ""Looping thourgh the chain took "" t t loopVector System out println ""Looping thourgh the vector took "" t static double loopChain long before System currentTimeMillis Chain c for int i 0 i RUN_LENGTH i c head while c null tmp c s c c next return System currentTimeMillis before 1000.0 RUN_LENGTH static double loopVector long before System currentTimeMillis int size v size for int i 0 i RUN_LENGTH i for int j 0 j size j tmp String v elementAt j return System currentTimeMillis before 1000.0 RUN_LENGTH static class Chain public String s public Chain next Chain String s this s s void setNext Chain c next c"
org.apache.log4j.spi.TriggeringEventEvaluator,1,1,0,3,1,0,2,1,1,2.0,1,0.0,0,0.0,1.0,0,0,0.0,1,1.0,2,PackageDeclaration_org.apache.log4j.spi InterfaceDeclaration_TriggeringEventEvaluator MethodDeclaration_isTriggeringEvent FormalParameter_event,package org apache log4j spi public interface TriggeringEventEvaluator public boolean isTriggeringEvent LoggingEvent event
org.apache.log4j.test.MultipleAppenders,2,1,0,3,20,1,0,3,2,2.0,85,0.0,0,0.0,0.5,0,0,41.5,6,3.0,1,PackageDeclaration_org.apache.log4j.test ClassDeclaration_MultipleAppenders MethodDeclaration_main FormalParameter_argv StatementExpression_ MethodInvocation_ LocalVariableDeclaration_ MethodInvocation_ LocalVariableDeclaration_ MethodInvocation_ LocalVariableDeclaration_ WhileStatement_ MethodInvocation_ BlockStatement_ LocalVariableDeclaration_ MethodInvocation_ StatementExpression_ MethodInvocation_ LocalVariableDeclaration_ MethodInvocation_ IfStatement_ MethodInvocation_ BlockStatement_ StatementExpression_ MethodInvocation_ StatementExpression_ MethodInvocation_ StatementExpression_ MethodInvocation_ StatementExpression_ MethodInvocation_ LocalVariableDeclaration_ MethodInvocation_ ForStatement_ VariableDeclaration_ MethodInvocation_ BlockStatement_ IfStatement_ MethodInvocation_ MethodInvocation_ BlockStatement_ IfStatement_ MethodInvocation_ BlockStatement_ StatementExpression_ MethodInvocation_ StatementExpression_ MethodInvocation_ StatementExpression_ MethodInvocation_,"package org apache log4j test import org apache log4j PropertyConfigurator import org apache log4j Category import org apache log4j Appender import java util Enumeration import java util Vector public class MultipleAppenders public static void main String argv PropertyConfigurator configure argv 0 Category root Category getRoot Enumeration e1 root getAllAppenders Vector v new Vector 1 while e1 hasMoreElements Appender a Appender e1 nextElement v addElement a String appenderName a getName if a root getAppender appenderName System out println appenderName "" lookup failed. Exiting."" System exit 1 root addAppender a root addAppender null Enumeration e2 root getAllAppenders for int i 0 i v size i if v elementAt i e2 nextElement if e2 hasMoreElements System out println ""Failure, e2 has remaining elements. Exiting."" System exit 1 System out println ""OK"""
org.apache.log4j.lf5.viewer.LogTable,10,5,0,20,41,25,16,5,8,0.930555556,311,1.0,2,0.989130435,0.28,3,3,28.5,3,1.5,3,PackageDeclaration_org.apache.log4j.lf5.viewer ClassDeclaration_LogTable FieldDeclaration_ FieldDeclaration_ FieldDeclaration_ FieldDeclaration_ FieldDeclaration_ FieldDeclaration_ MethodInvocation_ FieldDeclaration_ FieldDeclaration_ FieldDeclaration_ FieldDeclaration_ FieldDeclaration_ FieldDeclaration_ FieldDeclaration_ FieldDeclaration_ FieldDeclaration_ FieldDeclaration_ ConstructorDeclaration_LogTable FormalParameter_detailTextArea StatementExpression_ StatementExpression_ MethodInvocation_ StatementExpression_ StatementExpression_ MethodInvocation_ LocalVariableDeclaration_ MethodInvocation_ MethodInvocation_ LocalVariableDeclaration_ WhileStatement_ MethodInvocation_ BlockStatement_ LocalVariableDeclaration_ MethodInvocation_ StatementExpression_ MethodInvocation_ StatementExpression_ MethodInvocation_ StatementExpression_ StatementExpression_ LocalVariableDeclaration_ MethodInvocation_ StatementExpression_ MethodInvocation_ MethodDeclaration_getDateFormatManager ReturnStatement_ MethodDeclaration_setDateFormatManager FormalParameter_dfm StatementExpression_ MethodDeclaration_clearLogRecords StatementExpression_ MethodInvocation_ MethodInvocation_ MethodDeclaration_getFilteredLogTableModel ReturnStatement_ MethodInvocation_ MethodDeclaration_setDetailedView LocalVariableDeclaration_ MethodInvocation_ ForStatement_ VariableDeclaration_ BlockStatement_ StatementExpression_ MethodInvocation_ ForStatement_ VariableDeclaration_ BlockStatement_ StatementExpression_ MethodInvocation_ StatementExpression_ MethodInvocation_ MethodDeclaration_setView FormalParameter_columns LocalVariableDeclaration_ MethodInvocation_ ForStatement_ VariableDeclaration_ BlockStatement_ StatementExpression_ MethodInvocation_ LocalVariableDeclaration_ MethodInvocation_ LocalVariableDeclaration_ MethodInvocation_ WhileStatement_ MethodInvocation_ BlockStatement_ StatementExpression_ MethodInvocation_ MethodInvocation_ MethodInvocation_ StatementExpression_ MethodInvocation_ MethodDeclaration_setFont FormalParameter_font StatementExpression_ LocalVariableDeclaration_ MethodInvocation_ IfStatement_ BlockStatement_ LocalVariableDeclaration_ MethodInvocation_ LocalVariableDeclaration_ MethodInvocation_ StatementExpression_ StatementExpression_ MethodInvocation_ MethodDeclaration_init StatementExpression_ MethodInvocation_ StatementExpression_ MethodInvocation_ MethodDeclaration_getColumnNameAndNumber LocalVariableDeclaration_ ForStatement_ VariableDeclaration_ BlockStatement_ StatementExpression_ MethodInvocation_ ReturnStatement_ ClassDeclaration_LogTableListSelectionListener FieldDeclaration_ ConstructorDeclaration_LogTableListSelectionListener FormalParameter_table StatementExpression_ MethodDeclaration_valueChanged FormalParameter_e IfStatement_ MethodInvocation_ BlockStatement_ ReturnStatement_ LocalVariableDeclaration_ MethodInvocation_ IfStatement_ MethodInvocation_ BlockStatement_ BlockStatement_ LocalVariableDeclaration_ LocalVariableDeclaration_ MethodInvocation_ ForStatement_ VariableDeclaration_ BlockStatement_ LocalVariableDeclaration_ LocalVariableDeclaration_ MethodInvocation_ MethodInvocation_ IfStatement_ BlockStatement_ StatementExpression_ MethodInvocation_ StatementExpression_ MethodInvocation_ StatementExpression_ MethodInvocation_ IfStatement_ BlockStatement_ StatementExpression_ MethodInvocation_ IfStatement_ BlockStatement_ StatementExpression_ MethodInvocation_ StatementExpression_ MethodInvocation_ StatementExpression_ MethodInvocation_ StatementExpression_ MethodInvocation_ LocalVariableDeclaration_ MethodInvocation_ MethodInvocation_ IfStatement_ BlockStatement_ StatementExpression_ MethodInvocation_ MethodInvocation_ StatementExpression_ MethodInvocation_ MethodInvocation_,"package org apache log4j lf5 viewer import org apache log4j lf5 util DateFormatManager import javax swing import javax swing event ListSelectionEvent import javax swing event ListSelectionListener import javax swing table TableColumn import javax swing table TableColumnModel import java awt import java util Enumeration import java util Iterator import java util List import java util Vector public class LogTable extends JTable protected int _rowHeight 30 protected JTextArea _detailTextArea protected int _numCols 9 protected TableColumn _tableColumns new TableColumn _numCols protected int _colWidths 40 40 40 70 70 360 440 200 60 protected LogTableColumn _colNames LogTableColumn getLogTableColumnArray protected int _colDate 0 protected int _colThread 1 protected int _colMessageNum 2 protected int _colLevel 3 protected int _colNDC 4 protected int _colCategory 5 protected int _colMessage 6 protected int _colLocation 7 protected int _colThrown 8 protected DateFormatManager _dateFormatManager null public LogTable JTextArea detailTextArea super init _detailTextArea detailTextArea setModel new FilteredLogTableModel Enumeration columns getColumnModel getColumns int i 0 while columns hasMoreElements TableColumn col TableColumn columns nextElement col setCellRenderer new LogTableRowRenderer col setPreferredWidth _colWidths i _tableColumns i col i ListSelectionModel rowSM getSelectionModel rowSM addListSelectionListener new LogTableListSelectionListener this public DateFormatManager getDateFormatManager return _dateFormatManager public void setDateFormatManager DateFormatManager dfm _dateFormatManager dfm public synchronized void clearLogRecords getFilteredLogTableModel clear public FilteredLogTableModel getFilteredLogTableModel return FilteredLogTableModel getModel public void setDetailedView TableColumnModel model getColumnModel for int f 0 f _numCols f model removeColumn _tableColumns f for int i 0 i _numCols i model addColumn _tableColumns i sizeColumnsToFit 1 public void setView List columns TableColumnModel model getColumnModel for int f 0 f _numCols f model removeColumn _tableColumns f Iterator selectedColumns columns iterator Vector columnNameAndNumber getColumnNameAndNumber while selectedColumns hasNext model addColumn _tableColumns columnNameAndNumber indexOf selectedColumns next sizeColumnsToFit 1 public void setFont Font font super setFont font Graphics g this getGraphics if g null FontMetrics fm g getFontMetrics font int height fm getHeight _rowHeight height height 3 setRowHeight _rowHeight protected void init setRowHeight _rowHeight setSelectionMode ListSelectionModel SINGLE_SELECTION protected Vector getColumnNameAndNumber Vector columnNameAndNumber new Vector for int i 0 i _colNames length i columnNameAndNumber add i _colNames i return columnNameAndNumber class LogTableListSelectionListener implements ListSelectionListener protected JTable _table public LogTableListSelectionListener JTable table _table table public void valueChanged ListSelectionEvent e if e getValueIsAdjusting return ListSelectionModel lsm ListSelectionModel e getSource if lsm isSelectionEmpty else StringBuffer buf new StringBuffer int selectedRow lsm getMinSelectionIndex for int i 0 i _numCols 1 i String value """" Object obj _table getModel getValueAt selectedRow i if obj null value obj toString buf append _colNames i "":"" buf append ""\t"" if i _colThread i _colMessage i _colLevel buf append ""\t"" if i _colDate i _colNDC buf append ""\t\t"" buf append value buf append ""\n"" buf append _colNames _numCols 1 "":\n"" Object obj _table getModel getValueAt selectedRow _numCols 1 if obj null buf append obj toString _detailTextArea setText buf toString"
org.apache.log4j.AppenderSkeleton,20,1,12,27,31,140,18,9,19,0.879699248,175,1.0,5,0.0,0.2,0,0,7.4,4,1.35,4,PackageDeclaration_org.apache.log4j ClassDeclaration_AppenderSkeleton FieldDeclaration_ FieldDeclaration_ FieldDeclaration_ FieldDeclaration_ FieldDeclaration_ FieldDeclaration_ FieldDeclaration_ MethodDeclaration_activateOptions MethodDeclaration_addFilter FormalParameter_newFilter IfStatement_ BlockStatement_ StatementExpression_ BlockStatement_ StatementExpression_ StatementExpression_ MethodDeclaration_append FormalParameter_event MethodDeclaration_clearFilters StatementExpression_ MethodDeclaration_finalize IfStatement_ ReturnStatement_ StatementExpression_ MethodInvocation_ StatementExpression_ MethodInvocation_ MethodDeclaration_getErrorHandler ReturnStatement_ MethodDeclaration_getFilter ReturnStatement_ MethodDeclaration_getFirstFilter ReturnStatement_ MethodDeclaration_getLayout ReturnStatement_ MethodDeclaration_getName ReturnStatement_ MethodDeclaration_getThreshold ReturnStatement_ MethodDeclaration_isAsSevereAsThreshold FormalParameter_priority ReturnStatement_ MethodInvocation_ MethodDeclaration_doAppend FormalParameter_event IfStatement_ BlockStatement_ StatementExpression_ MethodInvocation_ ReturnStatement_ IfStatement_ MethodInvocation_ BlockStatement_ ReturnStatement_ LocalVariableDeclaration_ WhileStatement_ BlockStatement_ SwitchStatement_ MethodInvocation_ ReturnStatement_ BreakStatement_ StatementExpression_ StatementExpression_ MethodInvocation_ MethodDeclaration_setErrorHandler FormalParameter_eh IfStatement_ BlockStatement_ StatementExpression_ MethodInvocation_ BlockStatement_ StatementExpression_ MethodDeclaration_setLayout FormalParameter_layout StatementExpression_ MethodDeclaration_setName FormalParameter_name StatementExpression_ MethodDeclaration_setThreshold FormalParameter_threshold StatementExpression_,"package org apache log4j import org apache log4j Layout import org apache log4j spi Filter import org apache log4j spi ErrorHandler import org apache log4j spi OptionHandler import org apache log4j spi LoggingEvent import org apache log4j helpers OnlyOnceErrorHandler import org apache log4j helpers LogLog public abstract class AppenderSkeleton implements Appender OptionHandler protected Layout layout protected String name protected Priority threshold protected ErrorHandler errorHandler new OnlyOnceErrorHandler protected Filter headFilter protected Filter tailFilter protected boolean closed false public void activateOptions public void addFilter Filter newFilter if headFilter null headFilter tailFilter newFilter else tailFilter next newFilter tailFilter newFilter abstract protected void append LoggingEvent event public void clearFilters headFilter tailFilter null public void finalize if this closed return LogLog debug ""Finalizing appender named ["" name ""]."" close public ErrorHandler getErrorHandler return this errorHandler public Filter getFilter return headFilter public final Filter getFirstFilter return headFilter public Layout getLayout return layout public final String getName return this name public Priority getThreshold return threshold public boolean isAsSevereAsThreshold Priority priority return threshold null priority isGreaterOrEqual threshold public synchronized void doAppend LoggingEvent event if closed LogLog error ""Attempted to append to closed appender named ["" name ""]."" return if isAsSevereAsThreshold event level return Filter f this headFilter FILTER_LOOP while f null switch f decide event case Filter DENY return case Filter ACCEPT break FILTER_LOOP case Filter NEUTRAL f f next this append event public synchronized void setErrorHandler ErrorHandler eh if eh null LogLog warn ""You have tried to set a null error-handler."" else this errorHandler eh public void setLayout Layout layout this layout layout public void setName String name this name name public void setThreshold Priority threshold this threshold threshold"
org.apache.log4j.Level,6,2,0,24,9,0,24,1,4,0.2,146,0.0,7,0.666666667,0.45,0,0,22.16666667,9,3.3333,5,PackageDeclaration_org.apache.log4j ClassDeclaration_Level FieldDeclaration_ FieldDeclaration_ FieldDeclaration_ FieldDeclaration_ FieldDeclaration_ FieldDeclaration_ FieldDeclaration_ ConstructorDeclaration_Level FormalParameter_level FormalParameter_levelStr FormalParameter_syslogEquivalent StatementExpression_ MethodDeclaration_toLevel FormalParameter_sArg ReturnStatement_ MethodInvocation_ MethodDeclaration_toLevel FormalParameter_val ReturnStatement_ MethodInvocation_ MethodDeclaration_toLevel FormalParameter_val FormalParameter_defaultLevel SwitchStatement_ ReturnStatement_ ReturnStatement_ ReturnStatement_ ReturnStatement_ ReturnStatement_ ReturnStatement_ ReturnStatement_ ReturnStatement_ MethodDeclaration_toLevel FormalParameter_sArg FormalParameter_defaultLevel IfStatement_ ReturnStatement_ LocalVariableDeclaration_ MethodInvocation_ IfStatement_ MethodInvocation_ ReturnStatement_ IfStatement_ MethodInvocation_ ReturnStatement_ IfStatement_ MethodInvocation_ ReturnStatement_ IfStatement_ MethodInvocation_ ReturnStatement_ IfStatement_ MethodInvocation_ ReturnStatement_ IfStatement_ MethodInvocation_ ReturnStatement_ IfStatement_ MethodInvocation_ ReturnStatement_ ReturnStatement_,"package org apache log4j public class Level extends Priority final static public Level OFF new Level OFF_INT ""OFF"" 0 final static public Level FATAL new Level FATAL_INT ""FATAL"" 0 final static public Level ERROR new Level ERROR_INT ""ERROR"" 3 final static public Level WARN new Level WARN_INT ""WARN"" 4 final static public Level INFO new Level INFO_INT ""INFO"" 6 final static public Level DEBUG new Level DEBUG_INT ""DEBUG"" 7 final static public Level ALL new Level ALL_INT ""ALL"" 7 protected Level int level String levelStr int syslogEquivalent super level levelStr syslogEquivalent public static Level toLevel String sArg return Level toLevel sArg Level DEBUG public static Level toLevel int val return Level toLevel val Level DEBUG public static Level toLevel int val Level defaultLevel switch val case ALL_INT return ALL case DEBUG_INT return Level DEBUG case INFO_INT return Level INFO case WARN_INT return Level WARN case ERROR_INT return Level ERROR case FATAL_INT return Level FATAL case OFF_INT return OFF default return defaultLevel public static Level toLevel String sArg Level defaultLevel if sArg null return defaultLevel String s sArg toUpperCase if s equals ""ALL"" return Level ALL if s equals ""DEBUG"" return Level DEBUG if s equals ""INFO"" return Level INFO if s equals ""WARN"" return Level WARN if s equals ""ERROR"" return Level ERROR if s equals ""FATAL"" return Level FATAL if s equals ""OFF"" return Level OFF return defaultLevel"
org.apache.log4j.helpers.QuietWriter,4,3,2,6,12,0,5,1,4,0.0,57,1.0,1,0.857142857,0.5,2,2,13.0,2,1.0,2,PackageDeclaration_org.apache.log4j.helpers ClassDeclaration_QuietWriter FieldDeclaration_ ConstructorDeclaration_QuietWriter FormalParameter_writer FormalParameter_errorHandler StatementExpression_ StatementExpression_ MethodInvocation_ MethodDeclaration_write FormalParameter_string TryStatement_ StatementExpression_ MethodInvocation_ CatchClause_ CatchClauseParameter_e StatementExpression_ MethodInvocation_ MethodDeclaration_flush TryStatement_ StatementExpression_ MethodInvocation_ CatchClause_ CatchClauseParameter_e StatementExpression_ MethodInvocation_ MethodDeclaration_setErrorHandler FormalParameter_eh IfStatement_ BlockStatement_ ThrowStatement_ BlockStatement_ StatementExpression_,"package org apache log4j helpers import java io Writer import java io FilterWriter import java io IOException import org apache log4j spi ErrorHandler import org apache log4j spi ErrorCode public class QuietWriter extends FilterWriter protected ErrorHandler errorHandler public QuietWriter Writer writer ErrorHandler errorHandler super writer setErrorHandler errorHandler public void write String string try out write string catch IOException e errorHandler error ""Failed to write ["" string ""]."" e ErrorCode WRITE_FAILURE public void flush try out flush catch IOException e errorHandler error ""Failed to flush writer,"" e ErrorCode FLUSH_FAILURE public void setErrorHandler ErrorHandler eh if eh null throw new IllegalArgumentException ""Attempted to set null ErrorHandler."" else this errorHandler eh"
org.apache.log4j.spi.DefaultRepositorySelector,2,1,0,3,3,0,1,2,2,0.0,12,0.0,1,0.0,0.75,0,0,4.5,1,0.5,2,PackageDeclaration_org.apache.log4j.spi ClassDeclaration_DefaultRepositorySelector FieldDeclaration_ ConstructorDeclaration_DefaultRepositorySelector FormalParameter_repository StatementExpression_ MethodDeclaration_getLoggerRepository ReturnStatement_,package org apache log4j spi public class DefaultRepositorySelector implements RepositorySelector final LoggerRepository repository public DefaultRepositorySelector LoggerRepository repository this repository repository public LoggerRepository getLoggerRepository return repository
org.apache.log4j.lf5.util.DateFormatManager,23,1,0,2,32,9,2,0,22,0.420454545,325,1.0,0,0.0,0.326086957,0,0,12.95652174,2,0.8261,3,PackageDeclaration_org.apache.log4j.lf5.util ClassDeclaration_DateFormatManager FieldDeclaration_ FieldDeclaration_ FieldDeclaration_ FieldDeclaration_ ConstructorDeclaration_DateFormatManager StatementExpression_ StatementExpression_ MethodInvocation_ ConstructorDeclaration_DateFormatManager FormalParameter_timeZone StatementExpression_ StatementExpression_ StatementExpression_ MethodInvocation_ ConstructorDeclaration_DateFormatManager FormalParameter_locale StatementExpression_ StatementExpression_ StatementExpression_ MethodInvocation_ ConstructorDeclaration_DateFormatManager FormalParameter_pattern StatementExpression_ StatementExpression_ StatementExpression_ MethodInvocation_ ConstructorDeclaration_DateFormatManager FormalParameter_timeZone FormalParameter_locale StatementExpression_ StatementExpression_ StatementExpression_ StatementExpression_ MethodInvocation_ ConstructorDeclaration_DateFormatManager FormalParameter_timeZone FormalParameter_pattern StatementExpression_ StatementExpression_ StatementExpression_ StatementExpression_ MethodInvocation_ ConstructorDeclaration_DateFormatManager FormalParameter_locale FormalParameter_pattern StatementExpression_ StatementExpression_ StatementExpression_ StatementExpression_ MethodInvocation_ ConstructorDeclaration_DateFormatManager FormalParameter_timeZone FormalParameter_locale FormalParameter_pattern StatementExpression_ StatementExpression_ StatementExpression_ StatementExpression_ StatementExpression_ MethodInvocation_ MethodDeclaration_getTimeZone IfStatement_ BlockStatement_ ReturnStatement_ MethodInvocation_ BlockStatement_ ReturnStatement_ MethodDeclaration_setTimeZone FormalParameter_timeZone StatementExpression_ StatementExpression_ MethodInvocation_ MethodDeclaration_getLocale IfStatement_ BlockStatement_ ReturnStatement_ MethodInvocation_ BlockStatement_ ReturnStatement_ MethodDeclaration_setLocale FormalParameter_locale StatementExpression_ StatementExpression_ MethodInvocation_ MethodDeclaration_getPattern ReturnStatement_ MethodDeclaration_setPattern FormalParameter_pattern StatementExpression_ StatementExpression_ MethodInvocation_ MethodDeclaration_getOutputFormat ReturnStatement_ MethodDeclaration_setOutputFormat FormalParameter_pattern StatementExpression_ StatementExpression_ MethodInvocation_ MethodDeclaration_getDateFormatInstance ReturnStatement_ MethodDeclaration_setDateFormatInstance FormalParameter_dateFormat StatementExpression_ MethodDeclaration_format FormalParameter_date ReturnStatement_ MethodInvocation_ MethodInvocation_ MethodDeclaration_format FormalParameter_date FormalParameter_pattern LocalVariableDeclaration_ StatementExpression_ MethodInvocation_ IfStatement_ BlockStatement_ StatementExpression_ MethodInvocation_ StatementExpression_ ReturnStatement_ MethodInvocation_ MethodDeclaration_parse FormalParameter_date ReturnStatement_ MethodInvocation_ MethodInvocation_ MethodDeclaration_parse FormalParameter_date FormalParameter_pattern LocalVariableDeclaration_ StatementExpression_ MethodInvocation_ IfStatement_ BlockStatement_ StatementExpression_ MethodInvocation_ StatementExpression_ ReturnStatement_ MethodInvocation_ MethodDeclaration_configure StatementExpression_ MethodInvocation_ MethodInvocation_ StatementExpression_ MethodInvocation_ MethodInvocation_ IfStatement_ BlockStatement_ StatementExpression_,package org apache log4j lf5 util import java text DateFormat import java text ParseException import java text SimpleDateFormat import java util Date import java util Locale import java util TimeZone public class DateFormatManager private TimeZone _timeZone null private Locale _locale null private String _pattern null private DateFormat _dateFormat null public DateFormatManager super configure public DateFormatManager TimeZone timeZone super _timeZone timeZone configure public DateFormatManager Locale locale super _locale locale configure public DateFormatManager String pattern super _pattern pattern configure public DateFormatManager TimeZone timeZone Locale locale super _timeZone timeZone _locale locale configure public DateFormatManager TimeZone timeZone String pattern super _timeZone timeZone _pattern pattern configure public DateFormatManager Locale locale String pattern super _locale locale _pattern pattern configure public DateFormatManager TimeZone timeZone Locale locale String pattern super _timeZone timeZone _locale locale _pattern pattern configure public synchronized TimeZone getTimeZone if _timeZone null return TimeZone getDefault else return _timeZone public synchronized void setTimeZone TimeZone timeZone timeZone timeZone configure public synchronized Locale getLocale if _locale null return Locale getDefault else return _locale public synchronized void setLocale Locale locale _locale locale configure public synchronized String getPattern return _pattern public synchronized void setPattern String pattern _pattern pattern configure public synchronized String getOutputFormat return _pattern public synchronized void setOutputFormat String pattern _pattern pattern configure public synchronized DateFormat getDateFormatInstance return _dateFormat public synchronized void setDateFormatInstance DateFormat dateFormat _dateFormat dateFormat public String format Date date return getDateFormatInstance format date public String format Date date String pattern DateFormat formatter null formatter getDateFormatInstance if formatter instanceof SimpleDateFormat formatter SimpleDateFormat formatter clone SimpleDateFormat formatter applyPattern pattern return formatter format date public Date parse String date throws ParseException return getDateFormatInstance parse date public Date parse String date String pattern throws ParseException DateFormat formatter null formatter getDateFormatInstance if formatter instanceof SimpleDateFormat formatter SimpleDateFormat formatter clone SimpleDateFormat formatter applyPattern pattern return formatter parse date private synchronized void configure _dateFormat SimpleDateFormat getDateTimeInstance DateFormat FULL DateFormat FULL getLocale _dateFormat setTimeZone getTimeZone if _pattern null SimpleDateFormat _dateFormat applyPattern _pattern
org.apache.log4j.performance.NotLogging,8,1,0,6,31,22,0,6,2,0.942857143,325,0.0,7,0.0,0.285714286,0,0,38.375,5,2.0,0,PackageDeclaration_org.apache.log4j.performance ClassDeclaration_NotLogging FieldDeclaration_ FieldDeclaration_ FieldDeclaration_ FieldDeclaration_ MethodInvocation_ FieldDeclaration_ MethodInvocation_ FieldDeclaration_ MethodInvocation_ FieldDeclaration_ MethodInvocation_ FieldDeclaration_ MethodInvocation_ FieldDeclaration_ MethodInvocation_ FieldDeclaration_ MethodDeclaration_Usage StatementExpression_ MethodInvocation_ StatementExpression_ MethodInvocation_ MethodDeclaration_main FormalParameter_argv IfStatement_ BlockStatement_ StatementExpression_ MethodInvocation_ StatementExpression_ MethodInvocation_ LocalVariableDeclaration_ StatementExpression_ MethodInvocation_ ForStatement_ VariableDeclaration_ BlockStatement_ StatementExpression_ MethodInvocation_ StatementExpression_ MethodInvocation_ MethodInvocation_ StatementExpression_ MethodInvocation_ ForStatement_ VariableDeclaration_ BlockStatement_ StatementExpression_ MethodInvocation_ StatementExpression_ MethodInvocation_ MethodInvocation_ StatementExpression_ MethodInvocation_ ForStatement_ VariableDeclaration_ BlockStatement_ StatementExpression_ MethodInvocation_ StatementExpression_ MethodInvocation_ MethodInvocation_ MethodDeclaration_ProgramInit FormalParameter_args TryStatement_ StatementExpression_ MethodInvocation_ CatchClause_ CatchClauseParameter_e StatementExpression_ MethodInvocation_ StatementExpression_ MethodInvocation_ LocalVariableDeclaration_ IfStatement_ MethodInvocation_ BlockStatement_ IfStatement_ MethodInvocation_ BlockStatement_ StatementExpression_ MethodInvocation_ StatementExpression_ MethodInvocation_ MethodInvocation_ StatementExpression_ MethodInvocation_ StatementExpression_ MethodInvocation_ StatementExpression_ MethodInvocation_ MethodInvocation_ MethodDeclaration_SimpleMessage FormalParameter_category FormalParameter_msg FormalParameter_runLength LocalVariableDeclaration_ MethodInvocation_ ForStatement_ VariableDeclaration_ BlockStatement_ StatementExpression_ MethodInvocation_ ReturnStatement_ MethodInvocation_ MethodDeclaration_FullyOptimizedComplexMessage FormalParameter_category FormalParameter_runLength LocalVariableDeclaration_ MethodInvocation_ ForStatement_ VariableDeclaration_ BlockStatement_ IfStatement_ MethodInvocation_ StatementExpression_ MethodInvocation_ ReturnStatement_ MethodInvocation_ MethodDeclaration_ComplexMessage FormalParameter_category FormalParameter_runLength LocalVariableDeclaration_ MethodInvocation_ ForStatement_ VariableDeclaration_ BlockStatement_ StatementExpression_ MethodInvocation_ ReturnStatement_ MethodInvocation_,"package org apache log4j performance import org apache log4j Category import org apache log4j SimpleLayout import org apache log4j ConsoleAppender import org apache log4j Level public class NotLogging static int runLength final static int INITIAL_HASH_SIZE 101 static String SHORT_MSG ""Hello World"" static Category SHORT_CAT Category getInstance ""A0123456789"" static Category MEDIUM_CAT Category getInstance ""A0123456789.B0123456789"" static Category LONG_CAT Category getInstance ""A0123456789.B0123456789.C0123456789"" static Category INEXISTENT_SHORT_CAT Category getInstance ""I0123456789"" static Category INEXISTENT_MEDIUM_CAT Category getInstance ""I0123456789.B0123456789"" static Category INEXISTENT_LONG_CAT Category getInstance ""I0123456789.B0123456789.C0123456789"" static Category CAT_ARRAY new Category SHORT_CAT MEDIUM_CAT LONG_CAT INEXISTENT_SHORT_CAT INEXISTENT_MEDIUM_CAT INEXISTENT_LONG_CAT static void Usage System err println ""Usage: java org.apache.log4j.test.NotLogging true|false runLength\n"" ""true indicates shipped code, false indicates code in development"" ""  where runLength is an int representing the run length of loops\n"" ""We suggest that runLength be at least 100'000."" System exit 1 public static void main String argv if argv length 2 Usage ProgramInit argv double delta System out println for int i 0 i CAT_ARRAY length i delta SimpleMessage CAT_ARRAY i SHORT_MSG runLength System out println ""Simple argument,          "" delta "" micros. Cat: "" CAT_ARRAY i getName System out println for int i 0 i CAT_ARRAY length i delta FullyOptimizedComplexMessage CAT_ARRAY i runLength System out println ""Fully optimized complex,  "" delta "" micros. Cat: "" CAT_ARRAY i getName System out println for int i 0 i CAT_ARRAY length i delta ComplexMessage CAT_ARRAY i runLength System out println ""Complex message argument, "" delta "" micros. Cat: "" CAT_ARRAY i getName static void ProgramInit String args try runLength Integer parseInt args 1 catch java lang NumberFormatException e System err println e Usage ConsoleAppender appender new ConsoleAppender new SimpleLayout if ""false"" equals args 0 else if ""true"" equals args 0 System out println ""Flagging as shipped code."" Category getDefaultHierarchy setThreshold Level Level WARN else Usage SHORT_CAT setLevel Level Level INFO Category getRoot setLevel Level Level INFO static double SimpleMessage Category category String msg long runLength long before System currentTimeMillis for int i 0 i runLength i category debug msg return System currentTimeMillis before 1000.0 runLength static double FullyOptimizedComplexMessage Category category long runLength long before System currentTimeMillis for int i 0 i runLength i if category isDebugEnabled category debug ""Message"" i "" bottles of beer standing on the wall."" return System currentTimeMillis before 1000.0 runLength static double ComplexMessage Category category long runLength long before System currentTimeMillis for int i 0 i runLength i category debug ""Message"" i "" bottles of beer standing on the wall."" return System currentTimeMillis before 1000.0 runLength"
org.apache.log4j.test.ROFile,7,1,0,2,21,17,0,2,2,0.666666667,90,0.0,1,0.0,0.277777778,0,0,11.57142857,2,1.0,1,PackageDeclaration_org.apache.log4j.test ClassDeclaration_ROFile FieldDeclaration_ MethodInvocation_ MethodInvocation_ MethodDeclaration_main FormalParameter_argv IfStatement_ StatementExpression_ MethodInvocation_ StatementExpression_ MethodInvocation_ StatementExpression_ MethodInvocation_ MethodDeclaration_Usage FormalParameter_msg StatementExpression_ MethodInvocation_ StatementExpression_ MethodInvocation_ MethodInvocation_ StatementExpression_ MethodInvocation_ MethodDeclaration_init FormalParameter_configFile StatementExpression_ MethodInvocation_ MethodDeclaration_test LocalVariableDeclaration_ StatementExpression_ MethodInvocation_,"package org apache log4j test import org apache log4j PropertyConfigurator import org apache log4j Category public class ROFile static Category cat Category getInstance ROFile class getName public static void main String argv if argv length 1 init argv 0 else Usage ""Wrong number of arguments."" test static void Usage String msg System err println msg System err println ""Usage: java "" ROFile class getName ""configFile"" System exit 1 static void init String configFile PropertyConfigurator configure configFile static void test int i 1 cat debug ""Message "" i"
org.apache.log4j.net.test.SMTPMin,7,1,0,4,32,17,0,4,2,0.666666667,155,0.0,1,0.0,0.277777778,0,0,20.85714286,2,1.0,2,PackageDeclaration_org.apache.log4j.net.test ClassDeclaration_SMTPMin FieldDeclaration_ MethodInvocation_ MethodDeclaration_main FormalParameter_argv IfStatement_ StatementExpression_ MethodInvocation_ StatementExpression_ MethodInvocation_ StatementExpression_ MethodInvocation_ StatementExpression_ MethodInvocation_ MethodDeclaration_usage FormalParameter_msg StatementExpression_ MethodInvocation_ StatementExpression_ MethodInvocation_ MethodInvocation_ StatementExpression_ MethodInvocation_ MethodDeclaration_init FormalParameter_configFile StatementExpression_ MethodInvocation_ MethodDeclaration_test LocalVariableDeclaration_ StatementExpression_ MethodInvocation_ StatementExpression_ MethodInvocation_ StatementExpression_ MethodInvocation_ StatementExpression_ MethodInvocation_ StatementExpression_ MethodInvocation_ StatementExpression_ MethodInvocation_ StatementExpression_ MethodInvocation_ StatementExpression_ MethodInvocation_ MethodInvocation_ MethodInvocation_,"package org apache log4j net test import org apache log4j public class SMTPMin static Category cat Category getInstance SMTPMin class public static void main String argv if argv length 1 init argv 0 else usage ""Wrong number of arguments."" NDC push ""some context"" test static void usage String msg System err println msg System err println ""Usage: java "" SMTPMin class getName "" configFile"" System exit 1 static void init String configFile PropertyConfigurator configure configFile static void test int i 0 cat debug ""Message "" i cat debug ""Message "" i new Exception ""Just testing."" cat info ""Message "" i cat warn ""Message "" i cat error ""Message "" i cat log Priority FATAL ""Message "" i Category shutdown Thread currentThread getThreadGroup list"
org.apache.log4j.varia.StringMatchFilter,8,2,0,3,13,0,0,3,8,0.821428571,87,0.0,0,0.363636364,0.375,0,0,9.375,5,1.625,3,PackageDeclaration_org.apache.log4j.varia ClassDeclaration_StringMatchFilter FieldDeclaration_ FieldDeclaration_ FieldDeclaration_ FieldDeclaration_ MethodDeclaration_getOptionStrings ReturnStatement_ MethodDeclaration_setOption FormalParameter_key FormalParameter_value IfStatement_ MethodInvocation_ BlockStatement_ StatementExpression_ IfStatement_ MethodInvocation_ BlockStatement_ StatementExpression_ MethodInvocation_ MethodDeclaration_setStringToMatch FormalParameter_s StatementExpression_ MethodDeclaration_getStringToMatch ReturnStatement_ MethodDeclaration_setAcceptOnMatch FormalParameter_acceptOnMatch StatementExpression_ MethodDeclaration_getAcceptOnMatch ReturnStatement_ MethodDeclaration_decide FormalParameter_event LocalVariableDeclaration_ MethodInvocation_ IfStatement_ ReturnStatement_ IfStatement_ MethodInvocation_ BlockStatement_ ReturnStatement_ BlockStatement_ IfStatement_ BlockStatement_ ReturnStatement_ BlockStatement_ ReturnStatement_,"package org apache log4j varia import org apache log4j spi Filter import org apache log4j spi LoggingEvent import org apache log4j helpers OptionConverter public class StringMatchFilter extends Filter public static final String STRING_TO_MATCH_OPTION ""StringToMatch"" public static final String ACCEPT_ON_MATCH_OPTION ""AcceptOnMatch"" boolean acceptOnMatch true String stringToMatch public String getOptionStrings return new String STRING_TO_MATCH_OPTION ACCEPT_ON_MATCH_OPTION public void setOption String key String value if key equalsIgnoreCase STRING_TO_MATCH_OPTION stringToMatch value else if key equalsIgnoreCase ACCEPT_ON_MATCH_OPTION acceptOnMatch OptionConverter toBoolean value acceptOnMatch public void setStringToMatch String s stringToMatch s public String getStringToMatch return stringToMatch public void setAcceptOnMatch boolean acceptOnMatch this acceptOnMatch acceptOnMatch public boolean getAcceptOnMatch return acceptOnMatch public int decide LoggingEvent event String msg event getRenderedMessage if msg null stringToMatch null return Filter NEUTRAL if msg indexOf stringToMatch 1 return Filter NEUTRAL else if acceptOnMatch return Filter ACCEPT else return Filter DENY"
org.apache.log4j.Logger,7,2,2,25,15,21,25,3,4,1.0,47,0.5,0,0.903846154,0.291666667,1,1,5.428571429,1,0.7143,5,PackageDeclaration_org.apache.log4j ClassDeclaration_Logger FieldDeclaration_ MethodInvocation_ ConstructorDeclaration_Logger FormalParameter_name StatementExpression_ MethodDeclaration_getLogger FormalParameter_name ReturnStatement_ MethodInvocation_ MethodDeclaration_getLogger FormalParameter_clazz ReturnStatement_ MethodInvocation_ MethodInvocation_ MethodDeclaration_getRootLogger ReturnStatement_ MethodInvocation_ MethodDeclaration_getLogger FormalParameter_name FormalParameter_factory ReturnStatement_ MethodInvocation_,package org apache log4j import org apache log4j spi LoggerFactory public class Logger extends Category private static final String FQCN Level class getName protected Logger String name super name static public Logger getLogger String name return LogManager getLogger name static public Logger getLogger Class clazz return LogManager getLogger clazz getName public static Logger getRootLogger return LogManager getRootLogger public static Logger getLogger String name LoggerFactory factory return LogManager getLogger name factory
org.apache.log4j.lf5.viewer.configure.ConfigurationManager,28,1,0,10,105,268,1,10,4,1.002178649,962,1.0,2,0.0,0.173076923,0,0,32.75,5,1.7857,3,PackageDeclaration_org.apache.log4j.lf5.viewer.configure ClassDeclaration_ConfigurationManager FieldDeclaration_ FieldDeclaration_ FieldDeclaration_ FieldDeclaration_ FieldDeclaration_ FieldDeclaration_ FieldDeclaration_ FieldDeclaration_ FieldDeclaration_ FieldDeclaration_ FieldDeclaration_ FieldDeclaration_ FieldDeclaration_ FieldDeclaration_ FieldDeclaration_ FieldDeclaration_ FieldDeclaration_ ConstructorDeclaration_ConfigurationManager FormalParameter_monitor FormalParameter_table StatementExpression_ StatementExpression_ StatementExpression_ StatementExpression_ MethodInvocation_ MethodDeclaration_save LocalVariableDeclaration_ MethodInvocation_ MethodInvocation_ LocalVariableDeclaration_ MethodInvocation_ LocalVariableDeclaration_ StatementExpression_ MethodInvocation_ StatementExpression_ MethodInvocation_ StatementExpression_ MethodInvocation_ MethodInvocation_ StatementExpression_ MethodInvocation_ MethodInvocation_ StatementExpression_ MethodInvocation_ MethodInvocation_ MethodInvocation_ StatementExpression_ MethodInvocation_ MethodInvocation_ StatementExpression_ MethodInvocation_ StatementExpression_ MethodInvocation_ StatementExpression_ MethodInvocation_ MethodInvocation_ MethodDeclaration_reset StatementExpression_ MethodInvocation_ StatementExpression_ MethodInvocation_ StatementExpression_ MethodInvocation_ MethodDeclaration_treePathToString FormalParameter_path LocalVariableDeclaration_ LocalVariableDeclaration_ LocalVariableDeclaration_ MethodInvocation_ ForStatement_ VariableDeclaration_ BlockStatement_ StatementExpression_ IfStatement_ BlockStatement_ StatementExpression_ MethodInvocation_ StatementExpression_ MethodInvocation_ MethodInvocation_ ReturnStatement_ MethodInvocation_ MethodDeclaration_load LocalVariableDeclaration_ MethodInvocation_ IfStatement_ MethodInvocation_ BlockStatement_ TryStatement_ LocalVariableDeclaration_ MethodInvocation_ LocalVariableDeclaration_ MethodInvocation_ LocalVariableDeclaration_ MethodInvocation_ StatementExpression_ MethodInvocation_ StatementExpression_ MethodInvocation_ StatementExpression_ MethodInvocation_ StatementExpression_ MethodInvocation_ StatementExpression_ MethodInvocation_ CatchClause_ CatchClauseParameter_e StatementExpression_ MethodInvocation_ MethodInvocation_ MethodInvocation_ MethodDeclaration_processRecordFilter FormalParameter_doc LocalVariableDeclaration_ MethodInvocation_ LocalVariableDeclaration_ MethodInvocation_ IfStatement_ BlockStatement_ ReturnStatement_ LocalVariableDeclaration_ MethodInvocation_ LocalVariableDeclaration_ MethodInvocation_ IfStatement_ MethodInvocation_ BlockStatement_ ReturnStatement_ StatementExpression_ MethodInvocation_ MethodDeclaration_processCategories FormalParameter_doc LocalVariableDeclaration_ MethodInvocation_ LocalVariableDeclaration_ MethodInvocation_ LocalVariableDeclaration_ MethodInvocation_ LocalVariableDeclaration_ MethodInvocation_ MethodInvocation_ LocalVariableDeclaration_ MethodInvocation_ ForStatement_ VariableDeclaration_ MethodInvocation_ BlockStatement_ LocalVariableDeclaration_ MethodInvocation_ StatementExpression_ MethodInvocation_ LocalVariableDeclaration_ MethodInvocation_ MethodInvocation_ StatementExpression_ MethodInvocation_ MethodInvocation_ IfStatement_ MethodInvocation_ MethodInvocation_ Statement_ StatementExpression_ MethodInvocation_ MethodInvocation_ MethodDeclaration_processLogLevels FormalParameter_doc LocalVariableDeclaration_ MethodInvocation_ LocalVariableDeclaration_ MethodInvocation_ ForStatement_ VariableDeclaration_ MethodInvocation_ BlockStatement_ LocalVariableDeclaration_ MethodInvocation_ LocalVariableDeclaration_ MethodInvocation_ LocalVariableDeclaration_ MethodInvocation_ TryStatement_ LocalVariableDeclaration_ MethodInvocation_ MethodInvocation_ StatementExpression_ MethodInvocation_ MethodInvocation_ MethodInvocation_ CatchClause_ CatchClauseParameter_e MethodDeclaration_processLogLevelColors FormalParameter_doc LocalVariableDeclaration_ MethodInvocation_ LocalVariableDeclaration_ MethodInvocation_ ForStatement_ VariableDeclaration_ MethodInvocation_ BlockStatement_ LocalVariableDeclaration_ MethodInvocation_ IfStatement_ BlockStatement_ ReturnStatement_ LocalVariableDeclaration_ MethodInvocation_ LocalVariableDeclaration_ MethodInvocation_ TryStatement_ LocalVariableDeclaration_ MethodInvocation_ LocalVariableDeclaration_ MethodInvocation_ MethodInvocation_ LocalVariableDeclaration_ MethodInvocation_ MethodInvocation_ LocalVariableDeclaration_ MethodInvocation_ MethodInvocation_ LocalVariableDeclaration_ IfStatement_ BlockStatement_ StatementExpression_ MethodInvocation_ CatchClause_ CatchClauseParameter_e MethodDeclaration_processLogTableColumns FormalParameter_doc LocalVariableDeclaration_ MethodInvocation_ LocalVariableDeclaration_ MethodInvocation_ LocalVariableDeclaration_ ForStatement_ VariableDeclaration_ MethodInvocation_ BlockStatement_ LocalVariableDeclaration_ MethodInvocation_ IfStatement_ BlockStatement_ ReturnStatement_ LocalVariableDeclaration_ MethodInvocation_ LocalVariableDeclaration_ MethodInvocation_ TryStatement_ LocalVariableDeclaration_ MethodInvocation_ LocalVariableDeclaration_ MethodInvocation_ StatementExpression_ MethodInvocation_ MethodInvocation_ MethodInvocation_ IfStatement_ MethodInvocation_ BlockStatement_ StatementExpression_ MethodInvocation_ CatchClause_ CatchClauseParameter_e IfStatement_ MethodInvocation_ BlockStatement_ StatementExpression_ MethodInvocation_ BlockStatement_ StatementExpression_ MethodInvocation_ MethodDeclaration_getValue FormalParameter_map FormalParameter_attr LocalVariableDeclaration_ MethodInvocation_ ReturnStatement_ MethodInvocation_ MethodDeclaration_collapseTree LocalVariableDeclaration_ MethodInvocation_ ForStatement_ VariableDeclaration_ MethodInvocation_ BlockStatement_ StatementExpression_ MethodInvocation_ MethodDeclaration_selectAllNodes LocalVariableDeclaration_ MethodInvocation_ MethodInvocation_ LocalVariableDeclaration_ MethodInvocation_ LocalVariableDeclaration_ MethodInvocation_ LocalVariableDeclaration_ WhileStatement_ MethodInvocation_ BlockStatement_ StatementExpression_ MethodInvocation_ StatementExpression_ MethodInvocation_ MethodDeclaration_store FormalParameter_s TryStatement_ LocalVariableDeclaration_ MethodInvocation_ StatementExpression_ MethodInvocation_ StatementExpression_ MethodInvocation_ CatchClause_ CatchClauseParameter_e StatementExpression_ MethodInvocation_ MethodDeclaration_deleteConfigurationFile TryStatement_ LocalVariableDeclaration_ MethodInvocation_ IfStatement_ MethodInvocation_ BlockStatement_ StatementExpression_ MethodInvocation_ CatchClause_ CatchClauseParameter_e StatementExpression_ MethodInvocation_ MethodInvocation_ MethodDeclaration_getFilename LocalVariableDeclaration_ MethodInvocation_ LocalVariableDeclaration_ MethodInvocation_ ReturnStatement_ MethodDeclaration_processConfigurationNode FormalParameter_node FormalParameter_xml LocalVariableDeclaration_ MethodInvocation_ MethodInvocation_ LocalVariableDeclaration_ MethodInvocation_ LocalVariableDeclaration_ WhileStatement_ MethodInvocation_ BlockStatement_ StatementExpression_ MethodInvocation_ StatementExpression_ MethodInvocation_ MethodInvocation_ MethodDeclaration_processLogLevels FormalParameter_logLevelMenuItems FormalParameter_xml StatementExpression_ MethodInvocation_ LocalVariableDeclaration_ MethodInvocation_ MethodInvocation_ WhileStatement_ MethodInvocation_ BlockStatement_ LocalVariableDeclaration_ MethodInvocation_ LocalVariableDeclaration_ MethodInvocation_ StatementExpression_ MethodInvocation_ MethodInvocation_ MethodInvocation_ StatementExpression_ MethodInvocation_ MethodDeclaration_processLogLevelColors FormalParameter_logLevelMenuItems FormalParameter_logLevelColors FormalParameter_xml StatementExpression_ MethodInvocation_ LocalVariableDeclaration_ MethodInvocation_ MethodInvocation_ WhileStatement_ MethodInvocation_ BlockStatement_ LocalVariableDeclaration_ MethodInvocation_ LocalVariableDeclaration_ MethodInvocation_ StatementExpression_ MethodInvocation_ MethodInvocation_ StatementExpression_ MethodInvocation_ MethodDeclaration_processLogTableColumns FormalParameter_logTableColumnMenuItems FormalParameter_xml StatementExpression_ MethodInvocation_ LocalVariableDeclaration_ MethodInvocation_ WhileStatement_ MethodInvocation_ BlockStatement_ LocalVariableDeclaration_ MethodInvocation_ LocalVariableDeclaration_ MethodInvocation_ StatementExpression_ MethodInvocation_ MethodInvocation_ MethodInvocation_ StatementExpression_ MethodInvocation_ MethodDeclaration_processLogRecordFilter FormalParameter_text FormalParameter_xml StatementExpression_ MethodInvocation_ MethodInvocation_ MethodInvocation_ StatementExpression_ MethodInvocation_ MethodInvocation_ MethodInvocation_ MethodInvocation_ StatementExpression_ MethodInvocation_ MethodDeclaration_openXMLDocument FormalParameter_xml StatementExpression_ MethodInvocation_ MethodDeclaration_openConfigurationXML FormalParameter_xml StatementExpression_ MethodInvocation_ MethodDeclaration_closeConfigurationXML FormalParameter_xml StatementExpression_ MethodInvocation_ MethodDeclaration_exportXMLElement FormalParameter_node FormalParameter_path FormalParameter_xml LocalVariableDeclaration_ MethodInvocation_ StatementExpression_ MethodInvocation_ MethodInvocation_ MethodInvocation_ StatementExpression_ MethodInvocation_ MethodInvocation_ MethodInvocation_ MethodInvocation_ MethodInvocation_ StatementExpression_ MethodInvocation_ MethodInvocation_ MethodInvocation_ MethodInvocation_ MethodInvocation_ StatementExpression_ MethodInvocation_ MethodInvocation_ MethodInvocation_ MethodInvocation_ MethodInvocation_ StatementExpression_ MethodInvocation_ MethodInvocation_ MethodInvocation_ MethodInvocation_ MethodInvocation_ MethodDeclaration_exportLogLevelXMLElement FormalParameter_label FormalParameter_selected FormalParameter_xml StatementExpression_ MethodInvocation_ MethodInvocation_ MethodInvocation_ MethodInvocation_ StatementExpression_ MethodInvocation_ MethodInvocation_ MethodInvocation_ StatementExpression_ MethodInvocation_ MethodInvocation_ MethodInvocation_ StatementExpression_ MethodInvocation_ MethodDeclaration_exportLogLevelColorXMLElement FormalParameter_label FormalParameter_color FormalParameter_xml StatementExpression_ MethodInvocation_ MethodInvocation_ MethodInvocation_ MethodInvocation_ StatementExpression_ MethodInvocation_ MethodInvocation_ MethodInvocation_ StatementExpression_ MethodInvocation_ MethodInvocation_ MethodInvocation_ MethodInvocation_ MethodInvocation_ StatementExpression_ MethodInvocation_ MethodInvocation_ MethodInvocation_ MethodInvocation_ MethodInvocation_ StatementExpression_ MethodInvocation_ MethodInvocation_ MethodInvocation_ MethodInvocation_ StatementExpression_ MethodInvocation_ MethodDeclaration_exportLogTableColumnXMLElement FormalParameter_label FormalParameter_selected FormalParameter_xml StatementExpression_ MethodInvocation_ MethodInvocation_ MethodInvocation_ MethodInvocation_ StatementExpression_ MethodInvocation_ MethodInvocation_ MethodInvocation_ StatementExpression_ MethodInvocation_ MethodInvocation_ MethodInvocation_ StatementExpression_ MethodInvocation_,"package org apache log4j lf5 viewer configure import org apache log4j lf5 LogLevel import org apache log4j lf5 LogLevelFormatException import org apache log4j lf5 viewer LogBrokerMonitor import org apache log4j lf5 viewer LogTable import org apache log4j lf5 viewer categoryexplorer CategoryExplorerModel import org apache log4j lf5 viewer categoryexplorer CategoryExplorerTree import org apache log4j lf5 viewer categoryexplorer CategoryNode import org apache log4j lf5 viewer categoryexplorer CategoryPath import org apache log4j lf5 viewer LogTableColumn import org apache log4j lf5 viewer LogTableColumnFormatException import org w3c dom Document import org w3c dom NamedNodeMap import org w3c dom Node import org w3c dom NodeList import javax swing import javax swing tree TreePath import javax xml parsers DocumentBuilder import javax xml parsers DocumentBuilderFactory import java awt import java io File import java io FileWriter import java io IOException import java io PrintWriter import java util import java util List public class ConfigurationManager extends Object private static final String CONFIG_FILE_NAME ""lf5_configuration.xml"" private static final String NAME ""name"" private static final String PATH ""path"" private static final String SELECTED ""selected"" private static final String EXPANDED ""expanded"" private static final String CATEGORY ""category"" private static final String FIRST_CATEGORY_NAME ""Categories"" private static final String LEVEL ""level"" private static final String COLORLEVEL ""colorlevel"" private static final String COLOR ""color"" private static final String RED ""red"" private static final String GREEN ""green"" private static final String BLUE ""blue"" private static final String COLUMN ""column"" private static final String NDCTEXTFILTER ""searchtext"" private LogBrokerMonitor _monitor null private LogTable _table null public ConfigurationManager LogBrokerMonitor monitor LogTable table super _monitor monitor _table table load public void save CategoryExplorerModel model _monitor getCategoryExplorerTree getExplorerModel CategoryNode root model getRootCategoryNode StringBuffer xml new StringBuffer 2048 openXMLDocument xml openConfigurationXML xml processLogRecordFilter _monitor getNDCTextFilter xml processLogLevels _monitor getLogLevelMenuItems xml processLogLevelColors _monitor getLogLevelMenuItems LogLevel getLogLevelColorMap xml processLogTableColumns LogTableColumn getLogTableColumns xml processConfigurationNode root xml closeConfigurationXML xml store xml toString public void reset deleteConfigurationFile collapseTree selectAllNodes public static String treePathToString TreePath path StringBuffer sb new StringBuffer CategoryNode n null Object objects path getPath for int i 1 i objects length i n CategoryNode objects i if i 1 sb append ""."" sb append n getTitle return sb toString protected void load File file new File getFilename if file exists try DocumentBuilderFactory docBuilderFactory DocumentBuilderFactory newInstance DocumentBuilder docBuilder docBuilderFactory newDocumentBuilder Document doc docBuilder parse file processRecordFilter doc processCategories doc processLogLevels doc processLogLevelColors doc processLogTableColumns doc catch Exception e System err println ""Unable process configuration file at "" getFilename "". Error Message="" e getMessage protected void processRecordFilter Document doc NodeList nodeList doc getElementsByTagName NDCTEXTFILTER Node n nodeList item 0 if n null return NamedNodeMap map n getAttributes String text getValue map NAME if text null text equals """" return _monitor setNDCLogRecordFilter text protected void processCategories Document doc CategoryExplorerTree tree _monitor getCategoryExplorerTree CategoryExplorerModel model tree getExplorerModel NodeList nodeList doc getElementsByTagName CATEGORY NamedNodeMap map nodeList item 0 getAttributes int j getValue map NAME equalsIgnoreCase FIRST_CATEGORY_NAME 1 0 for int i nodeList getLength 1 i j i Node n nodeList item i map n getAttributes CategoryNode chnode model addCategory new CategoryPath getValue map PATH chnode setSelected getValue map SELECTED equalsIgnoreCase ""true"" true false if getValue map EXPANDED equalsIgnoreCase ""true"" tree expandPath model getTreePathToRoot chnode protected void processLogLevels Document doc NodeList nodeList doc getElementsByTagName LEVEL Map menuItems _monitor getLogLevelMenuItems for int i 0 i nodeList getLength i Node n nodeList item i NamedNodeMap map n getAttributes String name getValue map NAME try JCheckBoxMenuItem item JCheckBoxMenuItem menuItems get LogLevel valueOf name item setSelected getValue map SELECTED equalsIgnoreCase ""true"" catch LogLevelFormatException e protected void processLogLevelColors Document doc NodeList nodeList doc getElementsByTagName COLORLEVEL Map logLevelColors LogLevel getLogLevelColorMap for int i 0 i nodeList getLength i Node n nodeList item i if n null return NamedNodeMap map n getAttributes String name getValue map NAME try LogLevel level LogLevel valueOf name int red Integer parseInt getValue map RED int green Integer parseInt getValue map GREEN int blue Integer parseInt getValue map BLUE Color c new Color red green blue if level null level setLogLevelColorMap level c catch LogLevelFormatException e protected void processLogTableColumns Document doc NodeList nodeList doc getElementsByTagName COLUMN Map menuItems _monitor getLogTableColumnMenuItems List selectedColumns new ArrayList for int i 0 i nodeList getLength i Node n nodeList item i if n null return NamedNodeMap map n getAttributes String name getValue map NAME try LogTableColumn column LogTableColumn valueOf name JCheckBoxMenuItem item JCheckBoxMenuItem menuItems get column item setSelected getValue map SELECTED equalsIgnoreCase ""true"" if item isSelected selectedColumns add column catch LogTableColumnFormatException e if selectedColumns isEmpty _table setDetailedView else _table setView selectedColumns protected String getValue NamedNodeMap map String attr Node n map getNamedItem attr return n getNodeValue protected void collapseTree CategoryExplorerTree tree _monitor getCategoryExplorerTree for int i tree getRowCount 1 i 0 i tree collapseRow i protected void selectAllNodes CategoryExplorerModel model _monitor getCategoryExplorerTree getExplorerModel CategoryNode root model getRootCategoryNode Enumeration all root breadthFirstEnumeration CategoryNode n null while all hasMoreElements n CategoryNode all nextElement n setSelected true protected void store String s try PrintWriter writer new PrintWriter new FileWriter getFilename writer print s writer close catch IOException e e printStackTrace protected void deleteConfigurationFile try File f new File getFilename if f exists f delete catch SecurityException e System err println ""Cannot delete "" getFilename "" because a security violation occured."" protected String getFilename String home System getProperty ""user.home"" String sep home startsWith MRUFileManager UNIX_SEPARATOR MRUFileManager UNIX_SEPARATOR MRUFileManager DOS_SEPARATOR return home sep ""lf5"" sep CONFIG_FILE_NAME private void processConfigurationNode CategoryNode node StringBuffer xml CategoryExplorerModel model _monitor getCategoryExplorerTree getExplorerModel Enumeration all node breadthFirstEnumeration CategoryNode n null while all hasMoreElements n CategoryNode all nextElement exportXMLElement n model getTreePathToRoot n xml private void processLogLevels Map logLevelMenuItems StringBuffer xml xml append ""\t<loglevels>\r\n"" Iterator it logLevelMenuItems keySet iterator while it hasNext LogLevel level LogLevel it next JCheckBoxMenuItem item JCheckBoxMenuItem logLevelMenuItems get level exportLogLevelXMLElement level getLabel item isSelected xml xml append ""\t</loglevels>\r\n"" private void processLogLevelColors Map logLevelMenuItems Map logLevelColors StringBuffer xml xml append ""\t<loglevelcolors>\r\n"" Iterator it logLevelMenuItems keySet iterator while it hasNext LogLevel level LogLevel it next Color color Color logLevelColors get level exportLogLevelColorXMLElement level getLabel color xml xml append ""\t</loglevelcolors>\r\n"" private void processLogTableColumns List logTableColumnMenuItems StringBuffer xml xml append ""\t<logtablecolumns>\r\n"" Iterator it logTableColumnMenuItems iterator while it hasNext LogTableColumn column LogTableColumn it next JCheckBoxMenuItem item _monitor getTableColumnMenuItem column exportLogTableColumnXMLElement column getLabel item isSelected xml xml append ""\t</logtablecolumns>\r\n"" private void processLogRecordFilter String text StringBuffer xml xml append ""\t<"" append NDCTEXTFILTER append "" "" xml append NAME append ""=\"""" append text append ""\"""" xml append ""/>\r\n"" private void openXMLDocument StringBuffer xml xml append ""<?xml version=\""1.0\"" encoding=\""UTF-8\"" ?>\r\n"" private void openConfigurationXML StringBuffer xml xml append ""<configuration>\r\n"" private void closeConfigurationXML StringBuffer xml xml append ""</configuration>\r\n"" private void exportXMLElement CategoryNode node TreePath path StringBuffer xml CategoryExplorerTree tree _monitor getCategoryExplorerTree xml append ""\t<"" append CATEGORY append "" "" xml append NAME append ""=\"""" append node getTitle append ""\"" "" xml append PATH append ""=\"""" append treePathToString path append ""\"" "" xml append EXPANDED append ""=\"""" append tree isExpanded path append ""\"" "" xml append SELECTED append ""=\"""" append node isSelected append ""\""/>\r\n"" private void exportLogLevelXMLElement String label boolean selected StringBuffer xml xml append ""\t\t<"" append LEVEL append "" "" append NAME xml append ""=\"""" append label append ""\"" "" xml append SELECTED append ""=\"""" append selected xml append ""\""/>\r\n"" private void exportLogLevelColorXMLElement String label Color color StringBuffer xml xml append ""\t\t<"" append COLORLEVEL append "" "" append NAME xml append ""=\"""" append label append ""\"" "" xml append RED append ""=\"""" append color getRed append ""\"" "" xml append GREEN append ""=\"""" append color getGreen append ""\"" "" xml append BLUE append ""=\"""" append color getBlue xml append ""\""/>\r\n"" private void exportLogTableColumnXMLElement String label boolean selected StringBuffer xml xml append ""\t\t<"" append COLUMN append "" "" append NAME xml append ""=\"""" append label append ""\"" "" xml append SELECTED append ""=\"""" append selected xml append ""\""/>\r\n"""
org.apache.log4j.test.PrintProperties,2,1,0,1,5,1,0,1,2,2.0,15,0.0,0,0.0,0.5,0,0,6.5,1,0.5,1,PackageDeclaration_org.apache.log4j.test ClassDeclaration_PrintProperties MethodDeclaration_main FormalParameter_args StatementExpression_,package org apache log4j test import java io import org apache log4j config PropertyPrinter public class PrintProperties public static void main String args new PropertyPrinter new PrintWriter System out true
org.apache.log4j.Priority,12,1,1,35,17,44,35,1,10,0.981818182,150,0.0,5,0.0,0.290909091,0,0,10.25,3,1.0833,3,PackageDeclaration_org.apache.log4j ClassDeclaration_Priority FieldDeclaration_ FieldDeclaration_ FieldDeclaration_ FieldDeclaration_ FieldDeclaration_ FieldDeclaration_ FieldDeclaration_ FieldDeclaration_ FieldDeclaration_ FieldDeclaration_ FieldDeclaration_ FieldDeclaration_ FieldDeclaration_ FieldDeclaration_ FieldDeclaration_ ConstructorDeclaration_Priority FormalParameter_level FormalParameter_levelStr FormalParameter_syslogEquivalent StatementExpression_ StatementExpression_ StatementExpression_ MethodDeclaration_equals FormalParameter_o IfStatement_ BlockStatement_ LocalVariableDeclaration_ ReturnStatement_ BlockStatement_ ReturnStatement_ MethodDeclaration_getSyslogEquivalent ReturnStatement_ MethodDeclaration_isGreaterOrEqual FormalParameter_r ReturnStatement_ MethodDeclaration_getAllPossiblePriorities ReturnStatement_ MethodDeclaration_toString ReturnStatement_ MethodDeclaration_toInt ReturnStatement_ MethodDeclaration_toPriority FormalParameter_sArg ReturnStatement_ MethodInvocation_ MethodDeclaration_toPriority FormalParameter_val ReturnStatement_ MethodInvocation_ MethodDeclaration_toPriority FormalParameter_val FormalParameter_defaultPriority ReturnStatement_ MethodInvocation_ MethodDeclaration_toPriority FormalParameter_sArg FormalParameter_defaultPriority ReturnStatement_ MethodInvocation_,"package org apache log4j public class Priority int level String levelStr int syslogEquivalent public final static int OFF_INT Integer MAX_VALUE public final static int FATAL_INT 50000 public final static int ERROR_INT 40000 public final static int WARN_INT 30000 public final static int INFO_INT 20000 public final static int DEBUG_INT 10000 public final static int ALL_INT Integer MIN_VALUE final static public Priority FATAL new Level FATAL_INT ""FATAL"" 0 final static public Priority ERROR new Level ERROR_INT ""ERROR"" 3 final static public Priority WARN new Level WARN_INT ""WARN"" 4 final static public Priority INFO new Level INFO_INT ""INFO"" 6 final static public Priority DEBUG new Level DEBUG_INT ""DEBUG"" 7 protected Priority int level String levelStr int syslogEquivalent this level level this levelStr levelStr this syslogEquivalent syslogEquivalent public boolean equals Object o if o instanceof Priority Priority r Priority o return this level r level else return false public final int getSyslogEquivalent return syslogEquivalent public boolean isGreaterOrEqual Priority r return level r level public static Priority getAllPossiblePriorities return new Priority Priority FATAL Priority ERROR Level WARN Priority INFO Priority DEBUG final public String toString return levelStr public final int toInt return level public static Priority toPriority String sArg return Level toLevel sArg public static Priority toPriority int val return toPriority val Priority DEBUG public static Priority toPriority int val Priority defaultPriority return Level toLevel val Level defaultPriority public static Priority toPriority String sArg Priority defaultPriority return Level toLevel sArg Level defaultPriority"
org.apache.log4j.spi.ErrorHandler,6,1,0,20,6,15,17,4,6,2.0,6,0.0,0,0.0,0.404761905,0,0,0.0,1,1.0,2,PackageDeclaration_org.apache.log4j.spi InterfaceDeclaration_ErrorHandler MethodDeclaration_setLogger FormalParameter_logger MethodDeclaration_error FormalParameter_message FormalParameter_e FormalParameter_errorCode MethodDeclaration_error FormalParameter_message MethodDeclaration_error FormalParameter_message FormalParameter_e FormalParameter_errorCode FormalParameter_event MethodDeclaration_setAppender FormalParameter_appender MethodDeclaration_setBackupAppender FormalParameter_appender,package org apache log4j spi import org apache log4j Appender import org apache log4j Logger public interface ErrorHandler extends OptionHandler void setLogger Logger logger void error String message Exception e int errorCode void error String message void error String message Exception e int errorCode LoggingEvent event void setAppender Appender appender void setBackupAppender Appender appender
org.apache.log4j.varia.ExternallyRolledFileAppender,4,4,0,4,10,0,2,3,4,0.916666667,48,0.0,1,0.931818182,0.625,0,0,10.0,3,1.25,3,PackageDeclaration_org.apache.log4j.varia ClassDeclaration_ExternallyRolledFileAppender FieldDeclaration_ FieldDeclaration_ FieldDeclaration_ FieldDeclaration_ ConstructorDeclaration_ExternallyRolledFileAppender MethodDeclaration_setPort FormalParameter_port StatementExpression_ MethodDeclaration_getPort ReturnStatement_ MethodDeclaration_activateOptions StatementExpression_ IfStatement_ BlockStatement_ IfStatement_ BlockStatement_ StatementExpression_ MethodInvocation_ StatementExpression_ StatementExpression_ MethodInvocation_ StatementExpression_ MethodInvocation_ ClassDeclaration_HUP FieldDeclaration_ FieldDeclaration_ ConstructorDeclaration_HUP FormalParameter_er FormalParameter_port StatementExpression_ StatementExpression_ MethodDeclaration_run WhileStatement_ MethodInvocation_ BlockStatement_ TryStatement_ LocalVariableDeclaration_ WhileStatement_ BlockStatement_ LocalVariableDeclaration_ MethodInvocation_ StatementExpression_ MethodInvocation_ MethodInvocation_ StatementExpression_ MethodInvocation_ CatchClause_ CatchClauseParameter_e StatementExpression_ MethodInvocation_ ClassDeclaration_HUPNode FieldDeclaration_ FieldDeclaration_ FieldDeclaration_ FieldDeclaration_ ConstructorDeclaration_HUPNode FormalParameter_socket FormalParameter_er StatementExpression_ StatementExpression_ TryStatement_ StatementExpression_ MethodInvocation_ StatementExpression_ MethodInvocation_ CatchClause_ CatchClauseParameter_e StatementExpression_ MethodInvocation_ MethodDeclaration_run TryStatement_ LocalVariableDeclaration_ MethodInvocation_ StatementExpression_ MethodInvocation_ IfStatement_ MethodInvocation_ BlockStatement_ SynchronizedStatement_ StatementExpression_ MethodInvocation_ StatementExpression_ MethodInvocation_ BlockStatement_ StatementExpression_ MethodInvocation_ StatementExpression_ MethodInvocation_ CatchClause_ CatchClauseParameter_e StatementExpression_ MethodInvocation_,"package org apache log4j varia import java io import java net Socket import java net ServerSocket import org apache log4j helpers LogLog import org apache log4j RollingFileAppender import org apache log4j helpers LogLog public class ExternallyRolledFileAppender extends RollingFileAppender static final public String ROLL_OVER ""RollOver"" static final public String OK ""OK"" int port 0 HUP hup public ExternallyRolledFileAppender public void setPort int port this port port public int getPort return port public void activateOptions super activateOptions if port 0 if hup null hup interrupt hup new HUP this port hup setDaemon true hup start class HUP extends Thread int port ExternallyRolledFileAppender er HUP ExternallyRolledFileAppender er int port this er er this port port public void run while isInterrupted try ServerSocket serverSocket new ServerSocket port while true Socket socket serverSocket accept LogLog debug ""Connected to client at "" socket getInetAddress new Thread new HUPNode socket er start catch Exception e e printStackTrace class HUPNode implements Runnable Socket socket DataInputStream dis DataOutputStream dos ExternallyRolledFileAppender er public HUPNode Socket socket ExternallyRolledFileAppender er this socket socket this er er try dis new DataInputStream socket getInputStream dos new DataOutputStream socket getOutputStream catch Exception e e printStackTrace public void run try String line dis readUTF LogLog debug ""Got external roll over signal."" if ExternallyRolledFileAppender ROLL_OVER equals line synchronized er er rollOver dos writeUTF ExternallyRolledFileAppender OK else dos writeUTF ""Expecting [RollOver] string."" dos close catch Exception e LogLog error ""Unexpected exception. Exiting HUPNode."" e"
org.apache.log4j.chainsaw.ControlPanel,3,5,0,12,35,3,8,11,0,1.0,407,0.5,1,0.998394864,0.5,0,0,134.0,1,0.3333,3,PackageDeclaration_org.apache.log4j.chainsaw ClassDeclaration_ControlPanel FieldDeclaration_ MethodInvocation_ ConstructorDeclaration_ControlPanel FormalParameter_aModel StatementExpression_ MethodInvocation_ MethodInvocation_ LocalVariableDeclaration_ LocalVariableDeclaration_ StatementExpression_ MethodInvocation_ StatementExpression_ StatementExpression_ StatementExpression_ StatementExpression_ StatementExpression_ LocalVariableDeclaration_ StatementExpression_ MethodInvocation_ StatementExpression_ MethodInvocation_ StatementExpression_ StatementExpression_ StatementExpression_ MethodInvocation_ StatementExpression_ MethodInvocation_ StatementExpression_ StatementExpression_ StatementExpression_ MethodInvocation_ StatementExpression_ MethodInvocation_ StatementExpression_ StatementExpression_ StatementExpression_ MethodInvocation_ StatementExpression_ MethodInvocation_ StatementExpression_ StatementExpression_ StatementExpression_ MethodInvocation_ StatementExpression_ MethodInvocation_ StatementExpression_ StatementExpression_ StatementExpression_ StatementExpression_ LocalVariableDeclaration_ MethodInvocation_ LocalVariableDeclaration_ LocalVariableDeclaration_ StatementExpression_ MethodInvocation_ StatementExpression_ MethodInvocation_ StatementExpression_ MethodInvocation_ StatementExpression_ MethodInvocation_ StatementExpression_ MethodInvocation_ StatementExpression_ MethodInvocation_ MethodDeclaration_actionPerformed FormalParameter_aEvent StatementExpression_ MethodInvocation_ MethodInvocation_ StatementExpression_ StatementExpression_ LocalVariableDeclaration_ StatementExpression_ MethodInvocation_ MethodInvocation_ MethodDeclaration_insertUpdate FormalParameter_aEvent StatementExpression_ MethodInvocation_ MethodInvocation_ MethodDeclaration_removeUpdate FormalParameter_aEvente StatementExpression_ MethodInvocation_ MethodInvocation_ MethodDeclaration_changedUpdate FormalParameter_aEvent StatementExpression_ MethodInvocation_ MethodInvocation_ StatementExpression_ MethodInvocation_ StatementExpression_ MethodInvocation_ StatementExpression_ LocalVariableDeclaration_ StatementExpression_ MethodInvocation_ MethodInvocation_ MethodDeclaration_insertUpdate FormalParameter_aEvent StatementExpression_ MethodInvocation_ MethodInvocation_ MethodDeclaration_removeUpdate FormalParameter_aEvent StatementExpression_ MethodInvocation_ MethodInvocation_ MethodDeclaration_changedUpdate FormalParameter_aEvent StatementExpression_ MethodInvocation_ MethodInvocation_ StatementExpression_ MethodInvocation_ StatementExpression_ MethodInvocation_ StatementExpression_ LocalVariableDeclaration_ StatementExpression_ MethodInvocation_ MethodInvocation_ MethodDeclaration_insertUpdate FormalParameter_aEvent StatementExpression_ MethodInvocation_ MethodInvocation_ MethodDeclaration_removeUpdate FormalParameter_aEvent StatementExpression_ MethodInvocation_ MethodInvocation_ MethodDeclaration_changedUpdate FormalParameter_aEvent StatementExpression_ MethodInvocation_ MethodInvocation_ StatementExpression_ MethodInvocation_ StatementExpression_ MethodInvocation_ StatementExpression_ LocalVariableDeclaration_ StatementExpression_ MethodInvocation_ MethodInvocation_ MethodDeclaration_insertUpdate FormalParameter_aEvent StatementExpression_ MethodInvocation_ MethodInvocation_ MethodDeclaration_removeUpdate FormalParameter_aEvent StatementExpression_ MethodInvocation_ MethodInvocation_ MethodDeclaration_changedUpdate FormalParameter_aEvent StatementExpression_ MethodInvocation_ MethodInvocation_ StatementExpression_ MethodInvocation_ StatementExpression_ MethodInvocation_ StatementExpression_ StatementExpression_ StatementExpression_ StatementExpression_ StatementExpression_ LocalVariableDeclaration_ StatementExpression_ MethodInvocation_ StatementExpression_ MethodInvocation_ StatementExpression_ MethodInvocation_ StatementExpression_ MethodInvocation_ StatementExpression_ LocalVariableDeclaration_ StatementExpression_ MethodInvocation_ StatementExpression_ MethodInvocation_ MethodDeclaration_actionPerformed FormalParameter_aEvent StatementExpression_ MethodInvocation_ StatementExpression_ MethodInvocation_ StatementExpression_ MethodInvocation_ StatementExpression_ LocalVariableDeclaration_ StatementExpression_ MethodInvocation_ StatementExpression_ MethodInvocation_ MethodDeclaration_actionPerformed FormalParameter_aEvent StatementExpression_ MethodInvocation_ StatementExpression_ MethodInvocation_ MethodInvocation_ StatementExpression_ MethodInvocation_ StatementExpression_ MethodInvocation_,"package org apache log4j chainsaw import java awt GridBagConstraints import java awt GridBagLayout import java awt event ActionEvent import java awt event ActionListener import javax swing BorderFactory import javax swing JButton import javax swing JComboBox import javax swing JLabel import javax swing JPanel import javax swing JTextField import javax swing event DocumentEvent import javax swing event DocumentListener import org apache log4j Category import org apache log4j Priority class ControlPanel extends JPanel private static final Category LOG Category getInstance ControlPanel class ControlPanel final MyTableModel aModel setBorder BorderFactory createTitledBorder ""Controls: "" final GridBagLayout gridbag new GridBagLayout final GridBagConstraints c new GridBagConstraints setLayout gridbag c ipadx 5 c ipady 5 c gridx 0 c anchor GridBagConstraints EAST c gridy 0 JLabel label new JLabel ""Filter Level:"" gridbag setConstraints label c add label c gridy label new JLabel ""Filter Thread:"" gridbag setConstraints label c add label c gridy label new JLabel ""Filter Category:"" gridbag setConstraints label c add label c gridy label new JLabel ""Filter NDC:"" gridbag setConstraints label c add label c gridy label new JLabel ""Filter Message:"" gridbag setConstraints label c add label c weightx 1 c gridx 1 c anchor GridBagConstraints WEST c gridy 0 final Priority allPriorities Priority getAllPossiblePriorities final JComboBox priorities new JComboBox allPriorities final Priority lowest allPriorities allPriorities length 1 priorities setSelectedItem lowest aModel setPriorityFilter lowest gridbag setConstraints priorities c add priorities priorities setEditable false priorities addActionListener new ActionListener public void actionPerformed ActionEvent aEvent aModel setPriorityFilter Priority priorities getSelectedItem c fill GridBagConstraints HORIZONTAL c gridy final JTextField threadField new JTextField """" threadField getDocument addDocumentListener new DocumentListener public void insertUpdate DocumentEvent aEvent aModel setThreadFilter threadField getText public void removeUpdate DocumentEvent aEvente aModel setThreadFilter threadField getText public void changedUpdate DocumentEvent aEvent aModel setThreadFilter threadField getText gridbag setConstraints threadField c add threadField c gridy final JTextField catField new JTextField """" catField getDocument addDocumentListener new DocumentListener public void insertUpdate DocumentEvent aEvent aModel setCategoryFilter catField getText public void removeUpdate DocumentEvent aEvent aModel setCategoryFilter catField getText public void changedUpdate DocumentEvent aEvent aModel setCategoryFilter catField getText gridbag setConstraints catField c add catField c gridy final JTextField ndcField new JTextField """" ndcField getDocument addDocumentListener new DocumentListener public void insertUpdate DocumentEvent aEvent aModel setNDCFilter ndcField getText public void removeUpdate DocumentEvent aEvent aModel setNDCFilter ndcField getText public void changedUpdate DocumentEvent aEvent aModel setNDCFilter ndcField getText gridbag setConstraints ndcField c add ndcField c gridy final JTextField msgField new JTextField """" msgField getDocument addDocumentListener new DocumentListener public void insertUpdate DocumentEvent aEvent aModel setMessageFilter msgField getText public void removeUpdate DocumentEvent aEvent aModel setMessageFilter msgField getText public void changedUpdate DocumentEvent aEvent aModel setMessageFilter msgField getText gridbag setConstraints msgField c add msgField c weightx 0 c fill GridBagConstraints HORIZONTAL c anchor GridBagConstraints EAST c gridx 2 c gridy 0 final JButton exitButton new JButton ""Exit"" exitButton setMnemonic 'x' exitButton addActionListener ExitAction INSTANCE gridbag setConstraints exitButton c add exitButton c gridy final JButton clearButton new JButton ""Clear"" clearButton setMnemonic 'c' clearButton addActionListener new ActionListener public void actionPerformed ActionEvent aEvent aModel clear gridbag setConstraints clearButton c add clearButton c gridy final JButton toggleButton new JButton ""Pause"" toggleButton setMnemonic 'p' toggleButton addActionListener new ActionListener public void actionPerformed ActionEvent aEvent aModel toggle toggleButton setText aModel isPaused ""Resume"" ""Pause"" gridbag setConstraints toggleButton c add toggleButton"
org.apache.log4j.lf5.util.LogFileParser,20,1,0,8,60,178,2,8,4,1.004048583,387,0.230769231,2,0.0,0.270676692,0,0,17.7,7,1.45,2,PackageDeclaration_org.apache.log4j.lf5.util ClassDeclaration_LogFileParser FieldDeclaration_ FieldDeclaration_ FieldDeclaration_ FieldDeclaration_ FieldDeclaration_ FieldDeclaration_ FieldDeclaration_ FieldDeclaration_ FieldDeclaration_ FieldDeclaration_ FieldDeclaration_ FieldDeclaration_ FieldDeclaration_ ConstructorDeclaration_LogFileParser FormalParameter_file StatementExpression_ ConstructorDeclaration_LogFileParser FormalParameter_stream StatementExpression_ MethodDeclaration_parse FormalParameter_monitor StatementExpression_ LocalVariableDeclaration_ StatementExpression_ MethodInvocation_ MethodDeclaration_run LocalVariableDeclaration_ LocalVariableDeclaration_ LocalVariableDeclaration_ LocalVariableDeclaration_ StatementExpression_ MethodInvocation_ TryStatement_ LocalVariableDeclaration_ MethodInvocation_ WhileStatement_ MethodInvocation_ BlockStatement_ StatementExpression_ MethodInvocation_ MethodInvocation_ StatementExpression_ IfStatement_ BlockStatement_ StatementExpression_ MethodInvocation_ StatementExpression_ MethodInvocation_ IfStatement_ MethodInvocation_ BlockStatement_ StatementExpression_ MethodInvocation_ MethodInvocation_ IfStatement_ BlockStatement_ StatementExpression_ MethodInvocation_ IfStatement_ BlockStatement_ ThrowStatement_ StatementExpression_ MethodInvocation_ MethodDeclaration_run StatementExpression_ MethodInvocation_ CatchClause_ CatchClauseParameter_e StatementExpression_ MethodInvocation_ StatementExpression_ MethodInvocation_ CatchClause_ CatchClauseParameter_e StatementExpression_ MethodInvocation_ StatementExpression_ MethodInvocation_ StatementExpression_ MethodDeclaration_displayError FormalParameter_message LocalVariableDeclaration_ MethodInvocation_ MethodDeclaration_destroyDialog StatementExpression_ MethodInvocation_ StatementExpression_ MethodInvocation_ MethodDeclaration_loadLogFile FormalParameter_stream LocalVariableDeclaration_ LocalVariableDeclaration_ LocalVariableDeclaration_ MethodInvocation_ LocalVariableDeclaration_ IfStatement_ BlockStatement_ StatementExpression_ BlockStatement_ StatementExpression_ WhileStatement_ MethodInvocation_ BlockStatement_ StatementExpression_ MethodInvocation_ StatementExpression_ MethodInvocation_ StatementExpression_ ReturnStatement_ MethodInvocation_ MethodDeclaration_parseAttribute FormalParameter_name FormalParameter_record LocalVariableDeclaration_ MethodInvocation_ IfStatement_ BlockStatement_ ReturnStatement_ ReturnStatement_ MethodInvocation_ MethodDeclaration_parseDate FormalParameter_record TryStatement_ LocalVariableDeclaration_ MethodInvocation_ IfStatement_ BlockStatement_ ReturnStatement_ LocalVariableDeclaration_ MethodInvocation_ ReturnStatement_ MethodInvocation_ CatchClause_ CatchClauseParameter_e ReturnStatement_ MethodDeclaration_parsePriority FormalParameter_record LocalVariableDeclaration_ MethodInvocation_ IfStatement_ BlockStatement_ TryStatement_ ReturnStatement_ MethodInvocation_ CatchClause_ CatchClauseParameter_e ReturnStatement_ ReturnStatement_ MethodDeclaration_parseThread FormalParameter_record ReturnStatement_ MethodInvocation_ MethodDeclaration_parseCategory FormalParameter_record ReturnStatement_ MethodInvocation_ MethodDeclaration_parseLocation FormalParameter_record ReturnStatement_ MethodInvocation_ MethodDeclaration_parseMessage FormalParameter_record ReturnStatement_ MethodInvocation_ MethodDeclaration_parseNDC FormalParameter_record ReturnStatement_ MethodInvocation_ MethodDeclaration_parseThrowable FormalParameter_record ReturnStatement_ MethodInvocation_ MethodInvocation_ MethodDeclaration_createLogRecord FormalParameter_record IfStatement_ MethodInvocation_ MethodInvocation_ BlockStatement_ ReturnStatement_ LocalVariableDeclaration_ StatementExpression_ MethodInvocation_ MethodInvocation_ StatementExpression_ MethodInvocation_ MethodInvocation_ StatementExpression_ MethodInvocation_ MethodInvocation_ StatementExpression_ MethodInvocation_ MethodInvocation_ StatementExpression_ MethodInvocation_ MethodInvocation_ StatementExpression_ MethodInvocation_ MethodInvocation_ StatementExpression_ MethodInvocation_ MethodInvocation_ StatementExpression_ MethodInvocation_ MethodInvocation_ ReturnStatement_ MethodDeclaration_getAttribute FormalParameter_index FormalParameter_record LocalVariableDeclaration_ MethodInvocation_ IfStatement_ BlockStatement_ ReturnStatement_ MethodInvocation_ StatementExpression_ MethodInvocation_ ReturnStatement_ MethodInvocation_ MethodInvocation_,"package org apache log4j lf5 util import org apache log4j lf5 Log4JLogRecord import org apache log4j lf5 LogLevel import org apache log4j lf5 LogLevelFormatException import org apache log4j lf5 LogRecord import org apache log4j lf5 viewer LogBrokerMonitor import org apache log4j lf5 viewer LogFactor5ErrorDialog import org apache log4j lf5 viewer LogFactor5LoadingDialog import javax swing import java io import java text ParseException import java text SimpleDateFormat import java util Date public class LogFileParser implements Runnable public static final String RECORD_DELIMITER ""[slf5s.start]"" public static final String ATTRIBUTE_DELIMITER ""[slf5s."" public static final String DATE_DELIMITER ATTRIBUTE_DELIMITER ""DATE]"" public static final String THREAD_DELIMITER ATTRIBUTE_DELIMITER ""THREAD]"" public static final String CATEGORY_DELIMITER ATTRIBUTE_DELIMITER ""CATEGORY]"" public static final String LOCATION_DELIMITER ATTRIBUTE_DELIMITER ""LOCATION]"" public static final String MESSAGE_DELIMITER ATTRIBUTE_DELIMITER ""MESSAGE]"" public static final String PRIORITY_DELIMITER ATTRIBUTE_DELIMITER ""PRIORITY]"" public static final String NDC_DELIMITER ATTRIBUTE_DELIMITER ""NDC]"" private static SimpleDateFormat _sdf new SimpleDateFormat ""dd MMM yyyy HH:mm:ss,S"" private LogBrokerMonitor _monitor LogFactor5LoadingDialog _loadDialog private InputStream _in null public LogFileParser File file throws IOException FileNotFoundException this new FileInputStream file public LogFileParser InputStream stream throws IOException _in stream public void parse LogBrokerMonitor monitor throws RuntimeException _monitor monitor Thread t new Thread this t start public void run int index 0 int counter 0 LogRecord temp boolean isLogFile false _loadDialog new LogFactor5LoadingDialog _monitor getBaseFrame ""Loading file..."" try String logRecords loadLogFile _in while counter logRecords indexOf RECORD_DELIMITER index 1 temp createLogRecord logRecords substring index counter isLogFile true if temp null _monitor addMessage temp index counter RECORD_DELIMITER length if index logRecords length isLogFile temp createLogRecord logRecords substring index if temp null _monitor addMessage temp if isLogFile false throw new RuntimeException ""Invalid log file format"" SwingUtilities invokeLater new Runnable public void run destroyDialog catch RuntimeException e destroyDialog displayError ""Error - Invalid log file format.\nPlease see documentation"" "" on how to load log files."" catch IOException e destroyDialog displayError ""Error - Unable to load log file!"" _in null protected void displayError String message LogFactor5ErrorDialog error new LogFactor5ErrorDialog _monitor getBaseFrame message private void destroyDialog _loadDialog hide _loadDialog dispose private String loadLogFile InputStream stream throws IOException BufferedInputStream br new BufferedInputStream stream int count 0 int size br available StringBuffer sb null if size 0 sb new StringBuffer size else sb new StringBuffer 1024 while count br read 1 sb append char count br close br null return sb toString private String parseAttribute String name String record int index record indexOf name if index 1 return null return getAttribute index record private long parseDate String record try String s parseAttribute DATE_DELIMITER record if s null return 0 Date d _sdf parse s return d getTime catch ParseException e return 0 private LogLevel parsePriority String record String temp parseAttribute PRIORITY_DELIMITER record if temp null try return LogLevel valueOf temp catch LogLevelFormatException e return LogLevel DEBUG return LogLevel DEBUG private String parseThread String record return parseAttribute THREAD_DELIMITER record private String parseCategory String record return parseAttribute CATEGORY_DELIMITER record private String parseLocation String record return parseAttribute LOCATION_DELIMITER record private String parseMessage String record return parseAttribute MESSAGE_DELIMITER record private String parseNDC String record return parseAttribute NDC_DELIMITER record private String parseThrowable String record return getAttribute record length record private LogRecord createLogRecord String record if record null record trim length 0 return null LogRecord lr new Log4JLogRecord lr setMillis parseDate record lr setLevel parsePriority record lr setCategory parseCategory record lr setLocation parseLocation record lr setThreadDescription parseThread record lr setNDC parseNDC record lr setMessage parseMessage record lr setThrownStackTrace parseThrowable record return lr private String getAttribute int index String record int start record lastIndexOf ATTRIBUTE_DELIMITER index 1 if start 1 return record substring 0 index start record indexOf ""]"" start return record substring start 1 index trim"
org.apache.log4j.lf5.viewer.categoryexplorer.CategoryExplorerLogRecordFilter,4,1,0,5,14,0,0,5,3,0.0,45,1.0,1,0.0,0.5,0,0,10.0,2,1.0,2,PackageDeclaration_org.apache.log4j.lf5.viewer.categoryexplorer ClassDeclaration_CategoryExplorerLogRecordFilter FieldDeclaration_ ConstructorDeclaration_CategoryExplorerLogRecordFilter FormalParameter_model StatementExpression_ MethodDeclaration_passes FormalParameter_record LocalVariableDeclaration_ MethodInvocation_ ReturnStatement_ MethodInvocation_ MethodDeclaration_reset StatementExpression_ MethodInvocation_ MethodDeclaration_resetAllNodes LocalVariableDeclaration_ MethodInvocation_ MethodInvocation_ LocalVariableDeclaration_ WhileStatement_ MethodInvocation_ BlockStatement_ StatementExpression_ MethodInvocation_ StatementExpression_ MethodInvocation_ StatementExpression_ MethodInvocation_,package org apache log4j lf5 viewer categoryexplorer import org apache log4j lf5 LogRecord import org apache log4j lf5 LogRecordFilter import java util Enumeration public class CategoryExplorerLogRecordFilter implements LogRecordFilter protected CategoryExplorerModel _model public CategoryExplorerLogRecordFilter CategoryExplorerModel model _model model public boolean passes LogRecord record CategoryPath path new CategoryPath record getCategory return _model isCategoryPathActive path public void reset resetAllNodes protected void resetAllNodes Enumeration nodes _model getRootCategoryNode depthFirstEnumeration CategoryNode current while nodes hasMoreElements current CategoryNode nodes nextElement current resetNumberOfContainedRecords _model nodeChanged current
org.apache.log4j.helpers.OptionConverter,15,1,0,19,60,103,16,5,12,0.918367347,760,0.0,0,0.0,0.160714286,0,0,49.2,11,3.2,4,PackageDeclaration_org.apache.log4j.helpers ClassDeclaration_OptionConverter FieldDeclaration_ FieldDeclaration_ FieldDeclaration_ FieldDeclaration_ ConstructorDeclaration_OptionConverter MethodDeclaration_concatanateArrays FormalParameter_l FormalParameter_r LocalVariableDeclaration_ LocalVariableDeclaration_ StatementExpression_ MethodInvocation_ StatementExpression_ MethodInvocation_ ReturnStatement_ MethodDeclaration_convertSpecialChars FormalParameter_s LocalVariableDeclaration_ LocalVariableDeclaration_ MethodInvocation_ LocalVariableDeclaration_ LocalVariableDeclaration_ WhileStatement_ BlockStatement_ StatementExpression_ MethodInvocation_ IfStatement_ BlockStatement_ StatementExpression_ MethodInvocation_ IfStatement_ StatementExpression_ IfStatement_ StatementExpression_ IfStatement_ StatementExpression_ IfStatement_ StatementExpression_ IfStatement_ StatementExpression_ IfStatement_ StatementExpression_ IfStatement_ StatementExpression_ IfStatement_ StatementExpression_ StatementExpression_ MethodInvocation_ ReturnStatement_ MethodInvocation_ MethodDeclaration_getSystemProperty FormalParameter_key FormalParameter_def TryStatement_ ReturnStatement_ MethodInvocation_ CatchClause_ CatchClauseParameter_e StatementExpression_ MethodInvocation_ ReturnStatement_ MethodDeclaration_instantiateByKey FormalParameter_props FormalParameter_key FormalParameter_superClass FormalParameter_defaultValue LocalVariableDeclaration_ MethodInvocation_ IfStatement_ BlockStatement_ StatementExpression_ MethodInvocation_ ReturnStatement_ ReturnStatement_ MethodInvocation_ MethodInvocation_ MethodDeclaration_toBoolean FormalParameter_value FormalParameter_dEfault IfStatement_ ReturnStatement_ LocalVariableDeclaration_ MethodInvocation_ IfStatement_ MethodInvocation_ ReturnStatement_ IfStatement_ MethodInvocation_ ReturnStatement_ ReturnStatement_ MethodDeclaration_toInt FormalParameter_value FormalParameter_dEfault IfStatement_ BlockStatement_ LocalVariableDeclaration_ MethodInvocation_ TryStatement_ ReturnStatement_ MethodInvocation_ MethodInvocation_ CatchClause_ CatchClauseParameter_e StatementExpression_ MethodInvocation_ StatementExpression_ MethodInvocation_ ReturnStatement_ MethodDeclaration_toLevel FormalParameter_value FormalParameter_defaultValue IfStatement_ ReturnStatement_ LocalVariableDeclaration_ MethodInvocation_ IfStatement_ BlockStatement_ IfStatement_ MethodInvocation_ BlockStatement_ ReturnStatement_ BlockStatement_ ReturnStatement_ MethodInvocation_ LocalVariableDeclaration_ LocalVariableDeclaration_ MethodInvocation_ LocalVariableDeclaration_ MethodInvocation_ IfStatement_ MethodInvocation_ BlockStatement_ ReturnStatement_ StatementExpression_ MethodInvocation_ TryStatement_ LocalVariableDeclaration_ MethodInvocation_ LocalVariableDeclaration_ LocalVariableDeclaration_ MethodInvocation_ LocalVariableDeclaration_ LocalVariableDeclaration_ MethodInvocation_ StatementExpression_ CatchClause_ CatchClauseParameter_e StatementExpression_ MethodInvocation_ CatchClause_ CatchClauseParameter_e StatementExpression_ MethodInvocation_ CatchClause_ CatchClauseParameter_e StatementExpression_ MethodInvocation_ CatchClause_ CatchClauseParameter_e StatementExpression_ MethodInvocation_ CatchClause_ CatchClauseParameter_e StatementExpression_ MethodInvocation_ CatchClause_ CatchClauseParameter_e StatementExpression_ MethodInvocation_ ReturnStatement_ MethodDeclaration_toFileSize FormalParameter_value FormalParameter_dEfault IfStatement_ ReturnStatement_ LocalVariableDeclaration_ MethodInvocation_ MethodInvocation_ LocalVariableDeclaration_ LocalVariableDeclaration_ IfStatement_ MethodInvocation_ BlockStatement_ StatementExpression_ StatementExpression_ MethodInvocation_ IfStatement_ MethodInvocation_ BlockStatement_ StatementExpression_ StatementExpression_ MethodInvocation_ IfStatement_ MethodInvocation_ BlockStatement_ StatementExpression_ StatementExpression_ MethodInvocation_ IfStatement_ BlockStatement_ TryStatement_ ReturnStatement_ MethodInvocation_ MethodInvocation_ CatchClause_ CatchClauseParameter_e StatementExpression_ MethodInvocation_ StatementExpression_ MethodInvocation_ ReturnStatement_ MethodDeclaration_findAndSubst FormalParameter_key FormalParameter_props LocalVariableDeclaration_ MethodInvocation_ IfStatement_ ReturnStatement_ TryStatement_ ReturnStatement_ MethodInvocation_ CatchClause_ CatchClauseParameter_e StatementExpression_ MethodInvocation_ ReturnStatement_ MethodDeclaration_instantiateByClassName FormalParameter_className FormalParameter_superClass FormalParameter_defaultValue IfStatement_ BlockStatement_ TryStatement_ LocalVariableDeclaration_ MethodInvocation_ IfStatement_ MethodInvocation_ BlockStatement_ StatementExpression_ MethodInvocation_ MethodInvocation_ ReturnStatement_ ReturnStatement_ MethodInvocation_ CatchClause_ CatchClauseParameter_e StatementExpression_ MethodInvocation_ ReturnStatement_ MethodDeclaration_substVars FormalParameter_val FormalParameter_props LocalVariableDeclaration_ LocalVariableDeclaration_ LocalVariableDeclaration_ WhileStatement_ BlockStatement_ StatementExpression_ MethodInvocation_ IfStatement_ BlockStatement_ IfStatement_ BlockStatement_ ReturnStatement_ BlockStatement_ StatementExpression_ MethodInvocation_ MethodInvocation_ MethodInvocation_ ReturnStatement_ MethodInvocation_ BlockStatement_ StatementExpression_ MethodInvocation_ MethodInvocation_ StatementExpression_ MethodInvocation_ IfStatement_ BlockStatement_ ThrowStatement_ BlockStatement_ StatementExpression_ LocalVariableDeclaration_ MethodInvocation_ LocalVariableDeclaration_ MethodInvocation_ IfStatement_ BlockStatement_ StatementExpression_ MethodInvocation_ IfStatement_ BlockStatement_ LocalVariableDeclaration_ MethodInvocation_ StatementExpression_ MethodInvocation_ StatementExpression_ MethodDeclaration_selectAndConfigure FormalParameter_url FormalParameter_clazz FormalParameter_hierarchy LocalVariableDeclaration_ LocalVariableDeclaration_ MethodInvocation_ IfStatement_ MethodInvocation_ BlockStatement_ StatementExpression_ IfStatement_ BlockStatement_ StatementExpression_ MethodInvocation_ StatementExpression_ MethodInvocation_ IfStatement_ BlockStatement_ StatementExpression_ MethodInvocation_ ReturnStatement_ BlockStatement_ StatementExpression_ StatementExpression_ MethodInvocation_,"package org apache log4j helpers import java util Properties import java net URL import org apache log4j Level import org apache log4j spi Configurator import org apache log4j spi LoggerRepository import org apache log4j PropertyConfigurator public class OptionConverter static String DELIM_START ""${"" static char DELIM_STOP '}' static int DELIM_START_LEN 2 static int DELIM_STOP_LEN 1 private OptionConverter public static String concatanateArrays String l String r int len l length r length String a new String len System arraycopy l 0 a 0 l length System arraycopy r 0 a l length r length return a public static String convertSpecialChars String s char c int len s length StringBuffer sbuf new StringBuffer len int i 0 while i len c s charAt i if c '\\' c s charAt i if c 'n' c '\n' else if c 'r' c '\r' else if c 't' c '\t' else if c 'f' c '\f' else if c '\b' c '\b' else if c '\""' c '\""' else if c '\'' c '\'' else if c '\\' c '\\' sbuf append c return sbuf toString public static String getSystemProperty String key String def try return System getProperty key def catch Throwable e LogLog debug ""Was not allowed to read system property \"""" key ""\""."" return def public static Object instantiateByKey Properties props String key Class superClass Object defaultValue String className findAndSubst key props if className null LogLog error ""Could not find value for key "" key return defaultValue return OptionConverter instantiateByClassName className trim superClass defaultValue public static boolean toBoolean String value boolean dEfault if value null return dEfault String trimmedVal value trim if ""true"" equalsIgnoreCase trimmedVal return true if ""false"" equalsIgnoreCase trimmedVal return false return dEfault public static int toInt String value int dEfault if value null String s value trim try return Integer valueOf s intValue catch NumberFormatException e LogLog error ""["" s ""] is not in proper int form."" e printStackTrace return dEfault public static Level toLevel String value Level defaultValue if value null return defaultValue int hashIndex value indexOf '#' if hashIndex 1 if ""NULL"" equalsIgnoreCase value return null else return Level Level toLevel value defaultValue Level result defaultValue String clazz value substring hashIndex 1 String levelName value substring 0 hashIndex if ""NULL"" equalsIgnoreCase levelName return null LogLog debug ""toLevel"" "":class=["" clazz ""]"" "":pri=["" levelName ""]"" try Class customLevel Class forName clazz Class paramTypes new Class String class org apache log4j Level class java lang reflect Method toLevelMethod customLevel getMethod ""toLevel"" paramTypes Object params new Object levelName defaultValue Object o toLevelMethod invoke null params result Level o catch ClassNotFoundException e LogLog warn ""custom level class ["" clazz ""] not found."" catch NoSuchMethodException e LogLog warn ""custom level class ["" clazz ""]"" "" does not have a constructor which takes one string parameter"" e catch java lang reflect InvocationTargetException e LogLog warn ""custom level class ["" clazz ""]"" "" could not be instantiated"" e catch ClassCastException e LogLog warn ""class ["" clazz ""] is not a subclass of org.apache.log4j.Level"" e catch IllegalAccessException e LogLog warn ""class ["" clazz ""] cannot be instantiated due to access restrictions"" e catch Exception e LogLog warn ""class ["" clazz ""], level ["" levelName ""] conversion failed."" e return result public static long toFileSize String value long dEfault if value null return dEfault String s value trim toUpperCase long multiplier 1 int index if index s indexOf ""KB"" 1 multiplier 1024 s s substring 0 index else if index s indexOf ""MB"" 1 multiplier 1024 1024 s s substring 0 index else if index s indexOf ""GB"" 1 multiplier 1024 1024 1024 s s substring 0 index if s null try return Long valueOf s longValue multiplier catch NumberFormatException e LogLog error ""["" s ""] is not in proper int form."" LogLog error ""["" value ""] not in expected format."" e return dEfault public static String findAndSubst String key Properties props String value props getProperty key if value null return null try return substVars value props catch IllegalArgumentException e LogLog error ""Bad option value ["" value ""]."" e return value public static Object instantiateByClassName String className Class superClass Object defaultValue if className null try Class classObj Class forName className if superClass isAssignableFrom classObj LogLog error ""A \"""" className ""\"" object is not assignable to a \"""" superClass getName ""\"" variable."" return defaultValue return classObj newInstance catch Exception e LogLog error ""Could not instantiate class ["" className ""]."" e return defaultValue public static String substVars String val Properties props throws IllegalArgumentException StringBuffer sbuf new StringBuffer int i 0 int j k while true j val indexOf DELIM_START i if j 1 if i 0 return val else sbuf append val substring i val length return sbuf toString else sbuf append val substring i j k val indexOf DELIM_STOP j if k 1 throw new IllegalArgumentException '""' val ""\"" has no closing brace. Opening brace at position "" j '.' else j DELIM_START_LEN String key val substring j k String replacement getSystemProperty key null if replacement null props null replacement props getProperty key if replacement null String recursiveReplacement substVars replacement props sbuf append recursiveReplacement i k DELIM_STOP_LEN static public void selectAndConfigure URL url String clazz LoggerRepository hierarchy Configurator configurator null String filename url getFile if clazz null filename null filename endsWith "".xml"" clazz ""org.apache.log4j.xml.DOMConfigurator"" if clazz null LogLog debug ""Preferred configurator class: "" clazz configurator Configurator instantiateByClassName clazz Configurator class null if configurator null LogLog error ""Could not instantiate configurator ["" clazz ""]."" return else configurator new PropertyConfigurator configurator doConfigure url hierarchy"
org.apache.log4j.spi.ThrowableInformation,3,1,0,6,9,0,5,1,3,0.833333333,41,0.666666667,0,0.0,0.666666667,0,0,11.66666667,2,1.0,5,PackageDeclaration_org.apache.log4j.spi ClassDeclaration_ThrowableInformation FieldDeclaration_ FieldDeclaration_ FieldDeclaration_ ConstructorDeclaration_ThrowableInformation FormalParameter_throwable StatementExpression_ MethodDeclaration_getThrowable ReturnStatement_ MethodDeclaration_getThrowableStrRep IfStatement_ BlockStatement_ ReturnStatement_ MethodInvocation_ BlockStatement_ LocalVariableDeclaration_ StatementExpression_ MethodInvocation_ StatementExpression_ MethodInvocation_ StatementExpression_ MethodInvocation_ ReturnStatement_ ClassDeclaration_VectorWriter FieldDeclaration_ ConstructorDeclaration_VectorWriter StatementExpression_ StatementExpression_ MethodDeclaration_print FormalParameter_o StatementExpression_ MethodInvocation_ MethodInvocation_ MethodDeclaration_print FormalParameter_s StatementExpression_ MethodInvocation_ MethodDeclaration_print FormalParameter_s StatementExpression_ MethodInvocation_ MethodDeclaration_println FormalParameter_o StatementExpression_ MethodInvocation_ MethodInvocation_ MethodDeclaration_println FormalParameter_s StatementExpression_ MethodInvocation_ MethodDeclaration_println FormalParameter_s StatementExpression_ MethodInvocation_ MethodDeclaration_toStringArray LocalVariableDeclaration_ MethodInvocation_ LocalVariableDeclaration_ ForStatement_ VariableDeclaration_ BlockStatement_ StatementExpression_ MethodInvocation_ ReturnStatement_ MethodDeclaration_clear StatementExpression_ MethodInvocation_ ClassDeclaration_NullWriter MethodDeclaration_close MethodDeclaration_flush MethodDeclaration_write FormalParameter_cbuf FormalParameter_off FormalParameter_len,package org apache log4j spi import java io Writer import java io PrintWriter import java util Vector public class ThrowableInformation implements java io Serializable static final long serialVersionUID 4748765566864322735L private transient Throwable throwable private String rep public ThrowableInformation Throwable throwable this throwable throwable public Throwable getThrowable return throwable public String getThrowableStrRep if rep null return String rep clone else VectorWriter vw new VectorWriter throwable printStackTrace vw rep vw toStringArray vw clear return rep class VectorWriter extends PrintWriter private Vector v VectorWriter super new NullWriter v new Vector public void print Object o v addElement o toString public void print char s v addElement new String s public void print String s v addElement s public void println Object o v addElement o toString public void println char s v addElement new String s public void println String s v addElement s public String toStringArray int len v size String sa new String len for int i 0 i len i sa i String v elementAt i return sa public void clear v setSize 0 class NullWriter extends Writer public void close public void flush public void write char cbuf int off int len
org.apache.log4j.xml.XMLLayout,6,2,0,5,24,3,0,5,6,0.8,239,1.0,0,0.615384615,0.444444444,0,0,38.16666667,6,1.6667,6,PackageDeclaration_org.apache.log4j.xml ClassDeclaration_XMLLayout FieldDeclaration_ FieldDeclaration_ FieldDeclaration_ FieldDeclaration_ MethodDeclaration_setLocationInfo FormalParameter_flag StatementExpression_ MethodDeclaration_getLocationInfo ReturnStatement_ MethodDeclaration_activateOptions MethodDeclaration_format FormalParameter_event IfStatement_ MethodInvocation_ BlockStatement_ StatementExpression_ BlockStatement_ StatementExpression_ MethodInvocation_ StatementExpression_ MethodInvocation_ StatementExpression_ MethodInvocation_ StatementExpression_ MethodInvocation_ StatementExpression_ MethodInvocation_ StatementExpression_ MethodInvocation_ StatementExpression_ MethodInvocation_ StatementExpression_ MethodInvocation_ StatementExpression_ MethodInvocation_ MethodInvocation_ StatementExpression_ MethodInvocation_ StatementExpression_ MethodInvocation_ StatementExpression_ MethodInvocation_ MethodInvocation_ StatementExpression_ MethodInvocation_ LocalVariableDeclaration_ MethodInvocation_ IfStatement_ BlockStatement_ StatementExpression_ MethodInvocation_ StatementExpression_ MethodInvocation_ StatementExpression_ MethodInvocation_ LocalVariableDeclaration_ MethodInvocation_ IfStatement_ BlockStatement_ StatementExpression_ MethodInvocation_ ForStatement_ VariableDeclaration_ BlockStatement_ StatementExpression_ MethodInvocation_ StatementExpression_ MethodInvocation_ StatementExpression_ MethodInvocation_ IfStatement_ BlockStatement_ LocalVariableDeclaration_ MethodInvocation_ StatementExpression_ MethodInvocation_ StatementExpression_ MethodInvocation_ MethodInvocation_ StatementExpression_ MethodInvocation_ StatementExpression_ MethodInvocation_ MethodInvocation_ MethodInvocation_ StatementExpression_ MethodInvocation_ StatementExpression_ MethodInvocation_ MethodInvocation_ StatementExpression_ MethodInvocation_ StatementExpression_ MethodInvocation_ MethodInvocation_ StatementExpression_ MethodInvocation_ StatementExpression_ MethodInvocation_ ReturnStatement_ MethodInvocation_ MethodDeclaration_ignoresThrowable ReturnStatement_,"package org apache log4j xml import org apache log4j Layout import org apache log4j spi LoggingEvent import org apache log4j spi LocationInfo import org apache log4j helpers OptionConverter import org apache log4j helpers DateLayout import org apache log4j helpers Transform public class XMLLayout extends Layout private final int DEFAULT_SIZE 256 private final int UPPER_LIMIT 2048 private StringBuffer buf new StringBuffer DEFAULT_SIZE private boolean locationInfo false public void setLocationInfo boolean flag locationInfo flag public boolean getLocationInfo return locationInfo public void activateOptions public String format LoggingEvent event if buf capacity UPPER_LIMIT buf new StringBuffer DEFAULT_SIZE else buf setLength 0 buf append ""<log4j:event category=\"""" buf append event categoryName buf append ""\"" timestamp=\"""" buf append event timeStamp buf append ""\"" level=\"""" buf append event level buf append ""\"" thread=\"""" buf append event getThreadName buf append ""\"">\r\n"" buf append ""<log4j:message><![CDATA["" buf append event getRenderedMessage buf append ""]]></log4j:message>\r\n"" String ndc event getNDC if ndc null buf append ""<log4j:NDC><![CDATA["" buf append ndc buf append ""]]></log4j:NDC>\r\n"" String s event getThrowableStrRep if s null buf append ""<log4j:throwable><![CDATA["" for int i 0 i s length i buf append s i buf append ""\r\n"" buf append ""]]></log4j:throwable>\r\n"" if locationInfo LocationInfo locationInfo event getLocationInformation buf append ""<log4j:locationInfo class=\"""" buf append locationInfo getClassName buf append ""\"" method=\"""" buf append Transform escapeTags locationInfo getMethodName buf append ""\"" file=\"""" buf append locationInfo getFileName buf append ""\"" line=\"""" buf append locationInfo getLineNumber buf append ""\""/>\r\n"" buf append ""</log4j:event>\r\n\r\n"" return buf toString public boolean ignoresThrowable return false"
org.apache.log4j.or.RendererMap,11,1,0,9,32,29,5,5,8,0.666666667,197,0.0,1,0.0,0.283333333,0,0,16.63636364,4,1.7273,2,PackageDeclaration_org.apache.log4j.or ClassDeclaration_RendererMap FieldDeclaration_ FieldDeclaration_ ConstructorDeclaration_RendererMap StatementExpression_ MethodDeclaration_addRenderer FormalParameter_repository FormalParameter_renderedClassName FormalParameter_renderingClassName StatementExpression_ MethodInvocation_ LocalVariableDeclaration_ MethodInvocation_ IfStatement_ BlockStatement_ StatementExpression_ MethodInvocation_ ReturnStatement_ BlockStatement_ TryStatement_ LocalVariableDeclaration_ MethodInvocation_ StatementExpression_ MethodInvocation_ CatchClause_ CatchClauseParameter_e StatementExpression_ MethodInvocation_ MethodDeclaration_findAndRender FormalParameter_o IfStatement_ ReturnStatement_ ReturnStatement_ MethodInvocation_ MethodInvocation_ MethodInvocation_ MethodDeclaration_get FormalParameter_o IfStatement_ ReturnStatement_ ReturnStatement_ MethodInvocation_ MethodInvocation_ MethodDeclaration_get FormalParameter_clazz LocalVariableDeclaration_ ForStatement_ VariableDeclaration_ MethodInvocation_ BlockStatement_ StatementExpression_ MethodInvocation_ IfStatement_ BlockStatement_ ReturnStatement_ StatementExpression_ MethodInvocation_ IfStatement_ ReturnStatement_ ReturnStatement_ MethodDeclaration_searchInterfaces FormalParameter_c LocalVariableDeclaration_ MethodInvocation_ IfStatement_ BlockStatement_ ReturnStatement_ BlockStatement_ LocalVariableDeclaration_ MethodInvocation_ ForStatement_ VariableDeclaration_ BlockStatement_ StatementExpression_ MethodInvocation_ IfStatement_ ReturnStatement_ ReturnStatement_ MethodDeclaration_getDefaultRenderer ReturnStatement_ MethodDeclaration_clear StatementExpression_ MethodInvocation_ MethodDeclaration_put FormalParameter_clazz FormalParameter_or StatementExpression_ MethodInvocation_,"package org apache log4j or import org apache log4j spi RendererSupport import org apache log4j helpers LogLog import org apache log4j helpers OptionConverter import java util Hashtable public class RendererMap Hashtable map static ObjectRenderer defaultRenderer new DefaultRenderer public RendererMap map new Hashtable static public void addRenderer RendererSupport repository String renderedClassName String renderingClassName LogLog debug ""Rendering class: ["" renderingClassName ""], Rendered class: ["" renderedClassName ""]."" ObjectRenderer renderer ObjectRenderer OptionConverter instantiateByClassName renderingClassName ObjectRenderer class null if renderer null LogLog error ""Could not instantiate renderer ["" renderingClassName ""]."" return else try Class renderedClass Class forName renderedClassName repository setRenderer renderedClass renderer catch ClassNotFoundException e LogLog error ""Could not find class ["" renderedClassName ""]."" e public String findAndRender Object o if o null return null else return get o getClass doRender o public ObjectRenderer get Object o if o null return null else return get o getClass public ObjectRenderer get Class clazz ObjectRenderer r null for Class c clazz c null c c getSuperclass r ObjectRenderer map get c if r null return r r searchInterfaces c if r null return r return defaultRenderer ObjectRenderer searchInterfaces Class c ObjectRenderer r ObjectRenderer map get c if r null return r else Class ia c getInterfaces for int i 0 i ia length i r searchInterfaces ia i if r null return r return null public ObjectRenderer getDefaultRenderer return defaultRenderer public void clear map clear public void put Class clazz ObjectRenderer or map put clazz or"
org.apache.log4j.chainsaw.Main,6,6,0,9,52,9,1,9,1,0.95,279,0.5,1,0.993660856,0.25,0,0,44.83333333,2,0.8333,2,PackageDeclaration_org.apache.log4j.chainsaw ClassDeclaration_Main FieldDeclaration_ FieldDeclaration_ FieldDeclaration_ MethodInvocation_ ConstructorDeclaration_Main StatementExpression_ LocalVariableDeclaration_ LocalVariableDeclaration_ StatementExpression_ MethodInvocation_ LocalVariableDeclaration_ StatementExpression_ MethodInvocation_ TryStatement_ LocalVariableDeclaration_ LocalVariableDeclaration_ StatementExpression_ MethodInvocation_ StatementExpression_ MethodInvocation_ CatchClause_ CatchClauseParameter_e StatementExpression_ MethodInvocation_ StatementExpression_ MethodInvocation_ CatchClause_ CatchClauseParameter_e StatementExpression_ MethodInvocation_ StatementExpression_ MethodInvocation_ LocalVariableDeclaration_ StatementExpression_ MethodInvocation_ StatementExpression_ MethodInvocation_ LocalVariableDeclaration_ StatementExpression_ MethodInvocation_ MethodInvocation_ LocalVariableDeclaration_ StatementExpression_ MethodInvocation_ LocalVariableDeclaration_ StatementExpression_ MethodInvocation_ MethodInvocation_ StatementExpression_ MethodInvocation_ LocalVariableDeclaration_ StatementExpression_ MethodInvocation_ LocalVariableDeclaration_ StatementExpression_ MethodInvocation_ MethodInvocation_ StatementExpression_ MethodInvocation_ MethodDeclaration_windowClosing FormalParameter_aEvent StatementExpression_ MethodInvocation_ StatementExpression_ MethodInvocation_ StatementExpression_ MethodInvocation_ StatementExpression_ MethodInvocation_ MethodDeclaration_setupReceiver FormalParameter_aModel LocalVariableDeclaration_ LocalVariableDeclaration_ MethodInvocation_ IfStatement_ BlockStatement_ TryStatement_ StatementExpression_ MethodInvocation_ CatchClause_ CatchClauseParameter_nfe StatementExpression_ MethodInvocation_ StatementExpression_ MethodInvocation_ StatementExpression_ MethodInvocation_ TryStatement_ LocalVariableDeclaration_ StatementExpression_ MethodInvocation_ CatchClause_ CatchClauseParameter_e StatementExpression_ MethodInvocation_ StatementExpression_ MethodInvocation_ StatementExpression_ MethodInvocation_ MethodDeclaration_initLog4J LocalVariableDeclaration_ StatementExpression_ MethodInvocation_ StatementExpression_ MethodInvocation_ StatementExpression_ MethodInvocation_ StatementExpression_ MethodInvocation_ MethodDeclaration_main FormalParameter_aArgs StatementExpression_ MethodInvocation_ StatementExpression_,"package org apache log4j chainsaw import java awt BorderLayout import java awt Dimension import java awt event WindowAdapter import java awt event WindowEvent import java io IOException import java util Properties import javax swing BorderFactory import javax swing JFrame import javax swing JMenu import javax swing JMenuBar import javax swing JMenuItem import javax swing JOptionPane import javax swing JPanel import javax swing JScrollPane import javax swing JSplitPane import javax swing JTable import javax swing ListSelectionModel import org apache log4j Category import org apache log4j PropertyConfigurator public class Main extends JFrame private static final int DEFAULT_PORT 4445 public static final String PORT_PROP_NAME ""chainsaw.port"" private static final Category LOG Category getInstance Main class private Main super ""CHAINSAW - Log4J Log Viewer"" final MyTableModel model new MyTableModel final JMenuBar menuBar new JMenuBar setJMenuBar menuBar final JMenu menu new JMenu ""File"" menuBar add menu try final LoadXMLAction lxa new LoadXMLAction this model final JMenuItem loadMenuItem new JMenuItem ""Load file..."" menu add loadMenuItem loadMenuItem addActionListener lxa catch NoClassDefFoundError e LOG info ""Missing classes for XML parser"" e JOptionPane showMessageDialog this ""XML parser not in classpath - unable to load XML events."" ""CHAINSAW"" JOptionPane ERROR_MESSAGE catch Exception e LOG info ""Unable to create the action to load XML files"" e JOptionPane showMessageDialog this ""Unable to create a XML parser - unable to load XML events."" ""CHAINSAW"" JOptionPane ERROR_MESSAGE final JMenuItem exitMenuItem new JMenuItem ""Exit"" menu add exitMenuItem exitMenuItem addActionListener ExitAction INSTANCE final ControlPanel cp new ControlPanel model getContentPane add cp BorderLayout NORTH final JTable table new JTable model table setSelectionMode ListSelectionModel SINGLE_SELECTION final JScrollPane scrollPane new JScrollPane table scrollPane setBorder BorderFactory createTitledBorder ""Events: "" scrollPane setPreferredSize new Dimension 900 300 final JPanel details new DetailPanel table model details setPreferredSize new Dimension 900 300 final JSplitPane jsp new JSplitPane JSplitPane VERTICAL_SPLIT scrollPane details getContentPane add jsp BorderLayout CENTER addWindowListener new WindowAdapter public void windowClosing WindowEvent aEvent ExitAction INSTANCE actionPerformed null pack setVisible true setupReceiver model private void setupReceiver MyTableModel aModel int port DEFAULT_PORT final String strRep System getProperty PORT_PROP_NAME if strRep null try port Integer parseInt strRep catch NumberFormatException nfe LOG fatal ""Unable to parse "" PORT_PROP_NAME "" property with value "" strRep ""."" JOptionPane showMessageDialog this ""Unable to parse port number from '"" strRep ""', quitting."" ""CHAINSAW"" JOptionPane ERROR_MESSAGE System exit 1 try final LoggingReceiver lr new LoggingReceiver aModel port lr start catch IOException e LOG fatal ""Unable to connect to socket server, quiting"" e JOptionPane showMessageDialog this ""Unable to create socket on port "" port "", quitting."" ""CHAINSAW"" JOptionPane ERROR_MESSAGE System exit 1 private static void initLog4J final Properties props new Properties props setProperty ""log4j.rootCategory"" ""DEBUG, A1"" props setProperty ""log4j.appender.A1"" ""org.apache.log4j.ConsoleAppender"" props setProperty ""log4j.appender.A1.layout"" ""org.apache.log4j.TTCCLayout"" PropertyConfigurator configure props public static void main String aArgs initLog4J new Main"
org.apache.log4j.jmx.Agent,4,1,0,3,15,4,1,2,2,0.833333333,68,0.0,1,0.0,0.5,0,0,15.5,1,0.5,2,PackageDeclaration_org.apache.log4j.jmx ClassDeclaration_Agent FieldDeclaration_ MethodInvocation_ ConstructorDeclaration_Agent MethodDeclaration_start LocalVariableDeclaration_ MethodInvocation_ LocalVariableDeclaration_ TryStatement_ StatementExpression_ MethodInvocation_ StatementExpression_ MethodInvocation_ StatementExpression_ MethodInvocation_ LocalVariableDeclaration_ StatementExpression_ MethodInvocation_ CatchClause_ CatchClauseParameter_e StatementExpression_ MethodInvocation_ ReturnStatement_ StatementExpression_ MethodInvocation_,"package org apache log4j jmx import javax management ObjectName import javax management MBeanServer import javax management MBeanServerFactory import com sun jdmk comm HtmlAdaptorServer import org apache log4j Category public class Agent static Category log Category getInstance Agent class public Agent public void start MBeanServer server MBeanServerFactory createMBeanServer HtmlAdaptorServer html new HtmlAdaptorServer try log info ""Registering HtmlAdaptorServer instance."" server registerMBean html new ObjectName ""Adaptor:name=html,port=8082"" log info ""Registering HierarchyDynamicMBean instance."" HierarchyDynamicMBean hdm new HierarchyDynamicMBean server registerMBean hdm new ObjectName ""log4j:hiearchy=default"" catch Exception e log error ""Problem while regitering MBeans instances."" e return html start"
org.apache.log4j.spi.LoggerRepository,15,1,0,27,15,105,22,6,15,2.0,15,0.0,0,0.0,0.216666667,0,0,0.0,1,1.0,3,PackageDeclaration_org.apache.log4j.spi InterfaceDeclaration_LoggerRepository MethodDeclaration_addHierarchyEventListener FormalParameter_listener MethodDeclaration_isDisabled FormalParameter_level MethodDeclaration_setThreshold FormalParameter_level MethodDeclaration_setThreshold FormalParameter_val MethodDeclaration_emitNoAppenderWarning FormalParameter_cat MethodDeclaration_getThreshold MethodDeclaration_getLogger FormalParameter_name MethodDeclaration_getLogger FormalParameter_name FormalParameter_factory MethodDeclaration_getRootLogger MethodDeclaration_exists FormalParameter_name MethodDeclaration_shutdown MethodDeclaration_getCurrentLoggers MethodDeclaration_getCurrentCategories MethodDeclaration_fireAddAppenderEvent FormalParameter_logger FormalParameter_appender MethodDeclaration_resetConfiguration,package org apache log4j spi import org apache log4j import java util Enumeration public interface LoggerRepository public void addHierarchyEventListener HierarchyEventListener listener boolean isDisabled int level public void setThreshold Level level public void setThreshold String val public void emitNoAppenderWarning Category cat public Level getThreshold public Logger getLogger String name public Logger getLogger String name LoggerFactory factory public Logger getRootLogger public abstract Logger exists String name public abstract void shutdown public Enumeration getCurrentLoggers public Enumeration getCurrentCategories public abstract void fireAddAppenderEvent Category logger Appender appender public abstract void resetConfiguration
org.apache.log4j.test.StressAsyncAppender,10,2,0,2,37,23,0,2,7,0.833333333,301,0.0,1,0.884057971,0.2,0,0,28.1,4,1.7,1,PackageDeclaration_org.apache.log4j.test ClassDeclaration_StressAsyncAppender FieldDeclaration_ MethodInvocation_ FieldDeclaration_ FieldDeclaration_ FieldDeclaration_ FieldDeclaration_ FieldDeclaration_ FieldDeclaration_ FieldDeclaration_ MethodInvocation_ FieldDeclaration_ MethodDeclaration_main FormalParameter_args IfStatement_ BlockStatement_ StatementExpression_ MethodInvocation_ StatementExpression_ MethodInvocation_ TryStatement_ StatementExpression_ MethodInvocation_ CatchClause_ CatchClauseParameter_e StatementExpression_ MethodInvocation_ StatementExpression_ MethodInvocation_ WhileStatement_ BlockStatement_ SynchronizedStatement_ StatementExpression_ MethodInvocation_ MethodInvocation_ TryStatement_ StatementExpression_ MethodInvocation_ StatementExpression_ MethodInvocation_ StatementExpression_ MethodInvocation_ CatchClause_ CatchClauseParameter_e StatementExpression_ MethodInvocation_ MethodDeclaration_usage StatementExpression_ MethodInvocation_ MethodInvocation_ StatementExpression_ MethodInvocation_ ConstructorDeclaration_StressAsyncAppender MethodDeclaration_run LocalVariableDeclaration_ MethodInvocation_ StatementExpression_ MethodInvocation_ LocalVariableDeclaration_ ForStatement_ VariableDeclaration_ BlockStatement_ IfStatement_ StatementExpression_ MethodInvocation_ MethodInvocation_ SynchronizedStatement_ StatementExpression_ MethodInvocation_ SynchronizedStatement_ StatementExpression_ StatementExpression_ MethodInvocation_ IfStatement_ BlockStatement_ StatementExpression_ MethodInvocation_ StatementExpression_ MethodInvocation_ MethodDeclaration_createChildren FormalParameter_n IfStatement_ ReturnStatement_ SynchronizedStatement_ StatementExpression_ MethodInvocation_ StatementExpression_ MethodInvocation_ ForStatement_ VariableDeclaration_ BlockStatement_ StatementExpression_ MethodInvocation_ StatementExpression_ MethodInvocation_ MethodDeclaration_maxThreadsConstrained FormalParameter_a LocalVariableDeclaration_ ReturnStatement_ MethodDeclaration_randomInt FormalParameter_n LocalVariableDeclaration_ MethodInvocation_ ReturnStatement_ MethodDeclaration_delay FormalParameter_millis TryStatement_ StatementExpression_ MethodInvocation_ MethodInvocation_ CatchClause_ CatchClauseParameter_e,"package org apache log4j test import org apache log4j Category import org apache log4j xml DOMConfigurator import java util Random public class StressAsyncAppender extends Thread static Category root Category getRoot static Random random new Random 101 static final int LOOP_LENGTH 24 static final int BRANCHING_FACTOR 4 static int maxThreads static long msgCounter 0 static int threadCounter 0 static double LOG_2 Math log 2 static Object lock new Object public static void main String args if args length 1 usage DOMConfigurator configure ""xml/stressAsyncAppender.xml"" try maxThreads Integer parseInt args 0 catch java lang NumberFormatException e System err println e usage while true synchronized lock createChildren randomInt BRANCHING_FACTOR 1 try root debug ""About to wait for notification."" lock wait root debug ""Got a notification."" catch InterruptedException e root warn ""Unpextected InterruptedException received."" e static void usage System err println ""Usage: java "" StressAsyncAppender class getName "" MAX_THREADS"" System exit 1 public StressAsyncAppender public void run int loopLength StressAsyncAppender randomInt LOOP_LENGTH root debug ""In run loop, loopLength = "" loopLength int createIndex loopLength 2 for int i 0 i loopLength i if i createIndex createChildren randomInt BRANCHING_FACTOR synchronized lock root debug ""Message number "" msgCounter synchronized lock StressAsyncAppender threadCounter root debug ""Exiting run loop. "" threadCounter if StressAsyncAppender threadCounter 0 root debug ""Notifying [main] thread."" lock notify public static void createChildren int n if n 0 return synchronized lock n maxThreadsConstrained n root debug ""Creating "" n "" child StressAsyncAppender threads."" for int i 0 i n i root debug ""New StressAsyncAppender, threadCounter = "" threadCounter new StressAsyncAppender start static public int maxThreadsConstrained int a int maxAllowed StressAsyncAppender maxThreads StressAsyncAppender threadCounter return a maxAllowed a maxAllowed public static int randomInt int n int r random nextInt n return r 0 r r public void delay long millis try Thread currentThread sleep millis catch Exception e"
org.apache.log4j.lf5.viewer.categoryexplorer.CategoryAbstractCellEditor,16,1,1,3,28,78,3,0,13,0.733333333,213,0.8,0,0.0,0.208333333,0,0,12.0,5,1.875,2,PackageDeclaration_org.apache.log4j.lf5.viewer.categoryexplorer ClassDeclaration_CategoryAbstractCellEditor FieldDeclaration_ FieldDeclaration_ FieldDeclaration_ FieldDeclaration_ MethodDeclaration_getCellEditorValue ReturnStatement_ MethodDeclaration_setCellEditorValue FormalParameter_value StatementExpression_ MethodDeclaration_setClickCountToStart FormalParameter_count StatementExpression_ MethodDeclaration_getClickCountToStart ReturnStatement_ MethodDeclaration_isCellEditable FormalParameter_anEvent IfStatement_ BlockStatement_ IfStatement_ BlockStatement_ ReturnStatement_ ReturnStatement_ MethodDeclaration_shouldSelectCell FormalParameter_anEvent IfStatement_ MethodInvocation_ BlockStatement_ IfStatement_ BlockStatement_ ReturnStatement_ ReturnStatement_ MethodDeclaration_stopCellEditing StatementExpression_ MethodInvocation_ ReturnStatement_ MethodDeclaration_cancelCellEditing StatementExpression_ MethodInvocation_ MethodDeclaration_addCellEditorListener FormalParameter_l StatementExpression_ MethodInvocation_ MethodDeclaration_removeCellEditorListener FormalParameter_l StatementExpression_ MethodInvocation_ MethodDeclaration_getTreeCellEditorComponent FormalParameter_tree FormalParameter_value FormalParameter_isSelected FormalParameter_expanded FormalParameter_leaf FormalParameter_row ReturnStatement_ MethodDeclaration_getTableCellEditorComponent FormalParameter_table FormalParameter_value FormalParameter_isSelected FormalParameter_row FormalParameter_column ReturnStatement_ MethodDeclaration_fireEditingStopped LocalVariableDeclaration_ MethodInvocation_ ForStatement_ VariableDeclaration_ BlockStatement_ IfStatement_ BlockStatement_ IfStatement_ BlockStatement_ StatementExpression_ StatementExpression_ MethodDeclaration_fireEditingCanceled LocalVariableDeclaration_ MethodInvocation_ ForStatement_ VariableDeclaration_ BlockStatement_ IfStatement_ BlockStatement_ IfStatement_ BlockStatement_ StatementExpression_ StatementExpression_,package org apache log4j lf5 viewer categoryexplorer import javax swing import javax swing event CellEditorListener import javax swing event ChangeEvent import javax swing event EventListenerList import javax swing table TableCellEditor import javax swing tree TreeCellEditor import java awt import java awt event MouseEvent import java util EventObject public class CategoryAbstractCellEditor implements TableCellEditor TreeCellEditor protected EventListenerList _listenerList new EventListenerList protected Object _value protected ChangeEvent _changeEvent null protected int _clickCountToStart 1 public Object getCellEditorValue return _value public void setCellEditorValue Object value _value value public void setClickCountToStart int count _clickCountToStart count public int getClickCountToStart return _clickCountToStart public boolean isCellEditable EventObject anEvent if anEvent instanceof MouseEvent if MouseEvent anEvent getClickCount _clickCountToStart return false return true public boolean shouldSelectCell EventObject anEvent if this isCellEditable anEvent if anEvent null MouseEvent anEvent getClickCount _clickCountToStart return true return false public boolean stopCellEditing fireEditingStopped return true public void cancelCellEditing fireEditingCanceled public void addCellEditorListener CellEditorListener l _listenerList add CellEditorListener class l public void removeCellEditorListener CellEditorListener l _listenerList remove CellEditorListener class l public Component getTreeCellEditorComponent JTree tree Object value boolean isSelected boolean expanded boolean leaf int row return null public Component getTableCellEditorComponent JTable table Object value boolean isSelected int row int column return null protected void fireEditingStopped Object listeners _listenerList getListenerList for int i listeners length 2 i 0 i 2 if listeners i CellEditorListener class if _changeEvent null _changeEvent new ChangeEvent this CellEditorListener listeners i 1 editingStopped _changeEvent protected void fireEditingCanceled Object listeners _listenerList getListenerList for int i listeners length 2 i 0 i 2 if listeners i CellEditorListener class if _changeEvent null _changeEvent new ChangeEvent this CellEditorListener listeners i 1 editingCanceled _changeEvent
org.apache.log4j.AsyncAppender,15,2,0,9,43,19,1,9,15,0.821428571,279,0.0,3,0.5625,0.255555556,1,2,17.2,5,1.2667,5,PackageDeclaration_org.apache.log4j ClassDeclaration_AsyncAppender FieldDeclaration_ FieldDeclaration_ FieldDeclaration_ FieldDeclaration_ FieldDeclaration_ FieldDeclaration_ ConstructorDeclaration_AsyncAppender StatementExpression_ StatementExpression_ StatementExpression_ MethodInvocation_ MethodDeclaration_addAppender FormalParameter_newAppender SynchronizedStatement_ StatementExpression_ MethodInvocation_ MethodDeclaration_append FormalParameter_event StatementExpression_ MethodInvocation_ StatementExpression_ MethodInvocation_ StatementExpression_ MethodInvocation_ IfStatement_ BlockStatement_ StatementExpression_ MethodInvocation_ SynchronizedStatement_ WhileStatement_ MethodInvocation_ BlockStatement_ TryStatement_ StatementExpression_ MethodInvocation_ CatchClause_ CatchClauseParameter_e IfStatement_ BlockStatement_ StatementExpression_ StatementExpression_ MethodInvocation_ BlockStatement_ StatementExpression_ MethodInvocation_ StatementExpression_ MethodInvocation_ IfStatement_ MethodInvocation_ BlockStatement_ StatementExpression_ MethodInvocation_ MethodDeclaration_close SynchronizedStatement_ IfStatement_ BlockStatement_ ReturnStatement_ StatementExpression_ StatementExpression_ MethodInvocation_ TryStatement_ StatementExpression_ MethodInvocation_ CatchClause_ CatchClauseParameter_e StatementExpression_ MethodInvocation_ StatementExpression_ StatementExpression_ MethodDeclaration_getAllAppenders SynchronizedStatement_ ReturnStatement_ MethodInvocation_ MethodDeclaration_getAppender FormalParameter_name SynchronizedStatement_ ReturnStatement_ MethodInvocation_ MethodDeclaration_getLocationInfo ReturnStatement_ MethodDeclaration_isAttached FormalParameter_appender ReturnStatement_ MethodInvocation_ MethodDeclaration_requiresLayout ReturnStatement_ MethodDeclaration_removeAllAppenders SynchronizedStatement_ StatementExpression_ MethodInvocation_ MethodDeclaration_removeAppender FormalParameter_appender SynchronizedStatement_ StatementExpression_ MethodInvocation_ MethodDeclaration_removeAppender FormalParameter_name SynchronizedStatement_ StatementExpression_ MethodInvocation_ MethodDeclaration_setLocationInfo FormalParameter_flag StatementExpression_ MethodDeclaration_setBufferSize FormalParameter_size StatementExpression_ MethodInvocation_ MethodDeclaration_getBufferSize ReturnStatement_ MethodInvocation_ ClassDeclaration_Dispatcher FieldDeclaration_ FieldDeclaration_ FieldDeclaration_ FieldDeclaration_ ConstructorDeclaration_Dispatcher FormalParameter_bf FormalParameter_container StatementExpression_ StatementExpression_ StatementExpression_ StatementExpression_ MethodInvocation_ StatementExpression_ MethodInvocation_ MethodInvocation_ MethodDeclaration_close SynchronizedStatement_ StatementExpression_ IfStatement_ MethodInvocation_ BlockStatement_ StatementExpression_ MethodInvocation_ MethodDeclaration_run LocalVariableDeclaration_ WhileStatement_ BlockStatement_ SynchronizedStatement_ IfStatement_ MethodInvocation_ BlockStatement_ IfStatement_ BlockStatement_ ReturnStatement_ TryStatement_ StatementExpression_ MethodInvocation_ CatchClause_ CatchClauseParameter_e StatementExpression_ MethodInvocation_ BreakStatement_ StatementExpression_ MethodInvocation_ IfStatement_ MethodInvocation_ BlockStatement_ StatementExpression_ MethodInvocation_ SynchronizedStatement_ IfStatement_ BlockStatement_ StatementExpression_ MethodInvocation_,"package org apache log4j import org apache log4j spi LoggingEvent import org apache log4j helpers BoundedFIFO import org apache log4j spi AppenderAttachable import org apache log4j helpers AppenderAttachableImpl import org apache log4j helpers LogLog import java util Enumeration public class AsyncAppender extends AppenderSkeleton implements AppenderAttachable public static final int DEFAULT_BUFFER_SIZE 128 BoundedFIFO bf new BoundedFIFO DEFAULT_BUFFER_SIZE AppenderAttachableImpl aai Dispatcher dispatcher boolean locationInfo false boolean interruptedWarningMessage false public AsyncAppender aai new AppenderAttachableImpl dispatcher new Dispatcher bf this dispatcher start public void addAppender Appender newAppender synchronized aai aai addAppender newAppender public void append LoggingEvent event event getNDC event getThreadName event getMDCCopy if locationInfo event getLocationInformation synchronized bf while bf isFull try bf wait catch InterruptedException e if interruptedWarningMessage interruptedWarningMessage true LogLog warn ""AsyncAppender interrupted."" e else LogLog warn ""AsyncAppender interrupted again."" bf put event if bf wasEmpty bf notify public void close synchronized this if closed return closed true dispatcher close try dispatcher join catch InterruptedException e LogLog error ""Got an InterruptedException while waiting for the "" ""dispatcher to finish."" e dispatcher null bf null public Enumeration getAllAppenders synchronized aai return aai getAllAppenders public Appender getAppender String name synchronized aai return aai getAppender name public boolean getLocationInfo return locationInfo public boolean isAttached Appender appender return aai isAttached appender public boolean requiresLayout return false public void removeAllAppenders synchronized aai aai removeAllAppenders public void removeAppender Appender appender synchronized aai aai removeAppender appender public void removeAppender String name synchronized aai aai removeAppender name public void setLocationInfo boolean flag locationInfo flag public void setBufferSize int size bf resize size public int getBufferSize return bf getMaxSize class Dispatcher extends Thread BoundedFIFO bf AppenderAttachableImpl aai boolean interrupted false AsyncAppender container Dispatcher BoundedFIFO bf AsyncAppender container this bf bf this container container this aai container aai this setPriority Thread MIN_PRIORITY this setName ""Dispatcher-"" getName void close synchronized bf interrupted true if bf length 0 bf notify public void run LoggingEvent event while true synchronized bf if bf length 0 if interrupted return try bf wait catch InterruptedException e LogLog error ""The dispathcer should not be interrupted."" break event bf get if bf wasFull bf notify synchronized container aai if aai null event null aai appendLoopOnAppenders event"
org.apache.log4j.helpers.DateTimeDateFormat,4,4,0,3,15,4,2,1,4,0.333333333,80,0.0,0,0.953488372,0.357142857,1,3,18.75,2,0.75,4,PackageDeclaration_org.apache.log4j.helpers ClassDeclaration_DateTimeDateFormat FieldDeclaration_ ConstructorDeclaration_DateTimeDateFormat StatementExpression_ StatementExpression_ MethodInvocation_ ConstructorDeclaration_DateTimeDateFormat FormalParameter_timeZone StatementExpression_ StatementExpression_ MethodInvocation_ MethodInvocation_ MethodDeclaration_format FormalParameter_date FormalParameter_sbuf FormalParameter_fieldPosition StatementExpression_ MethodInvocation_ LocalVariableDeclaration_ MethodInvocation_ IfStatement_ StatementExpression_ MethodInvocation_ StatementExpression_ MethodInvocation_ StatementExpression_ MethodInvocation_ StatementExpression_ MethodInvocation_ MethodInvocation_ StatementExpression_ MethodInvocation_ LocalVariableDeclaration_ MethodInvocation_ StatementExpression_ MethodInvocation_ StatementExpression_ MethodInvocation_ ReturnStatement_ MethodDeclaration_parse FormalParameter_s FormalParameter_pos ReturnStatement_,package org apache log4j helpers import java util Calendar import java util TimeZone import java util Date import java text FieldPosition import java text ParsePosition import java text DateFormatSymbols public class DateTimeDateFormat extends AbsoluteTimeDateFormat String shortMonths public DateTimeDateFormat super shortMonths new DateFormatSymbols getShortMonths public DateTimeDateFormat TimeZone timeZone this setCalendar Calendar getInstance timeZone public StringBuffer format Date date StringBuffer sbuf FieldPosition fieldPosition calendar setTime date int day calendar get Calendar DAY_OF_MONTH if day 10 sbuf append '0' sbuf append day sbuf append ' ' sbuf append shortMonths calendar get Calendar MONTH sbuf append ' ' int year calendar get Calendar YEAR sbuf append year sbuf append ' ' return super format date sbuf fieldPosition public Date parse java lang String s ParsePosition pos return null
org.apache.log4j.lf5.viewer.categoryexplorer.CategoryNode,20,2,0,15,30,142,15,0,16,0.8,191,1.0,0,0.736111111,0.3125,2,3,8.3,3,1.25,3,PackageDeclaration_org.apache.log4j.lf5.viewer.categoryexplorer ClassDeclaration_CategoryNode FieldDeclaration_ FieldDeclaration_ FieldDeclaration_ FieldDeclaration_ FieldDeclaration_ ConstructorDeclaration_CategoryNode FormalParameter_title StatementExpression_ MethodInvocation_ MethodDeclaration_getTitle ReturnStatement_ MethodInvocation_ MethodDeclaration_setSelected FormalParameter_s IfStatement_ BlockStatement_ StatementExpression_ MethodDeclaration_isSelected ReturnStatement_ MethodDeclaration_setAllDescendantsSelected LocalVariableDeclaration_ MethodInvocation_ WhileStatement_ MethodInvocation_ BlockStatement_ LocalVariableDeclaration_ MethodInvocation_ StatementExpression_ MethodInvocation_ StatementExpression_ MethodInvocation_ MethodDeclaration_setAllDescendantsDeSelected LocalVariableDeclaration_ MethodInvocation_ WhileStatement_ MethodInvocation_ BlockStatement_ LocalVariableDeclaration_ MethodInvocation_ StatementExpression_ MethodInvocation_ StatementExpression_ MethodInvocation_ MethodDeclaration_toString ReturnStatement_ MethodInvocation_ MethodDeclaration_equals FormalParameter_obj IfStatement_ BlockStatement_ LocalVariableDeclaration_ LocalVariableDeclaration_ MethodInvocation_ MethodInvocation_ LocalVariableDeclaration_ MethodInvocation_ MethodInvocation_ IfStatement_ MethodInvocation_ BlockStatement_ ReturnStatement_ ReturnStatement_ MethodDeclaration_hashCode ReturnStatement_ MethodInvocation_ MethodDeclaration_addRecord StatementExpression_ StatementExpression_ MethodInvocation_ MethodDeclaration_getNumberOfContainedRecords ReturnStatement_ MethodDeclaration_resetNumberOfContainedRecords StatementExpression_ StatementExpression_ StatementExpression_ StatementExpression_ MethodDeclaration_hasFatalRecords ReturnStatement_ MethodDeclaration_hasFatalChildren ReturnStatement_ MethodDeclaration_setHasFatalRecords FormalParameter_flag StatementExpression_ MethodDeclaration_setHasFatalChildren FormalParameter_flag StatementExpression_ MethodDeclaration_getTotalNumberOfRecords ReturnStatement_ MethodInvocation_ MethodInvocation_ MethodDeclaration_addRecordFromChild StatementExpression_ StatementExpression_ MethodInvocation_ MethodDeclaration_getNumberOfRecordsFromChildren ReturnStatement_ MethodDeclaration_addRecordToParent LocalVariableDeclaration_ MethodInvocation_ IfStatement_ BlockStatement_ ReturnStatement_ StatementExpression_,package org apache log4j lf5 viewer categoryexplorer import javax swing tree DefaultMutableTreeNode import javax swing tree TreeNode import java util Enumeration public class CategoryNode extends DefaultMutableTreeNode protected boolean _selected true protected int _numberOfContainedRecords 0 protected int _numberOfRecordsFromChildren 0 protected boolean _hasFatalChildren false protected boolean _hasFatalRecords false public CategoryNode String title setUserObject title public String getTitle return String getUserObject public void setSelected boolean s if s _selected _selected s public boolean isSelected return _selected public void setAllDescendantsSelected Enumeration children children while children hasMoreElements CategoryNode node CategoryNode children nextElement node setSelected true node setAllDescendantsSelected public void setAllDescendantsDeSelected Enumeration children children while children hasMoreElements CategoryNode node CategoryNode children nextElement node setSelected false node setAllDescendantsDeSelected public String toString return getTitle public boolean equals Object obj if obj instanceof CategoryNode CategoryNode node CategoryNode obj String tit1 getTitle toLowerCase String tit2 node getTitle toLowerCase if tit1 equals tit2 return true return false public int hashCode return getTitle hashCode public void addRecord _numberOfContainedRecords addRecordToParent public int getNumberOfContainedRecords return _numberOfContainedRecords public void resetNumberOfContainedRecords _numberOfContainedRecords 0 _numberOfRecordsFromChildren 0 _hasFatalRecords false _hasFatalChildren false public boolean hasFatalRecords return _hasFatalRecords public boolean hasFatalChildren return _hasFatalChildren public void setHasFatalRecords boolean flag _hasFatalRecords flag public void setHasFatalChildren boolean flag _hasFatalChildren flag protected int getTotalNumberOfRecords return getNumberOfRecordsFromChildren getNumberOfContainedRecords protected void addRecordFromChild _numberOfRecordsFromChildren addRecordToParent protected int getNumberOfRecordsFromChildren return _numberOfRecordsFromChildren protected void addRecordToParent TreeNode parent getParent if parent null return CategoryNode parent addRecordFromChild
org.apache.log4j.varia.Roller,7,1,0,2,32,15,0,2,1,0.625,168,0.0,1,0.0,0.277777778,0,0,22.42857143,2,1.1429,2,PackageDeclaration_org.apache.log4j.varia ClassDeclaration_Roller FieldDeclaration_ MethodInvocation_ MethodInvocation_ FieldDeclaration_ FieldDeclaration_ ConstructorDeclaration_Roller MethodDeclaration_main FormalParameter_argv StatementExpression_ MethodInvocation_ IfStatement_ StatementExpression_ MethodInvocation_ StatementExpression_ MethodInvocation_ StatementExpression_ MethodInvocation_ MethodDeclaration_usage FormalParameter_msg StatementExpression_ MethodInvocation_ StatementExpression_ MethodInvocation_ MethodInvocation_ StatementExpression_ MethodInvocation_ MethodDeclaration_init FormalParameter_hostArg FormalParameter_portArg StatementExpression_ TryStatement_ StatementExpression_ MethodInvocation_ CatchClause_ CatchClauseParameter_e StatementExpression_ MethodInvocation_ MethodDeclaration_roll TryStatement_ LocalVariableDeclaration_ LocalVariableDeclaration_ MethodInvocation_ LocalVariableDeclaration_ MethodInvocation_ StatementExpression_ MethodInvocation_ LocalVariableDeclaration_ MethodInvocation_ IfStatement_ MethodInvocation_ BlockStatement_ StatementExpression_ MethodInvocation_ BlockStatement_ StatementExpression_ MethodInvocation_ StatementExpression_ MethodInvocation_ CatchClause_ CatchClauseParameter_e StatementExpression_ MethodInvocation_ StatementExpression_ MethodInvocation_ StatementExpression_ MethodInvocation_,"package org apache log4j varia import org apache log4j Category import org apache log4j BasicConfigurator import java io IOException import java io DataInputStream import java io DataOutputStream import java net Socket public class Roller static Category cat Category getInstance Roller class getName static String host static int port Roller public static void main String argv BasicConfigurator configure if argv length 2 init argv 0 argv 1 else usage ""Wrong number of arguments."" roll static void usage String msg System err println msg System err println ""Usage: java "" Roller class getName ""host_name port_number"" System exit 1 static void init String hostArg String portArg host hostArg try port Integer parseInt portArg catch java lang NumberFormatException e usage ""Second argument "" portArg "" is not a valid integer."" static void roll try Socket socket new Socket host port DataOutputStream dos new DataOutputStream socket getOutputStream DataInputStream dis new DataInputStream socket getInputStream dos writeUTF ExternallyRolledFileAppender ROLL_OVER String rc dis readUTF if ExternallyRolledFileAppender OK equals rc cat info ""Roll over signal acknowledged by remote appender."" else cat warn ""Unexpected return code "" rc "" from remote entity."" System exit 2 catch IOException e cat error ""Could not send roll signal on host "" host "" port "" port "" ."" e System exit 2 System exit 0"
org.apache.log4j.lf5.util.AdapterLogRecord,9,2,0,3,24,22,1,2,5,0.708333333,113,1.0,1,0.787878788,0.34375,2,3,11.22222222,2,1.0,2,PackageDeclaration_org.apache.log4j.lf5.util ClassDeclaration_AdapterLogRecord FieldDeclaration_ FieldDeclaration_ FieldDeclaration_ ConstructorDeclaration_AdapterLogRecord StatementExpression_ MethodDeclaration_setCategory FormalParameter_category StatementExpression_ StatementExpression_ MethodInvocation_ MethodDeclaration_isSevereLevel IfStatement_ ReturnStatement_ ReturnStatement_ MethodInvocation_ MethodInvocation_ MethodDeclaration_setSevereLevel FormalParameter_level StatementExpression_ MethodDeclaration_getSevereLevel ReturnStatement_ MethodDeclaration_getLocationInfo FormalParameter_category LocalVariableDeclaration_ MethodInvocation_ LocalVariableDeclaration_ MethodInvocation_ ReturnStatement_ MethodDeclaration_stackTraceToString FormalParameter_t LocalVariableDeclaration_ SynchronizedStatement_ StatementExpression_ MethodInvocation_ StatementExpression_ MethodInvocation_ StatementExpression_ MethodInvocation_ MethodInvocation_ ReturnStatement_ MethodDeclaration_parseLine FormalParameter_trace FormalParameter_category LocalVariableDeclaration_ MethodInvocation_ IfStatement_ ReturnStatement_ StatementExpression_ MethodInvocation_ StatementExpression_ MethodInvocation_ MethodInvocation_ ReturnStatement_,"package org apache log4j lf5 util import org apache log4j lf5 LogLevel import org apache log4j lf5 LogRecord import java io PrintWriter import java io StringWriter public class AdapterLogRecord extends LogRecord private static LogLevel severeLevel null private static StringWriter sw new StringWriter private static PrintWriter pw new PrintWriter sw public AdapterLogRecord super public void setCategory String category super setCategory category super setLocation getLocationInfo category public boolean isSevereLevel if severeLevel null return false return severeLevel equals getLevel public static void setSevereLevel LogLevel level severeLevel level public static LogLevel getSevereLevel return severeLevel protected String getLocationInfo String category String stackTrace stackTraceToString new Throwable String line parseLine stackTrace category return line protected String stackTraceToString Throwable t String s null synchronized sw t printStackTrace pw s sw toString sw getBuffer setLength 0 return s protected String parseLine String trace String category int index trace indexOf category if index 1 return null trace trace substring index trace trace substring 0 trace indexOf "")"" 1 return trace"
org.apache.log4j.net.SyslogAppender,16,2,0,7,35,58,0,7,15,1.002380952,460,0.071428571,1,0.580645161,0.260416667,1,3,26.0,22,4.0625,10,PackageDeclaration_org.apache.log4j.net ClassDeclaration_SyslogAppender FieldDeclaration_ FieldDeclaration_ FieldDeclaration_ FieldDeclaration_ FieldDeclaration_ FieldDeclaration_ FieldDeclaration_ FieldDeclaration_ FieldDeclaration_ FieldDeclaration_ FieldDeclaration_ FieldDeclaration_ FieldDeclaration_ FieldDeclaration_ FieldDeclaration_ FieldDeclaration_ FieldDeclaration_ FieldDeclaration_ FieldDeclaration_ FieldDeclaration_ FieldDeclaration_ FieldDeclaration_ FieldDeclaration_ FieldDeclaration_ FieldDeclaration_ FieldDeclaration_ FieldDeclaration_ FieldDeclaration_ ConstructorDeclaration_SyslogAppender StatementExpression_ MethodInvocation_ ConstructorDeclaration_SyslogAppender FormalParameter_layout FormalParameter_syslogFacility StatementExpression_ StatementExpression_ StatementExpression_ MethodInvocation_ ConstructorDeclaration_SyslogAppender FormalParameter_layout FormalParameter_syslogHost FormalParameter_syslogFacility StatementExpression_ StatementExpression_ MethodInvocation_ MethodDeclaration_close StatementExpression_ StatementExpression_ MethodDeclaration_initSyslogFacilityStr StatementExpression_ MethodInvocation_ IfStatement_ BlockStatement_ StatementExpression_ MethodInvocation_ StatementExpression_ StatementExpression_ BlockStatement_ StatementExpression_ MethodDeclaration_getFacilityString FormalParameter_syslogFacility SwitchStatement_ ReturnStatement_ ReturnStatement_ ReturnStatement_ ReturnStatement_ ReturnStatement_ ReturnStatement_ ReturnStatement_ ReturnStatement_ ReturnStatement_ ReturnStatement_ ReturnStatement_ ReturnStatement_ ReturnStatement_ ReturnStatement_ ReturnStatement_ ReturnStatement_ ReturnStatement_ ReturnStatement_ ReturnStatement_ ReturnStatement_ ReturnStatement_ MethodDeclaration_getFacility FormalParameter_facilityName IfStatement_ BlockStatement_ StatementExpression_ MethodInvocation_ IfStatement_ MethodInvocation_ BlockStatement_ ReturnStatement_ IfStatement_ MethodInvocation_ BlockStatement_ ReturnStatement_ IfStatement_ MethodInvocation_ BlockStatement_ ReturnStatement_ IfStatement_ MethodInvocation_ BlockStatement_ ReturnStatement_ IfStatement_ MethodInvocation_ BlockStatement_ ReturnStatement_ IfStatement_ MethodInvocation_ BlockStatement_ ReturnStatement_ IfStatement_ MethodInvocation_ BlockStatement_ ReturnStatement_ IfStatement_ MethodInvocation_ BlockStatement_ ReturnStatement_ IfStatement_ MethodInvocation_ BlockStatement_ ReturnStatement_ IfStatement_ MethodInvocation_ BlockStatement_ ReturnStatement_ IfStatement_ MethodInvocation_ BlockStatement_ ReturnStatement_ IfStatement_ MethodInvocation_ BlockStatement_ ReturnStatement_ IfStatement_ MethodInvocation_ BlockStatement_ ReturnStatement_ IfStatement_ MethodInvocation_ BlockStatement_ ReturnStatement_ IfStatement_ MethodInvocation_ BlockStatement_ ReturnStatement_ IfStatement_ MethodInvocation_ BlockStatement_ ReturnStatement_ IfStatement_ MethodInvocation_ BlockStatement_ ReturnStatement_ IfStatement_ MethodInvocation_ BlockStatement_ ReturnStatement_ IfStatement_ MethodInvocation_ BlockStatement_ ReturnStatement_ IfStatement_ MethodInvocation_ BlockStatement_ ReturnStatement_ BlockStatement_ ReturnStatement_ MethodDeclaration_append FormalParameter_event IfStatement_ MethodInvocation_ ReturnStatement_ IfStatement_ BlockStatement_ StatementExpression_ MethodInvocation_ ReturnStatement_ LocalVariableDeclaration_ MethodInvocation_ StatementExpression_ MethodInvocation_ MethodInvocation_ StatementExpression_ MethodInvocation_ LocalVariableDeclaration_ MethodInvocation_ IfStatement_ BlockStatement_ LocalVariableDeclaration_ IfStatement_ BlockStatement_ StatementExpression_ MethodInvocation_ ForStatement_ VariableDeclaration_ BlockStatement_ StatementExpression_ MethodInvocation_ MethodInvocation_ MethodDeclaration_activateOptions MethodDeclaration_requiresLayout ReturnStatement_ MethodDeclaration_setSyslogHost FormalParameter_syslogHost StatementExpression_ StatementExpression_ MethodDeclaration_getSyslogHost ReturnStatement_ MethodDeclaration_setFacility FormalParameter_facilityName IfStatement_ ReturnStatement_ StatementExpression_ MethodInvocation_ IfStatement_ BlockStatement_ StatementExpression_ MethodInvocation_ StatementExpression_ StatementExpression_ MethodInvocation_ IfStatement_ BlockStatement_ StatementExpression_ MethodInvocation_ MethodDeclaration_getFacility ReturnStatement_ MethodInvocation_ MethodDeclaration_setFacilityPrinting FormalParameter_on StatementExpression_ MethodDeclaration_getFacilityPrinting ReturnStatement_,"package org apache log4j net import org apache log4j AppenderSkeleton import org apache log4j spi LoggingEvent import org apache log4j Layout import org apache log4j helpers SyslogWriter import org apache log4j helpers SyslogQuietWriter public class SyslogAppender extends AppenderSkeleton final static public int LOG_KERN 0 final static public int LOG_USER 1 3 final static public int LOG_MAIL 2 3 final static public int LOG_DAEMON 3 3 final static public int LOG_AUTH 4 3 final static public int LOG_SYSLOG 5 3 final static public int LOG_LPR 6 3 final static public int LOG_NEWS 7 3 final static public int LOG_UUCP 8 3 final static public int LOG_CRON 9 3 final static public int LOG_AUTHPRIV 10 3 final static public int LOG_FTP 11 3 final static public int LOG_LOCAL0 16 3 final static public int LOG_LOCAL1 17 3 final static public int LOG_LOCAL2 18 3 final static public int LOG_LOCAL3 19 3 final static public int LOG_LOCAL4 20 3 final static public int LOG_LOCAL5 21 3 final static public int LOG_LOCAL6 22 3 final static public int LOG_LOCAL7 23 3 protected static final int SYSLOG_HOST_OI 0 protected static final int FACILITY_OI 1 static final String TAB ""    "" int syslogFacility LOG_USER String facilityStr boolean facilityPrinting false SyslogQuietWriter sqw String syslogHost public SyslogAppender this initSyslogFacilityStr public SyslogAppender Layout layout int syslogFacility this layout layout this syslogFacility syslogFacility this initSyslogFacilityStr public SyslogAppender Layout layout String syslogHost int syslogFacility this layout syslogFacility setSyslogHost syslogHost synchronized public void close closed true sqw null private void initSyslogFacilityStr facilityStr getFacilityString this syslogFacility if facilityStr null System err println ""\"""" syslogFacility ""\"" is an unknown syslog facility. Defaulting to \""USER\""."" this syslogFacility LOG_USER facilityStr ""user:"" else facilityStr "":"" public static String getFacilityString int syslogFacility switch syslogFacility case LOG_KERN return ""kern"" case LOG_USER return ""user"" case LOG_MAIL return ""mail"" case LOG_DAEMON return ""daemon"" case LOG_AUTH return ""auth"" case LOG_SYSLOG return ""syslog"" case LOG_LPR return ""lpr"" case LOG_NEWS return ""news"" case LOG_UUCP return ""uucp"" case LOG_CRON return ""cron"" case LOG_AUTHPRIV return ""authpriv"" case LOG_FTP return ""ftp"" case LOG_LOCAL0 return ""local0"" case LOG_LOCAL1 return ""local1"" case LOG_LOCAL2 return ""local2"" case LOG_LOCAL3 return ""local3"" case LOG_LOCAL4 return ""local4"" case LOG_LOCAL5 return ""local5"" case LOG_LOCAL6 return ""local6"" case LOG_LOCAL7 return ""local7"" default return null public static int getFacility String facilityName if facilityName null facilityName facilityName trim if ""KERN"" equalsIgnoreCase facilityName return LOG_KERN else if ""USER"" equalsIgnoreCase facilityName return LOG_USER else if ""MAIL"" equalsIgnoreCase facilityName return LOG_MAIL else if ""DAEMON"" equalsIgnoreCase facilityName return LOG_DAEMON else if ""AUTH"" equalsIgnoreCase facilityName return LOG_AUTH else if ""SYSLOG"" equalsIgnoreCase facilityName return LOG_SYSLOG else if ""LPR"" equalsIgnoreCase facilityName return LOG_LPR else if ""NEWS"" equalsIgnoreCase facilityName return LOG_NEWS else if ""UUCP"" equalsIgnoreCase facilityName return LOG_UUCP else if ""CRON"" equalsIgnoreCase facilityName return LOG_CRON else if ""AUTHPRIV"" equalsIgnoreCase facilityName return LOG_AUTHPRIV else if ""FTP"" equalsIgnoreCase facilityName return LOG_FTP else if ""LOCAL0"" equalsIgnoreCase facilityName return LOG_LOCAL0 else if ""LOCAL1"" equalsIgnoreCase facilityName return LOG_LOCAL1 else if ""LOCAL2"" equalsIgnoreCase facilityName return LOG_LOCAL2 else if ""LOCAL3"" equalsIgnoreCase facilityName return LOG_LOCAL3 else if ""LOCAL4"" equalsIgnoreCase facilityName return LOG_LOCAL4 else if ""LOCAL5"" equalsIgnoreCase facilityName return LOG_LOCAL5 else if ""LOCAL6"" equalsIgnoreCase facilityName return LOG_LOCAL6 else if ""LOCAL7"" equalsIgnoreCase facilityName return LOG_LOCAL7 else return 1 public void append LoggingEvent event if isAsSevereAsThreshold event level return if sqw null errorHandler error ""No syslog host is set for SyslogAppedender named \"""" this name ""\""."" return String buffer facilityPrinting facilityStr """" layout format event sqw setLevel event level getSyslogEquivalent sqw write buffer String s event getThrowableStrRep if s null int len s length if len 0 sqw write s 0 for int i 1 i len i sqw write TAB s i substring 1 public void activateOptions public boolean requiresLayout return true public void setSyslogHost String syslogHost this sqw new SyslogQuietWriter new SyslogWriter syslogHost syslogFacility errorHandler this syslogHost syslogHost public String getSyslogHost return syslogHost public void setFacility String facilityName if facilityName null return syslogFacility getFacility facilityName if syslogFacility 1 System err println ""["" facilityName ""] is an unknown syslog facility. Defaulting to [USER]."" syslogFacility LOG_USER this initSyslogFacilityStr if sqw null sqw setSyslogFacility this syslogFacility public String getFacility return getFacilityString syslogFacility public void setFacilityPrinting boolean on facilityPrinting on public boolean getFacilityPrinting return facilityPrinting"
org.apache.log4j.SimpleLayout,4,2,0,5,11,4,2,3,4,0.666666667,48,0.0,0,0.727272727,0.625,0,0,10.75,1,0.75,2,PackageDeclaration_org.apache.log4j ClassDeclaration_SimpleLayout FieldDeclaration_ ConstructorDeclaration_SimpleLayout MethodDeclaration_activateOptions MethodDeclaration_format FormalParameter_event StatementExpression_ MethodInvocation_ StatementExpression_ MethodInvocation_ MethodInvocation_ StatementExpression_ MethodInvocation_ StatementExpression_ MethodInvocation_ MethodInvocation_ StatementExpression_ MethodInvocation_ ReturnStatement_ MethodInvocation_ MethodDeclaration_ignoresThrowable ReturnStatement_,"package org apache log4j import org apache log4j spi LoggingEvent public class SimpleLayout extends Layout StringBuffer sbuf new StringBuffer 128 public SimpleLayout public void activateOptions public String format LoggingEvent event sbuf setLength 0 sbuf append event level toString sbuf append "" - "" sbuf append event getRenderedMessage sbuf append LINE_SEP return sbuf toString public boolean ignoresThrowable return true"
org.apache.log4j.or.sax.AttributesRenderer,2,1,0,1,11,1,0,1,2,2.0,58,0.0,0,0.0,0.75,0,0,28.0,4,2.0,2,PackageDeclaration_org.apache.log4j.or.sax ClassDeclaration_AttributesRenderer ConstructorDeclaration_AttributesRenderer MethodDeclaration_doRender FormalParameter_o IfStatement_ BlockStatement_ LocalVariableDeclaration_ LocalVariableDeclaration_ LocalVariableDeclaration_ MethodInvocation_ LocalVariableDeclaration_ ForStatement_ VariableDeclaration_ BlockStatement_ IfStatement_ BlockStatement_ StatementExpression_ BlockStatement_ StatementExpression_ MethodInvocation_ StatementExpression_ MethodInvocation_ MethodInvocation_ StatementExpression_ MethodInvocation_ StatementExpression_ MethodInvocation_ MethodInvocation_ ReturnStatement_ MethodInvocation_ BlockStatement_ ReturnStatement_ MethodInvocation_,"package org apache log4j or sax import org apache log4j or ObjectRenderer import org xml sax Attributes public class AttributesRenderer implements ObjectRenderer public AttributesRenderer public String doRender Object o if o instanceof Attributes StringBuffer sbuf new StringBuffer Attributes a Attributes o int len a getLength boolean first true for int i 0 i len i if first first false else sbuf append "", "" sbuf append a getQName i sbuf append '=' sbuf append a getValue i return sbuf toString else return o toString"
org.apache.log4j.performance.ConcatVsArray,3,1,0,0,14,3,0,0,2,2.0,133,0.0,0,0.0,0.333333333,0,0,43.33333333,4,1.6667,0,PackageDeclaration_org.apache.log4j.performance ClassDeclaration_ConcatVsArray MethodDeclaration_Usage StatementExpression_ MethodInvocation_ StatementExpression_ MethodInvocation_ MethodDeclaration_main FormalParameter_args IfStatement_ BlockStatement_ StatementExpression_ MethodInvocation_ LocalVariableDeclaration_ LocalVariableDeclaration_ LocalVariableDeclaration_ TryStatement_ StatementExpression_ MethodInvocation_ CatchClause_ CatchClauseParameter_e StatementExpression_ MethodInvocation_ StatementExpression_ MethodInvocation_ LocalVariableDeclaration_ LocalVariableDeclaration_ LocalVariableDeclaration_ MethodInvocation_ ForStatement_ VariableDeclaration_ BlockStatement_ StatementExpression_ StatementExpression_ MethodInvocation_ StatementExpression_ MethodInvocation_ LocalVariableDeclaration_ StatementExpression_ MethodInvocation_ ForStatement_ VariableDeclaration_ BlockStatement_ StatementExpression_ StatementExpression_ MethodInvocation_ StatementExpression_ MethodInvocation_,"package org apache log4j performance import java util Date public class ConcatVsArray static void Usage System err println ""Usage: java org.apache.log4j.performance.ConcatVsArray "" ""string1 string2 runLength\n"" ""       where runLength is an integer."" System exit 1 public static void main String args if args length 3 Usage String s1 args 0 String s2 args 1 int runLength 0 try runLength Integer parseInt args 2 catch java lang NumberFormatException e System err println e Usage double micros String sa long before new Date getTime for int i 0 i runLength i sa new String s1 s2 micros new Date getTime before 1000.0 runLength System out println ""The anonymous array loop took around "" micros "" microseconds."" String s before new Date getTime for int i 0 i runLength i s s1 s2 micros new Date getTime before 1000.0 runLength System out println ""The append loop took around "" micros "" microseconds."""
org.apache.log4j.lf5.LogRecordFilter,1,1,0,8,1,0,7,1,1,2.0,1,0.0,0,0.0,1.0,0,0,0.0,1,1.0,2,PackageDeclaration_org.apache.log4j.lf5 InterfaceDeclaration_LogRecordFilter MethodDeclaration_passes FormalParameter_record,package org apache log4j lf5 public interface LogRecordFilter public boolean passes LogRecord record
org.apache.log4j.helpers.OnlyOnceErrorHandler,8,1,0,6,11,22,1,5,8,0.857142857,53,0.0,0,0.0,0.339285714,0,0,5.25,2,1.125,2,PackageDeclaration_org.apache.log4j.helpers ClassDeclaration_OnlyOnceErrorHandler FieldDeclaration_ FieldDeclaration_ FieldDeclaration_ MethodDeclaration_setLogger FormalParameter_logger MethodDeclaration_activateOptions MethodDeclaration_error FormalParameter_message FormalParameter_e FormalParameter_errorCode StatementExpression_ MethodInvocation_ MethodDeclaration_error FormalParameter_message FormalParameter_e FormalParameter_errorCode FormalParameter_event IfStatement_ BlockStatement_ StatementExpression_ MethodInvocation_ StatementExpression_ MethodDeclaration_error FormalParameter_message IfStatement_ BlockStatement_ StatementExpression_ MethodInvocation_ StatementExpression_ MethodDeclaration_setAppender FormalParameter_appender MethodDeclaration_setBackupAppender FormalParameter_appender,"package org apache log4j helpers import org apache log4j spi ErrorHandler import org apache log4j spi LoggingEvent import org apache log4j Logger import org apache log4j Appender public class OnlyOnceErrorHandler implements ErrorHandler final String WARN_PREFIX ""log4j warning: "" final String ERROR_PREFIX ""log4j error: "" boolean firstTime true public void setLogger Logger logger public void activateOptions public void error String message Exception e int errorCode error message e errorCode null public void error String message Exception e int errorCode LoggingEvent event if firstTime LogLog error message e firstTime false public void error String message if firstTime LogLog error message firstTime false public void setAppender Appender appender public void setBackupAppender Appender appender"
org.apache.log4j.TTCCLayout,10,3,0,5,23,0,1,4,10,0.611111111,172,1.0,0,0.652173913,0.375,1,1,15.8,5,1.2,2,PackageDeclaration_org.apache.log4j ClassDeclaration_TTCCLayout FieldDeclaration_ FieldDeclaration_ FieldDeclaration_ FieldDeclaration_ ConstructorDeclaration_TTCCLayout StatementExpression_ MethodInvocation_ ConstructorDeclaration_TTCCLayout FormalParameter_dateFormatType StatementExpression_ MethodInvocation_ MethodDeclaration_setThreadPrinting FormalParameter_threadPrinting StatementExpression_ MethodDeclaration_getThreadPrinting ReturnStatement_ MethodDeclaration_setCategoryPrefixing FormalParameter_categoryPrefixing StatementExpression_ MethodDeclaration_getCategoryPrefixing ReturnStatement_ MethodDeclaration_setContextPrinting FormalParameter_contextPrinting StatementExpression_ MethodDeclaration_getContextPrinting ReturnStatement_ MethodDeclaration_format FormalParameter_event StatementExpression_ MethodInvocation_ StatementExpression_ MethodInvocation_ IfStatement_ BlockStatement_ StatementExpression_ MethodInvocation_ StatementExpression_ MethodInvocation_ MethodInvocation_ StatementExpression_ MethodInvocation_ StatementExpression_ MethodInvocation_ MethodInvocation_ StatementExpression_ MethodInvocation_ IfStatement_ BlockStatement_ StatementExpression_ MethodInvocation_ StatementExpression_ MethodInvocation_ IfStatement_ BlockStatement_ LocalVariableDeclaration_ MethodInvocation_ IfStatement_ BlockStatement_ StatementExpression_ MethodInvocation_ StatementExpression_ MethodInvocation_ StatementExpression_ MethodInvocation_ StatementExpression_ MethodInvocation_ MethodInvocation_ StatementExpression_ MethodInvocation_ ReturnStatement_ MethodInvocation_ MethodDeclaration_ignoresThrowable ReturnStatement_,"package org apache log4j import org apache log4j helpers DateLayout import org apache log4j spi LoggingEvent public class TTCCLayout extends DateLayout private boolean threadPrinting true private boolean categoryPrefixing true private boolean contextPrinting true protected final StringBuffer buf new StringBuffer 256 public TTCCLayout this setDateFormat RELATIVE_TIME_DATE_FORMAT null public TTCCLayout String dateFormatType this setDateFormat dateFormatType public void setThreadPrinting boolean threadPrinting this threadPrinting threadPrinting public boolean getThreadPrinting return threadPrinting public void setCategoryPrefixing boolean categoryPrefixing this categoryPrefixing categoryPrefixing public boolean getCategoryPrefixing return categoryPrefixing public void setContextPrinting boolean contextPrinting this contextPrinting contextPrinting public boolean getContextPrinting return contextPrinting public String format LoggingEvent event buf setLength 0 dateFormat buf event if this threadPrinting buf append '[' buf append event getThreadName buf append ""] "" buf append event level toString buf append ' ' if this categoryPrefixing buf append event categoryName buf append ' ' if this contextPrinting String ndc event getNDC if ndc null buf append ndc buf append ' ' buf append ""- "" buf append event getRenderedMessage buf append LINE_SEP return buf toString public boolean ignoresThrowable return true"
org.apache.log4j.test.Hello,4,1,0,2,12,4,0,2,2,0.833333333,38,0.0,1,0.0,0.333333333,0,0,8.0,1,0.5,1,PackageDeclaration_org.apache.log4j.test ClassDeclaration_Hello FieldDeclaration_ MethodInvocation_ MethodDeclaration_main FormalParameter_argv StatementExpression_ MethodInvocation_ StatementExpression_ MethodInvocation_ StatementExpression_ MethodInvocation_,"package org apache log4j test import org apache log4j Category import org apache log4j BasicConfigurator public class Hello static Category cat Category getInstance Hello class public static void main String argv BasicConfigurator configure cat debug ""Hello world."" cat info ""What a beatiful day."""
org.apache.log4j.BasicConfigurator,4,1,0,13,10,6,6,7,3,2.0,27,0.0,0,0.0,0.25,0,0,5.75,1,0.75,2,PackageDeclaration_org.apache.log4j ClassDeclaration_BasicConfigurator ConstructorDeclaration_BasicConfigurator MethodDeclaration_configure LocalVariableDeclaration_ MethodInvocation_ StatementExpression_ MethodInvocation_ MethodDeclaration_configure FormalParameter_appender LocalVariableDeclaration_ MethodInvocation_ StatementExpression_ MethodInvocation_ MethodDeclaration_resetConfiguration StatementExpression_ MethodInvocation_,package org apache log4j public class BasicConfigurator protected BasicConfigurator static public void configure Logger root Logger getRootLogger root addAppender new ConsoleAppender new PatternLayout PatternLayout TTCC_CONVERSION_PATTERN static public void configure Appender appender Logger root Logger getRootLogger root addAppender appender public static void resetConfiguration LogManager resetConfiguration
org.apache.log4j.helpers.CountingQuietWriter,4,4,0,3,8,0,1,2,4,0.333333333,38,1.0,0,0.875,0.4,2,2,8.25,1,0.75,2,PackageDeclaration_org.apache.log4j.helpers ClassDeclaration_CountingQuietWriter FieldDeclaration_ ConstructorDeclaration_CountingQuietWriter FormalParameter_writer FormalParameter_eh StatementExpression_ MethodDeclaration_write FormalParameter_string TryStatement_ StatementExpression_ MethodInvocation_ StatementExpression_ MethodInvocation_ CatchClause_ CatchClauseParameter_e StatementExpression_ MethodInvocation_ MethodDeclaration_getCount ReturnStatement_ MethodDeclaration_setCount FormalParameter_count StatementExpression_,"package org apache log4j helpers import java io Writer import java io IOException import org apache log4j spi ErrorHandler import org apache log4j spi ErrorCode public class CountingQuietWriter extends QuietWriter protected long count public CountingQuietWriter Writer writer ErrorHandler eh super writer eh public void write String string try out write string count string length catch IOException e errorHandler error ""Write failure."" e ErrorCode WRITE_FAILURE public long getCount return count public void setCount long count this count count"
org.apache.log4j.lf5.util.ResourceUtils,3,1,0,2,11,3,2,1,3,2.0,46,0.0,0,0.0,0.555555556,0,0,14.33333333,2,1.3333,2,PackageDeclaration_org.apache.log4j.lf5.util ClassDeclaration_ResourceUtils MethodDeclaration_getResourceAsStream FormalParameter_object FormalParameter_resource LocalVariableDeclaration_ MethodInvocation_ MethodInvocation_ LocalVariableDeclaration_ IfStatement_ BlockStatement_ StatementExpression_ MethodInvocation_ MethodInvocation_ BlockStatement_ StatementExpression_ MethodInvocation_ MethodInvocation_ ReturnStatement_ MethodDeclaration_getResourceAsURL FormalParameter_object FormalParameter_resource LocalVariableDeclaration_ MethodInvocation_ MethodInvocation_ LocalVariableDeclaration_ IfStatement_ BlockStatement_ StatementExpression_ MethodInvocation_ MethodInvocation_ BlockStatement_ StatementExpression_ MethodInvocation_ MethodInvocation_ ReturnStatement_,package org apache log4j lf5 util import java io InputStream import java net URL public class ResourceUtils public static InputStream getResourceAsStream Object object Resource resource ClassLoader loader object getClass getClassLoader InputStream in null if loader null in loader getResourceAsStream resource getName else in ClassLoader getSystemResourceAsStream resource getName return in public static URL getResourceAsURL Object object Resource resource ClassLoader loader object getClass getClassLoader URL url null if loader null url loader getResource resource getName else url ClassLoader getSystemResource resource getName return url
org.apache.log4j.spi.RepositorySelector,1,1,0,3,1,0,2,1,1,2.0,1,0.0,0,0.0,1.0,0,0,0.0,1,1.0,2,PackageDeclaration_org.apache.log4j.spi InterfaceDeclaration_RepositorySelector MethodDeclaration_getLoggerRepository,package org apache log4j spi public interface RepositorySelector public LoggerRepository getLoggerRepository
org.apache.log4j.helpers.PatternParser,8,1,0,16,42,8,4,15,2,0.956043956,708,0.461538462,3,0.0,0.375,0,0,84.25,21,4.75,3,PackageDeclaration_org.apache.log4j.helpers ClassDeclaration_PatternParser FieldDeclaration_ FieldDeclaration_ FieldDeclaration_ FieldDeclaration_ FieldDeclaration_ FieldDeclaration_ FieldDeclaration_ FieldDeclaration_ FieldDeclaration_ FieldDeclaration_ FieldDeclaration_ FieldDeclaration_ FieldDeclaration_ FieldDeclaration_ FieldDeclaration_ FieldDeclaration_ FieldDeclaration_ FieldDeclaration_ FieldDeclaration_ FieldDeclaration_ FieldDeclaration_ FieldDeclaration_ FieldDeclaration_ FieldDeclaration_ FieldDeclaration_ ConstructorDeclaration_PatternParser FormalParameter_pattern StatementExpression_ StatementExpression_ MethodInvocation_ StatementExpression_ MethodDeclaration_addToList FormalParameter_pc IfStatement_ BlockStatement_ StatementExpression_ BlockStatement_ StatementExpression_ StatementExpression_ MethodDeclaration_extractOption IfStatement_ MethodInvocation_ BlockStatement_ LocalVariableDeclaration_ MethodInvocation_ IfStatement_ BlockStatement_ LocalVariableDeclaration_ MethodInvocation_ StatementExpression_ ReturnStatement_ ReturnStatement_ MethodDeclaration_extractPrecisionOption LocalVariableDeclaration_ MethodInvocation_ LocalVariableDeclaration_ IfStatement_ BlockStatement_ TryStatement_ StatementExpression_ MethodInvocation_ IfStatement_ BlockStatement_ StatementExpression_ MethodInvocation_ StatementExpression_ CatchClause_ CatchClauseParameter_e StatementExpression_ MethodInvocation_ ReturnStatement_ MethodDeclaration_parse LocalVariableDeclaration_ StatementExpression_ WhileStatement_ BlockStatement_ StatementExpression_ MethodInvocation_ SwitchStatement_ IfStatement_ BlockStatement_ StatementExpression_ MethodInvocation_ ContinueStatement_ IfStatement_ BlockStatement_ SwitchStatement_ MethodInvocation_ StatementExpression_ MethodInvocation_ StatementExpression_ BreakStatement_ StatementExpression_ MethodInvocation_ StatementExpression_ BreakStatement_ IfStatement_ MethodInvocation_ BlockStatement_ StatementExpression_ MethodInvocation_ MethodInvocation_ StatementExpression_ MethodInvocation_ StatementExpression_ MethodInvocation_ StatementExpression_ StatementExpression_ MethodInvocation_ BlockStatement_ StatementExpression_ MethodInvocation_ BreakStatement_ StatementExpression_ MethodInvocation_ SwitchStatement_ StatementExpression_ BreakStatement_ StatementExpression_ BreakStatement_ IfStatement_ BlockStatement_ StatementExpression_ StatementExpression_ StatementExpression_ MethodInvocation_ BreakStatement_ StatementExpression_ MethodInvocation_ IfStatement_ StatementExpression_ IfStatement_ StatementExpression_ BlockStatement_ StatementExpression_ MethodInvocation_ BreakStatement_ StatementExpression_ MethodInvocation_ IfStatement_ BlockStatement_ StatementExpression_ StatementExpression_ BlockStatement_ StatementExpression_ MethodInvocation_ StatementExpression_ BreakStatement_ StatementExpression_ MethodInvocation_ IfStatement_ StatementExpression_ BlockStatement_ StatementExpression_ MethodInvocation_ StatementExpression_ BreakStatement_ IfStatement_ MethodInvocation_ BlockStatement_ StatementExpression_ MethodInvocation_ MethodInvocation_ ReturnStatement_ MethodDeclaration_finalizeConverter FormalParameter_c LocalVariableDeclaration_ SwitchStatement_ StatementExpression_ MethodInvocation_ StatementExpression_ MethodInvocation_ BreakStatement_ StatementExpression_ MethodInvocation_ StatementExpression_ MethodInvocation_ BreakStatement_ LocalVariableDeclaration_ LocalVariableDeclaration_ LocalVariableDeclaration_ MethodInvocation_ IfStatement_ StatementExpression_ IfStatement_ MethodInvocation_ StatementExpression_ IfStatement_ MethodInvocation_ StatementExpression_ IfStatement_ MethodInvocation_ StatementExpression_ BlockStatement_ TryStatement_ StatementExpression_ CatchClause_ CatchClauseParameter_e StatementExpression_ MethodInvocation_ StatementExpression_ MethodInvocation_ StatementExpression_ StatementExpression_ MethodInvocation_ BreakStatement_ StatementExpression_ StatementExpression_ MethodInvocation_ BreakStatement_ StatementExpression_ StatementExpression_ MethodInvocation_ BreakStatement_ StatementExpression_ StatementExpression_ MethodInvocation_ BreakStatement_ StatementExpression_ StatementExpression_ MethodInvocation_ BreakStatement_ StatementExpression_ StatementExpression_ MethodInvocation_ BreakStatement_ StatementExpression_ StatementExpression_ MethodInvocation_ BreakStatement_ StatementExpression_ StatementExpression_ MethodInvocation_ BreakStatement_ StatementExpression_ StatementExpression_ MethodInvocation_ BreakStatement_ StatementExpression_ StatementExpression_ MethodInvocation_ BreakStatement_ LocalVariableDeclaration_ MethodInvocation_ StatementExpression_ StatementExpression_ MethodInvocation_ BreakStatement_ StatementExpression_ MethodInvocation_ StatementExpression_ MethodInvocation_ StatementExpression_ MethodInvocation_ StatementExpression_ MethodInvocation_ MethodDeclaration_addConverter FormalParameter_pc StatementExpression_ MethodInvocation_ StatementExpression_ MethodInvocation_ StatementExpression_ StatementExpression_ MethodInvocation_ ClassDeclaration_BasicPatternConverter FieldDeclaration_ ConstructorDeclaration_BasicPatternConverter FormalParameter_formattingInfo FormalParameter_type StatementExpression_ StatementExpression_ MethodDeclaration_convert FormalParameter_event SwitchStatement_ ReturnStatement_ MethodInvocation_ MethodInvocation_ ReturnStatement_ MethodInvocation_ ReturnStatement_ MethodInvocation_ ReturnStatement_ MethodInvocation_ BlockStatement_ ReturnStatement_ MethodInvocation_ ReturnStatement_ ClassDeclaration_LiteralPatternConverter FieldDeclaration_ ConstructorDeclaration_LiteralPatternConverter FormalParameter_value StatementExpression_ MethodDeclaration_format FormalParameter_sbuf FormalParameter_event StatementExpression_ MethodInvocation_ MethodDeclaration_convert FormalParameter_event ReturnStatement_ ClassDeclaration_DatePatternConverter FieldDeclaration_ FieldDeclaration_ ConstructorDeclaration_DatePatternConverter FormalParameter_formattingInfo FormalParameter_df StatementExpression_ StatementExpression_ StatementExpression_ MethodDeclaration_convert FormalParameter_event StatementExpression_ MethodInvocation_ LocalVariableDeclaration_ TryStatement_ StatementExpression_ MethodInvocation_ CatchClause_ CatchClauseParameter_ex StatementExpression_ MethodInvocation_ ReturnStatement_ ClassDeclaration_MDCPatternConverter FieldDeclaration_ ConstructorDeclaration_MDCPatternConverter FormalParameter_formattingInfo FormalParameter_key StatementExpression_ StatementExpression_ MethodDeclaration_convert FormalParameter_event LocalVariableDeclaration_ MethodInvocation_ IfStatement_ BlockStatement_ ReturnStatement_ BlockStatement_ ReturnStatement_ MethodInvocation_ ClassDeclaration_LocationPatternConverter FieldDeclaration_ ConstructorDeclaration_LocationPatternConverter FormalParameter_formattingInfo FormalParameter_type StatementExpression_ StatementExpression_ MethodDeclaration_convert FormalParameter_event LocalVariableDeclaration_ MethodInvocation_ SwitchStatement_ ReturnStatement_ ReturnStatement_ MethodInvocation_ ReturnStatement_ MethodInvocation_ ReturnStatement_ MethodInvocation_ ReturnStatement_ ClassDeclaration_NamedPatternConverter FieldDeclaration_ ConstructorDeclaration_NamedPatternConverter FormalParameter_formattingInfo FormalParameter_precision StatementExpression_ StatementExpression_ MethodDeclaration_getFullyQualifiedName FormalParameter_event MethodDeclaration_convert FormalParameter_event LocalVariableDeclaration_ MethodInvocation_ IfStatement_ ReturnStatement_ BlockStatement_ LocalVariableDeclaration_ MethodInvocation_ LocalVariableDeclaration_ ForStatement_ VariableDeclaration_ BlockStatement_ StatementExpression_ MethodInvocation_ IfStatement_ ReturnStatement_ ReturnStatement_ MethodInvocation_ ClassDeclaration_ClassNamePatternConverter ConstructorDeclaration_ClassNamePatternConverter FormalParameter_formattingInfo FormalParameter_precision StatementExpression_ MethodDeclaration_getFullyQualifiedName FormalParameter_event ReturnStatement_ MethodInvocation_ MethodInvocation_ ClassDeclaration_CategoryPatternConverter ConstructorDeclaration_CategoryPatternConverter FormalParameter_formattingInfo FormalParameter_precision StatementExpression_ MethodDeclaration_getFullyQualifiedName FormalParameter_event ReturnStatement_,"package org apache log4j helpers import org apache log4j helpers LogLog import org apache log4j helpers OptionConverter import org apache log4j helpers AbsoluteTimeDateFormat import org apache log4j Layout import org apache log4j spi LoggingEvent import org apache log4j spi LocationInfo import java text DateFormat import java text SimpleDateFormat import java util Date public class PatternParser private static final char ESCAPE_CHAR '%' private static final int LITERAL_STATE 0 private static final int CONVERTER_STATE 1 private static final int MINUS_STATE 2 private static final int DOT_STATE 3 private static final int MIN_STATE 4 private static final int MAX_STATE 5 static final int FULL_LOCATION_CONVERTER 1000 static final int METHOD_LOCATION_CONVERTER 1001 static final int CLASS_LOCATION_CONVERTER 1002 static final int LINE_LOCATION_CONVERTER 1003 static final int FILE_LOCATION_CONVERTER 1004 static final int RELATIVE_TIME_CONVERTER 2000 static final int THREAD_CONVERTER 2001 static final int LEVEL_CONVERTER 2002 static final int NDC_CONVERTER 2003 static final int MESSAGE_CONVERTER 2004 int state protected StringBuffer currentLiteral new StringBuffer 32 protected int patternLength protected int i PatternConverter head PatternConverter tail protected FormattingInfo formattingInfo new FormattingInfo protected String pattern public PatternParser String pattern this pattern pattern patternLength pattern length state LITERAL_STATE private void addToList PatternConverter pc if head null head tail pc else tail next pc tail pc protected String extractOption if i patternLength pattern charAt i '{' int end pattern indexOf '}' i if end i String r pattern substring i 1 end i end 1 return r return null protected int extractPrecisionOption String opt extractOption int r 0 if opt null try r Integer parseInt opt if r 0 LogLog error ""Precision option ("" opt "") isn't a positive integer."" r 0 catch NumberFormatException e LogLog error ""Category option \"""" opt ""\"" not a decimal integer."" e return r public PatternConverter parse char c i 0 while i patternLength c pattern charAt i switch state case LITERAL_STATE if i patternLength currentLiteral append c continue if c ESCAPE_CHAR switch pattern charAt i case ESCAPE_CHAR currentLiteral append c i break case 'n' currentLiteral append Layout LINE_SEP i break default if currentLiteral length 0 addToList new LiteralPatternConverter currentLiteral toString currentLiteral setLength 0 currentLiteral append c state CONVERTER_STATE formattingInfo reset else currentLiteral append c break case CONVERTER_STATE currentLiteral append c switch c case '-' formattingInfo leftAlign true break case '.' state DOT_STATE break default if c '0' c '9' formattingInfo min c '0' state MIN_STATE else finalizeConverter c break case MIN_STATE currentLiteral append c if c '0' c '9' formattingInfo min formattingInfo min 10 c '0' else if c '.' state DOT_STATE else finalizeConverter c break case DOT_STATE currentLiteral append c if c '0' c '9' formattingInfo max c '0' state MAX_STATE else LogLog error ""Error occured in position "" i "".\n Was expecting digit, instead got char \"""" c ""\""."" state LITERAL_STATE break case MAX_STATE currentLiteral append c if c '0' c '9' formattingInfo max formattingInfo max 10 c '0' else finalizeConverter c state LITERAL_STATE break if currentLiteral length 0 addToList new LiteralPatternConverter currentLiteral toString return head protected void finalizeConverter char c PatternConverter pc null switch c case 'c' pc new CategoryPatternConverter formattingInfo extractPrecisionOption currentLiteral setLength 0 break case 'C' pc new ClassNamePatternConverter formattingInfo extractPrecisionOption currentLiteral setLength 0 break case 'd' String dateFormatStr AbsoluteTimeDateFormat ISO8601_DATE_FORMAT DateFormat df String dOpt extractOption if dOpt null dateFormatStr dOpt if dateFormatStr equalsIgnoreCase AbsoluteTimeDateFormat ISO8601_DATE_FORMAT df new ISO8601DateFormat else if dateFormatStr equalsIgnoreCase AbsoluteTimeDateFormat ABS_TIME_DATE_FORMAT df new AbsoluteTimeDateFormat else if dateFormatStr equalsIgnoreCase AbsoluteTimeDateFormat DATE_AND_TIME_DATE_FORMAT df new DateTimeDateFormat else try df new SimpleDateFormat dateFormatStr catch IllegalArgumentException e LogLog error ""Could not instantiate SimpleDateFormat with "" dateFormatStr e df DateFormat OptionConverter instantiateByClassName ""org.apache.log4j.helpers.ISO8601DateFormat"" DateFormat class null pc new DatePatternConverter formattingInfo df currentLiteral setLength 0 break case 'F' pc new LocationPatternConverter formattingInfo FILE_LOCATION_CONVERTER currentLiteral setLength 0 break case 'l' pc new LocationPatternConverter formattingInfo FULL_LOCATION_CONVERTER currentLiteral setLength 0 break case 'L' pc new LocationPatternConverter formattingInfo LINE_LOCATION_CONVERTER currentLiteral setLength 0 break case 'm' pc new BasicPatternConverter formattingInfo MESSAGE_CONVERTER currentLiteral setLength 0 break case 'M' pc new LocationPatternConverter formattingInfo METHOD_LOCATION_CONVERTER currentLiteral setLength 0 break case 'p' pc new BasicPatternConverter formattingInfo LEVEL_CONVERTER currentLiteral setLength 0 break case 'r' pc new BasicPatternConverter formattingInfo RELATIVE_TIME_CONVERTER currentLiteral setLength 0 break case 't' pc new BasicPatternConverter formattingInfo THREAD_CONVERTER currentLiteral setLength 0 break case 'x' pc new BasicPatternConverter formattingInfo NDC_CONVERTER currentLiteral setLength 0 break case 'X' String xOpt extractOption pc new MDCPatternConverter formattingInfo xOpt currentLiteral setLength 0 break default LogLog error ""Unexpected char ["" c ""] at position "" i "" in conversion patterrn."" pc new LiteralPatternConverter currentLiteral toString currentLiteral setLength 0 addConverter pc protected void addConverter PatternConverter pc currentLiteral setLength 0 addToList pc state LITERAL_STATE formattingInfo reset private static class BasicPatternConverter extends PatternConverter int type BasicPatternConverter FormattingInfo formattingInfo int type super formattingInfo this type type public String convert LoggingEvent event switch type case RELATIVE_TIME_CONVERTER return Long toString event timeStamp LoggingEvent getStartTime case THREAD_CONVERTER return event getThreadName case LEVEL_CONVERTER return event level toString case NDC_CONVERTER return event getNDC case MESSAGE_CONVERTER return event getRenderedMessage default return null private static class LiteralPatternConverter extends PatternConverter private String literal LiteralPatternConverter String value literal value public final void format StringBuffer sbuf LoggingEvent event sbuf append literal public String convert LoggingEvent event return literal private static class DatePatternConverter extends PatternConverter private DateFormat df private Date date DatePatternConverter FormattingInfo formattingInfo DateFormat df super formattingInfo date new Date this df df public String convert LoggingEvent event date setTime event timeStamp String converted null try converted df format date catch Exception ex LogLog error ""Error occured while converting date."" ex return converted private static class MDCPatternConverter extends PatternConverter private String key MDCPatternConverter FormattingInfo formattingInfo String key super formattingInfo this key key public String convert LoggingEvent event Object val event getMDC key if val null return null else return val toString private class LocationPatternConverter extends PatternConverter int type LocationPatternConverter FormattingInfo formattingInfo int type super formattingInfo this type type public String convert LoggingEvent event LocationInfo locationInfo event getLocationInformation switch type case FULL_LOCATION_CONVERTER return locationInfo fullInfo case METHOD_LOCATION_CONVERTER return locationInfo getMethodName case LINE_LOCATION_CONVERTER return locationInfo getLineNumber case FILE_LOCATION_CONVERTER return locationInfo getFileName default return null private static abstract class NamedPatternConverter extends PatternConverter int precision NamedPatternConverter FormattingInfo formattingInfo int precision super formattingInfo this precision precision abstract String getFullyQualifiedName LoggingEvent event public String convert LoggingEvent event String n getFullyQualifiedName event if precision 0 return n else int len n length int end len 1 for int i precision i 0 i end n lastIndexOf '.' end 1 if end 1 return n return n substring end 1 len private class ClassNamePatternConverter extends NamedPatternConverter ClassNamePatternConverter FormattingInfo formattingInfo int precision super formattingInfo precision String getFullyQualifiedName LoggingEvent event return event getLocationInformation getClassName private class CategoryPatternConverter extends NamedPatternConverter CategoryPatternConverter FormattingInfo formattingInfo int precision super formattingInfo precision String getFullyQualifiedName LoggingEvent event return event categoryName"
org.apache.log4j.config.PropertySetter,10,1,0,8,49,13,2,6,6,0.694444444,395,0.5,0,0.0,0.35,0,0,38.1,11,2.9,2,PackageDeclaration_org.apache.log4j.config ClassDeclaration_PropertySetter FieldDeclaration_ FieldDeclaration_ ConstructorDeclaration_PropertySetter FormalParameter_obj StatementExpression_ MethodDeclaration_introspect TryStatement_ LocalVariableDeclaration_ MethodInvocation_ MethodInvocation_ StatementExpression_ MethodInvocation_ CatchClause_ CatchClauseParameter_ex StatementExpression_ MethodInvocation_ MethodInvocation_ StatementExpression_ MethodDeclaration_setProperties FormalParameter_obj FormalParameter_properties FormalParameter_prefix StatementExpression_ MethodInvocation_ MethodDeclaration_setProperties FormalParameter_properties FormalParameter_prefix LocalVariableDeclaration_ MethodInvocation_ ForStatement_ VariableDeclaration_ MethodInvocation_ MethodInvocation_ BlockStatement_ LocalVariableDeclaration_ MethodInvocation_ IfStatement_ MethodInvocation_ BlockStatement_ IfStatement_ MethodInvocation_ BlockStatement_ ContinueStatement_ LocalVariableDeclaration_ MethodInvocation_ StatementExpression_ MethodInvocation_ IfStatement_ MethodInvocation_ BlockStatement_ ContinueStatement_ StatementExpression_ MethodInvocation_ StatementExpression_ MethodInvocation_ MethodDeclaration_setProperty FormalParameter_name FormalParameter_value IfStatement_ ReturnStatement_ StatementExpression_ MethodInvocation_ LocalVariableDeclaration_ MethodInvocation_ IfStatement_ BlockStatement_ StatementExpression_ MethodInvocation_ MethodInvocation_ MethodInvocation_ BlockStatement_ TryStatement_ StatementExpression_ MethodInvocation_ CatchClause_ CatchClauseParameter_ex StatementExpression_ MethodInvocation_ MethodInvocation_ MethodDeclaration_setProperty FormalParameter_prop FormalParameter_name FormalParameter_value LocalVariableDeclaration_ MethodInvocation_ IfStatement_ BlockStatement_ ThrowStatement_ LocalVariableDeclaration_ MethodInvocation_ IfStatement_ BlockStatement_ ThrowStatement_ LocalVariableDeclaration_ TryStatement_ StatementExpression_ MethodInvocation_ CatchClause_ CatchClauseParameter_t ThrowStatement_ IfStatement_ BlockStatement_ ThrowStatement_ StatementExpression_ MethodInvocation_ TryStatement_ StatementExpression_ MethodInvocation_ CatchClause_ CatchClauseParameter_ex ThrowStatement_ MethodDeclaration_convertArg FormalParameter_val FormalParameter_type IfStatement_ ReturnStatement_ LocalVariableDeclaration_ MethodInvocation_ IfStatement_ MethodInvocation_ BlockStatement_ ReturnStatement_ IfStatement_ MethodInvocation_ BlockStatement_ ReturnStatement_ IfStatement_ MethodInvocation_ BlockStatement_ ReturnStatement_ IfStatement_ MethodInvocation_ BlockStatement_ IfStatement_ MethodInvocation_ BlockStatement_ ReturnStatement_ IfStatement_ MethodInvocation_ BlockStatement_ ReturnStatement_ IfStatement_ MethodInvocation_ BlockStatement_ ReturnStatement_ MethodInvocation_ ReturnStatement_ MethodDeclaration_getPropertyDescriptor FormalParameter_name IfStatement_ StatementExpression_ MethodInvocation_ ForStatement_ VariableDeclaration_ BlockStatement_ IfStatement_ MethodInvocation_ MethodInvocation_ BlockStatement_ ReturnStatement_ ReturnStatement_ MethodDeclaration_activate IfStatement_ BlockStatement_ StatementExpression_,"package org apache log4j config import java beans Introspector import java beans PropertyDescriptor import java beans BeanInfo import java beans IntrospectionException import java lang reflect import java util import org apache log4j import org apache log4j helpers LogLog import org apache log4j helpers OptionConverter import org apache log4j spi OptionHandler public class PropertySetter protected Object obj protected PropertyDescriptor props public PropertySetter Object obj this obj obj protected void introspect try BeanInfo bi Introspector getBeanInfo obj getClass props bi getPropertyDescriptors catch IntrospectionException ex LogLog error ""Failed to introspect "" obj "": "" ex getMessage props new PropertyDescriptor 0 public static void setProperties Object obj Properties properties String prefix new PropertySetter obj setProperties properties prefix public void setProperties Properties properties String prefix int len prefix length for Enumeration e properties propertyNames e hasMoreElements String key String e nextElement if key startsWith prefix if key indexOf '.' len 1 0 continue String value OptionConverter findAndSubst key properties key key substring len if ""layout"" equals key obj instanceof Appender continue setProperty key value activate public void setProperty String name String value if value null return name Introspector decapitalize name PropertyDescriptor prop getPropertyDescriptor name if prop null LogLog warn ""No such property ["" name ""] in "" obj getClass getName ""."" else try setProperty prop name value catch PropertySetterException ex LogLog warn ""Failed to set property ["" name ""] to value \"""" value ""\"". "" ex getMessage public void setProperty PropertyDescriptor prop String name String value throws PropertySetterException Method setter prop getWriteMethod if setter null throw new PropertySetterException ""No setter for property ["" name ""]."" Class paramTypes setter getParameterTypes if paramTypes length 1 throw new PropertySetterException ""#params for setter != 1"" Object arg try arg convertArg value paramTypes 0 catch Throwable t throw new PropertySetterException ""Conversion to type ["" paramTypes 0 ""] failed. Reason: "" t if arg null throw new PropertySetterException ""Conversion to type ["" paramTypes 0 ""] failed."" LogLog debug ""Setting property ["" name ""] to ["" arg ""]."" try setter invoke obj new Object arg catch Exception ex throw new PropertySetterException ex protected Object convertArg String val Class type if val null return null String v val trim if String class isAssignableFrom type return val else if Integer TYPE isAssignableFrom type return new Integer v else if Long TYPE isAssignableFrom type return new Long v else if Boolean TYPE isAssignableFrom type if ""true"" equalsIgnoreCase v return Boolean TRUE else if ""false"" equalsIgnoreCase v return Boolean FALSE else if Priority class isAssignableFrom type return OptionConverter toLevel v Level Level DEBUG return null protected PropertyDescriptor getPropertyDescriptor String name if props null introspect for int i 0 i props length i if name equals props i getName return props i return null public void activate if obj instanceof OptionHandler OptionHandler obj activateOptions"
org.apache.log4j.jmx.AbstractDynamicMBean,12,1,4,6,31,64,4,2,11,0.954545455,167,0.0,0,0.0,0.203703704,0,0,12.75,4,1.4167,2,PackageDeclaration_org.apache.log4j.jmx ClassDeclaration_AbstractDynamicMBean FieldDeclaration_ FieldDeclaration_ MethodDeclaration_getAttributes FormalParameter_attributeNames IfStatement_ BlockStatement_ ThrowStatement_ LocalVariableDeclaration_ IfStatement_ ReturnStatement_ ForStatement_ VariableDeclaration_ BlockStatement_ TryStatement_ LocalVariableDeclaration_ MethodInvocation_ StatementExpression_ MethodInvocation_ CatchClause_ CatchClauseParameter_e StatementExpression_ MethodInvocation_ ReturnStatement_ MethodDeclaration_setAttributes FormalParameter_attributes IfStatement_ BlockStatement_ ThrowStatement_ LocalVariableDeclaration_ IfStatement_ MethodInvocation_ ReturnStatement_ ForStatement_ VariableDeclaration_ MethodInvocation_ MethodInvocation_ BlockStatement_ LocalVariableDeclaration_ MethodInvocation_ TryStatement_ StatementExpression_ MethodInvocation_ LocalVariableDeclaration_ MethodInvocation_ LocalVariableDeclaration_ MethodInvocation_ StatementExpression_ MethodInvocation_ CatchClause_ CatchClauseParameter_e StatementExpression_ MethodInvocation_ ReturnStatement_ MethodDeclaration_getLogger MethodDeclaration_postDeregister StatementExpression_ MethodInvocation_ MethodInvocation_ MethodDeclaration_postRegister FormalParameter_registrationDone MethodDeclaration_preDeregister StatementExpression_ MethodInvocation_ MethodInvocation_ MethodDeclaration_preRegister FormalParameter_server FormalParameter_name StatementExpression_ MethodInvocation_ MethodInvocation_ StatementExpression_ ReturnStatement_,"package org apache log4j jmx import java util Iterator import javax management DynamicMBean import javax management AttributeList import javax management Attribute import javax management RuntimeOperationsException import javax management MBeanRegistration import javax management MBeanServer import javax management ObjectName import org apache log4j Logger public abstract class AbstractDynamicMBean implements DynamicMBean MBeanRegistration String dClassName MBeanServer server public AttributeList getAttributes String attributeNames if attributeNames null throw new RuntimeOperationsException new IllegalArgumentException ""attributeNames[] cannot be null"" ""Cannot invoke a getter of "" dClassName AttributeList resultList new AttributeList if attributeNames length 0 return resultList for int i 0 i attributeNames length i try Object value getAttribute String attributeNames i resultList add new Attribute attributeNames i value catch Exception e e printStackTrace return resultList public AttributeList setAttributes AttributeList attributes if attributes null throw new RuntimeOperationsException new IllegalArgumentException ""AttributeList attributes cannot be null"" ""Cannot invoke a setter of "" dClassName AttributeList resultList new AttributeList if attributes isEmpty return resultList for Iterator i attributes iterator i hasNext Attribute attr Attribute i next try setAttribute attr String name attr getName Object value getAttribute name resultList add new Attribute name value catch Exception e e printStackTrace return resultList protected abstract Logger getLogger public void postDeregister getLogger debug ""postDeregister is called."" public void postRegister java lang Boolean registrationDone public void preDeregister getLogger debug ""preDeregister called."" public ObjectName preRegister MBeanServer server ObjectName name getLogger debug ""preRegister called. Server="" server "", name="" name this server server return name"
org.apache.log4j.lf5.Log4JLogRecord,3,2,0,5,10,3,2,3,3,2.0,57,0.0,0,0.928571429,0.666666667,2,3,18.0,3,1.6667,2,PackageDeclaration_org.apache.log4j.lf5 ClassDeclaration_Log4JLogRecord ConstructorDeclaration_Log4JLogRecord MethodDeclaration_isSevereLevel LocalVariableDeclaration_ IfStatement_ MethodInvocation_ MethodInvocation_ MethodInvocation_ MethodInvocation_ BlockStatement_ StatementExpression_ ReturnStatement_ MethodDeclaration_setThrownStackTrace FormalParameter_throwableInfo LocalVariableDeclaration_ MethodInvocation_ LocalVariableDeclaration_ LocalVariableDeclaration_ ForStatement_ VariableDeclaration_ BlockStatement_ StatementExpression_ StatementExpression_ MethodInvocation_ StatementExpression_ MethodInvocation_,"package org apache log4j lf5 import org apache log4j spi ThrowableInformation public class Log4JLogRecord extends LogRecord public Log4JLogRecord public boolean isSevereLevel boolean isSevere false if LogLevel ERROR equals getLevel LogLevel FATAL equals getLevel isSevere true return isSevere public void setThrownStackTrace ThrowableInformation throwableInfo String stackTraceArray throwableInfo getThrowableStrRep StringBuffer stackTrace new StringBuffer String nextLine for int i 0 i stackTraceArray length i nextLine stackTraceArray i ""\n"" stackTrace append nextLine _thrownStackTrace stackTrace toString"
org.apache.log4j.Layout,8,1,5,36,11,28,34,2,7,1.0,26,0.0,0,0.0,0.571428571,0,0,2.0,1,0.75,2,PackageDeclaration_org.apache.log4j ClassDeclaration_Layout FieldDeclaration_ MethodInvocation_ FieldDeclaration_ MethodInvocation_ MethodDeclaration_format FormalParameter_event MethodDeclaration_getContentType ReturnStatement_ MethodDeclaration_getHeader ReturnStatement_ MethodDeclaration_getFooter ReturnStatement_ MethodDeclaration_ignoresThrowable,"package org apache log4j import org apache log4j spi OptionHandler import org apache log4j spi LoggingEvent public abstract class Layout implements OptionHandler public final static String LINE_SEP System getProperty ""line.separator"" public final static int LINE_SEP_LEN LINE_SEP length abstract public String format LoggingEvent event public String getContentType return ""text/plain"" public String getHeader return null public String getFooter return null abstract public boolean ignoresThrowable"
org.apache.log4j.xml.DOMConfigurator,29,1,0,24,115,356,6,19,11,0.992277992,1589,0.0,1,0.0,0.163265306,0,0,52.51724138,18,3.2069,8,PackageDeclaration_org.apache.log4j.xml ClassDeclaration_DOMConfigurator FieldDeclaration_ FieldDeclaration_ FieldDeclaration_ FieldDeclaration_ FieldDeclaration_ FieldDeclaration_ FieldDeclaration_ FieldDeclaration_ FieldDeclaration_ FieldDeclaration_ FieldDeclaration_ FieldDeclaration_ FieldDeclaration_ FieldDeclaration_ FieldDeclaration_ FieldDeclaration_ FieldDeclaration_ FieldDeclaration_ FieldDeclaration_ FieldDeclaration_ FieldDeclaration_ FieldDeclaration_ FieldDeclaration_ FieldDeclaration_ FieldDeclaration_ FieldDeclaration_ FieldDeclaration_ FieldDeclaration_ FieldDeclaration_ FieldDeclaration_ FieldDeclaration_ FieldDeclaration_ FieldDeclaration_ ConstructorDeclaration_DOMConfigurator StatementExpression_ MethodDeclaration_findAppenderByName FormalParameter_doc FormalParameter_appenderName LocalVariableDeclaration_ MethodInvocation_ IfStatement_ BlockStatement_ ReturnStatement_ BlockStatement_ LocalVariableDeclaration_ LocalVariableDeclaration_ MethodInvocation_ ForStatement_ VariableDeclaration_ MethodInvocation_ BlockStatement_ LocalVariableDeclaration_ MethodInvocation_ LocalVariableDeclaration_ MethodInvocation_ LocalVariableDeclaration_ MethodInvocation_ IfStatement_ MethodInvocation_ MethodInvocation_ BlockStatement_ StatementExpression_ BreakStatement_ IfStatement_ BlockStatement_ StatementExpression_ MethodInvocation_ ReturnStatement_ BlockStatement_ StatementExpression_ MethodInvocation_ StatementExpression_ MethodInvocation_ ReturnStatement_ MethodDeclaration_findAppenderByReference FormalParameter_appenderRef LocalVariableDeclaration_ MethodInvocation_ MethodInvocation_ LocalVariableDeclaration_ MethodInvocation_ ReturnStatement_ MethodInvocation_ MethodDeclaration_parseAppender FormalParameter_appenderElement LocalVariableDeclaration_ MethodInvocation_ MethodInvocation_ StatementExpression_ MethodInvocation_ TryStatement_ LocalVariableDeclaration_ MethodInvocation_ MethodInvocation_ LocalVariableDeclaration_ LocalVariableDeclaration_ StatementExpression_ MethodInvocation_ MethodInvocation_ MethodInvocation_ LocalVariableDeclaration_ MethodInvocation_ LocalVariableDeclaration_ MethodInvocation_ ForStatement_ VariableDeclaration_ BlockStatement_ LocalVariableDeclaration_ MethodInvocation_ IfStatement_ MethodInvocation_ BlockStatement_ LocalVariableDeclaration_ IfStatement_ MethodInvocation_ MethodInvocation_ BlockStatement_ StatementExpression_ MethodInvocation_ IfStatement_ MethodInvocation_ MethodInvocation_ BlockStatement_ StatementExpression_ MethodInvocation_ MethodInvocation_ IfStatement_ MethodInvocation_ MethodInvocation_ BlockStatement_ StatementExpression_ MethodInvocation_ IfStatement_ MethodInvocation_ MethodInvocation_ BlockStatement_ StatementExpression_ MethodInvocation_ IfStatement_ MethodInvocation_ MethodInvocation_ BlockStatement_ LocalVariableDeclaration_ MethodInvocation_ MethodInvocation_ IfStatement_ BlockStatement_ LocalVariableDeclaration_ StatementExpression_ MethodInvocation_ MethodInvocation_ StatementExpression_ MethodInvocation_ MethodInvocation_ BlockStatement_ StatementExpression_ MethodInvocation_ MethodInvocation_ StatementExpression_ MethodInvocation_ ReturnStatement_ CatchClause_ CatchClauseParameter_oops StatementExpression_ MethodInvocation_ ReturnStatement_ MethodDeclaration_parseErrorHandler FormalParameter_element FormalParameter_appender LocalVariableDeclaration_ MethodInvocation_ MethodInvocation_ MethodInvocation_ IfStatement_ BlockStatement_ StatementExpression_ MethodInvocation_ LocalVariableDeclaration_ LocalVariableDeclaration_ MethodInvocation_ LocalVariableDeclaration_ MethodInvocation_ ForStatement_ VariableDeclaration_ BlockStatement_ LocalVariableDeclaration_ MethodInvocation_ IfStatement_ MethodInvocation_ BlockStatement_ LocalVariableDeclaration_ LocalVariableDeclaration_ MethodInvocation_ IfStatement_ MethodInvocation_ BlockStatement_ StatementExpression_ MethodInvocation_ IfStatement_ MethodInvocation_ BlockStatement_ StatementExpression_ MethodInvocation_ MethodInvocation_ IfStatement_ MethodInvocation_ BlockStatement_ LocalVariableDeclaration_ MethodInvocation_ LocalVariableDeclaration_ MethodInvocation_ StatementExpression_ MethodInvocation_ IfStatement_ MethodInvocation_ BlockStatement_ LocalVariableDeclaration_ MethodInvocation_ StatementExpression_ MethodInvocation_ StatementExpression_ MethodInvocation_ StatementExpression_ MethodInvocation_ MethodDeclaration_parseFilters FormalParameter_element FormalParameter_appender LocalVariableDeclaration_ MethodInvocation_ MethodInvocation_ LocalVariableDeclaration_ MethodInvocation_ IfStatement_ BlockStatement_ LocalVariableDeclaration_ LocalVariableDeclaration_ MethodInvocation_ LocalVariableDeclaration_ MethodInvocation_ ForStatement_ VariableDeclaration_ BlockStatement_ LocalVariableDeclaration_ MethodInvocation_ IfStatement_ MethodInvocation_ BlockStatement_ LocalVariableDeclaration_ LocalVariableDeclaration_ MethodInvocation_ IfStatement_ MethodInvocation_ BlockStatement_ StatementExpression_ MethodInvocation_ StatementExpression_ MethodInvocation_ StatementExpression_ MethodInvocation_ MethodInvocation_ MethodInvocation_ StatementExpression_ MethodInvocation_ MethodDeclaration_parseCategory FormalParameter_loggerElement LocalVariableDeclaration_ MethodInvocation_ MethodInvocation_ LocalVariableDeclaration_ LocalVariableDeclaration_ MethodInvocation_ MethodInvocation_ IfStatement_ MethodInvocation_ BlockStatement_ StatementExpression_ MethodInvocation_ StatementExpression_ MethodInvocation_ BlockStatement_ StatementExpression_ MethodInvocation_ TryStatement_ LocalVariableDeclaration_ MethodInvocation_ LocalVariableDeclaration_ MethodInvocation_ StatementExpression_ MethodInvocation_ CatchClause_ CatchClauseParameter_oops StatementExpression_ MethodInvocation_ ReturnStatement_ SynchronizedStatement_ LocalVariableDeclaration_ MethodInvocation_ MethodInvocation_ MethodInvocation_ StatementExpression_ MethodInvocation_ MethodInvocation_ StatementExpression_ MethodInvocation_ StatementExpression_ MethodInvocation_ MethodDeclaration_parseCategoryFactory FormalParameter_factoryElement LocalVariableDeclaration_ MethodInvocation_ MethodInvocation_ IfStatement_ MethodInvocation_ BlockStatement_ StatementExpression_ MethodInvocation_ StatementExpression_ MethodInvocation_ BlockStatement_ StatementExpression_ MethodInvocation_ LocalVariableDeclaration_ MethodInvocation_ LocalVariableDeclaration_ LocalVariableDeclaration_ LocalVariableDeclaration_ LocalVariableDeclaration_ MethodInvocation_ LocalVariableDeclaration_ MethodInvocation_ ForStatement_ VariableDeclaration_ BlockStatement_ StatementExpression_ MethodInvocation_ IfStatement_ MethodInvocation_ BlockStatement_ StatementExpression_ IfStatement_ MethodInvocation_ MethodInvocation_ BlockStatement_ StatementExpression_ MethodInvocation_ MethodDeclaration_parseRoot FormalParameter_rootElement LocalVariableDeclaration_ MethodInvocation_ SynchronizedStatement_ StatementExpression_ MethodInvocation_ MethodDeclaration_parseChildrenOfLoggerElement FormalParameter_catElement FormalParameter_cat FormalParameter_isRoot LocalVariableDeclaration_ StatementExpression_ MethodInvocation_ LocalVariableDeclaration_ MethodInvocation_ LocalVariableDeclaration_ MethodInvocation_ ForStatement_ VariableDeclaration_ BlockStatement_ LocalVariableDeclaration_ MethodInvocation_ IfStatement_ MethodInvocation_ BlockStatement_ LocalVariableDeclaration_ LocalVariableDeclaration_ MethodInvocation_ IfStatement_ MethodInvocation_ BlockStatement_ LocalVariableDeclaration_ LocalVariableDeclaration_ MethodInvocation_ LocalVariableDeclaration_ MethodInvocation_ MethodInvocation_ IfStatement_ StatementExpression_ MethodInvocation_ MethodInvocation_ StatementExpression_ MethodInvocation_ StatementExpression_ MethodInvocation_ IfStatement_ MethodInvocation_ BlockStatement_ StatementExpression_ MethodInvocation_ IfStatement_ MethodInvocation_ BlockStatement_ StatementExpression_ MethodInvocation_ IfStatement_ MethodInvocation_ BlockStatement_ StatementExpression_ MethodInvocation_ StatementExpression_ MethodInvocation_ MethodDeclaration_parseLayout FormalParameter_layout_element LocalVariableDeclaration_ MethodInvocation_ MethodInvocation_ StatementExpression_ MethodInvocation_ TryStatement_ LocalVariableDeclaration_ MethodInvocation_ MethodInvocation_ LocalVariableDeclaration_ LocalVariableDeclaration_ LocalVariableDeclaration_ MethodInvocation_ LocalVariableDeclaration_ MethodInvocation_ ForStatement_ VariableDeclaration_ BlockStatement_ LocalVariableDeclaration_ MethodInvocation_ IfStatement_ MethodInvocation_ BlockStatement_ LocalVariableDeclaration_ LocalVariableDeclaration_ MethodInvocation_ IfStatement_ MethodInvocation_ BlockStatement_ StatementExpression_ MethodInvocation_ StatementExpression_ MethodInvocation_ ReturnStatement_ CatchClause_ CatchClauseParameter_oops StatementExpression_ MethodInvocation_ ReturnStatement_ MethodDeclaration_parseRenderer FormalParameter_element LocalVariableDeclaration_ MethodInvocation_ MethodInvocation_ LocalVariableDeclaration_ MethodInvocation_ MethodInvocation_ IfStatement_ BlockStatement_ StatementExpression_ MethodInvocation_ MethodDeclaration_parseLevel FormalParameter_element FormalParameter_logger FormalParameter_isRoot LocalVariableDeclaration_ MethodInvocation_ IfStatement_ BlockStatement_ StatementExpression_ LocalVariableDeclaration_ MethodInvocation_ MethodInvocation_ StatementExpression_ MethodInvocation_ IfStatement_ MethodInvocation_ BlockStatement_ IfStatement_ BlockStatement_ StatementExpression_ MethodInvocation_ BlockStatement_ StatementExpression_ MethodInvocation_ BlockStatement_ LocalVariableDeclaration_ MethodInvocation_ MethodInvocation_ IfStatement_ MethodInvocation_ BlockStatement_ StatementExpression_ MethodInvocation_ MethodInvocation_ BlockStatement_ StatementExpression_ MethodInvocation_ TryStatement_ LocalVariableDeclaration_ MethodInvocation_ LocalVariableDeclaration_ MethodInvocation_ LocalVariableDeclaration_ MethodInvocation_ StatementExpression_ MethodInvocation_ CatchClause_ CatchClauseParameter_oops StatementExpression_ MethodInvocation_ ReturnStatement_ StatementExpression_ MethodInvocation_ MethodInvocation_ MethodDeclaration_setParameter FormalParameter_elem FormalParameter_propSetter LocalVariableDeclaration_ MethodInvocation_ MethodInvocation_ LocalVariableDeclaration_ MethodInvocation_ StatementExpression_ MethodInvocation_ MethodInvocation_ StatementExpression_ MethodInvocation_ MethodDeclaration_configure FormalParameter_element LocalVariableDeclaration_ StatementExpression_ MethodInvocation_ MethodInvocation_ MethodDeclaration_configureAndWatch FormalParameter_configFilename StatementExpression_ MethodInvocation_ MethodDeclaration_configureAndWatch FormalParameter_configFilename FormalParameter_delay LocalVariableDeclaration_ StatementExpression_ MethodInvocation_ StatementExpression_ MethodInvocation_ MethodDeclaration_doConfigure FormalParameter_filename FormalParameter_repository LocalVariableDeclaration_ TryStatement_ StatementExpression_ StatementExpression_ MethodInvocation_ CatchClause_ CatchClauseParameter_e StatementExpression_ MethodInvocation_ IfStatement_ BlockStatement_ TryStatement_ StatementExpression_ MethodInvocation_ CatchClause_ CatchClauseParameter_e StatementExpression_ MethodInvocation_ MethodDeclaration_doConfigure FormalParameter_url FormalParameter_repository TryStatement_ StatementExpression_ MethodInvocation_ MethodInvocation_ CatchClause_ CatchClauseParameter_e StatementExpression_ MethodInvocation_ MethodDeclaration_doConfigure FormalParameter_inputStream FormalParameter_repository StatementExpression_ MethodInvocation_ MethodDeclaration_doConfigure FormalParameter_reader FormalParameter_repository StatementExpression_ MethodInvocation_ MethodDeclaration_doConfigure FormalParameter_inputSource FormalParameter_repository LocalVariableDeclaration_ StatementExpression_ TryStatement_ StatementExpression_ MethodInvocation_ MethodInvocation_ StatementExpression_ MethodInvocation_ StatementExpression_ MethodInvocation_ StatementExpression_ MethodInvocation_ MethodInvocation_ MethodInvocation_ CatchClause_ CatchClauseParameter_fce LocalVariableDeclaration_ MethodInvocation_ StatementExpression_ MethodInvocation_ ThrowStatement_ TryStatement_ StatementExpression_ MethodInvocation_ LocalVariableDeclaration_ MethodInvocation_ StatementExpression_ MethodInvocation_ LocalVariableDeclaration_ MethodInvocation_ LocalVariableDeclaration_ MethodInvocation_ IfStatement_ BlockStatement_ StatementExpression_ MethodInvocation_ MethodInvocation_ BlockStatement_ StatementExpression_ MethodInvocation_ MethodInvocation_ StatementExpression_ MethodInvocation_ MethodInvocation_ LocalVariableDeclaration_ MethodInvocation_ StatementExpression_ MethodInvocation_ MethodInvocation_ CatchClause_ CatchClauseParameter_e StatementExpression_ MethodInvocation_ MethodDeclaration_doConfigure FormalParameter_element FormalParameter_repository StatementExpression_ StatementExpression_ MethodInvocation_ MethodDeclaration_configure FormalParameter_filename StatementExpression_ MethodInvocation_ MethodInvocation_ MethodDeclaration_configure FormalParameter_url StatementExpression_ MethodInvocation_ MethodInvocation_ MethodDeclaration_parse FormalParameter_element LocalVariableDeclaration_ MethodInvocation_ IfStatement_ MethodInvocation_ BlockStatement_ IfStatement_ MethodInvocation_ BlockStatement_ StatementExpression_ MethodInvocation_ StatementExpression_ MethodInvocation_ BlockStatement_ StatementExpression_ MethodInvocation_ ReturnStatement_ LocalVariableDeclaration_ MethodInvocation_ MethodInvocation_ StatementExpression_ MethodInvocation_ IfStatement_ MethodInvocation_ MethodInvocation_ BlockStatement_ StatementExpression_ MethodInvocation_ MethodInvocation_ StatementExpression_ MethodInvocation_ LocalVariableDeclaration_ MethodInvocation_ MethodInvocation_ IfStatement_ MethodInvocation_ MethodInvocation_ BlockStatement_ StatementExpression_ MethodInvocation_ StatementExpression_ MethodInvocation_ StatementExpression_ MethodInvocation_ MethodInvocation_ LocalVariableDeclaration_ MethodInvocation_ MethodInvocation_ StatementExpression_ MethodInvocation_ IfStatement_ MethodInvocation_ MethodInvocation_ BlockStatement_ StatementExpression_ MethodInvocation_ LocalVariableDeclaration_ LocalVariableDeclaration_ LocalVariableDeclaration_ LocalVariableDeclaration_ MethodInvocation_ LocalVariableDeclaration_ MethodInvocation_ ForStatement_ VariableDeclaration_ BlockStatement_ StatementExpression_ MethodInvocation_ IfStatement_ MethodInvocation_ BlockStatement_ StatementExpression_ StatementExpression_ MethodInvocation_ IfStatement_ MethodInvocation_ BlockStatement_ StatementExpression_ MethodInvocation_ ForStatement_ VariableDeclaration_ BlockStatement_ StatementExpression_ MethodInvocation_ IfStatement_ MethodInvocation_ BlockStatement_ StatementExpression_ StatementExpression_ MethodInvocation_ IfStatement_ MethodInvocation_ MethodInvocation_ BlockStatement_ StatementExpression_ MethodInvocation_ IfStatement_ MethodInvocation_ BlockStatement_ StatementExpression_ MethodInvocation_ IfStatement_ MethodInvocation_ BlockStatement_ StatementExpression_ MethodInvocation_ MethodDeclaration_subst FormalParameter_value TryStatement_ ReturnStatement_ MethodInvocation_ CatchClause_ CatchClauseParameter_e StatementExpression_ MethodInvocation_ ReturnStatement_ ClassDeclaration_XMLWatchdog ConstructorDeclaration_XMLWatchdog FormalParameter_filename StatementExpression_ MethodDeclaration_doOnChange StatementExpression_ MethodInvocation_ MethodInvocation_,"package org apache log4j xml import java util import java net URL import org w3c dom import java lang reflect Method import org apache log4j import org apache log4j spi import org apache log4j or RendererMap import org apache log4j helpers import org apache log4j config PropertySetter import org xml sax InputSource import java io FileInputStream import java io InputStream import java io Reader import java io IOException import java net URL import javax xml parsers DocumentBuilderFactory import javax xml parsers DocumentBuilder import javax xml parsers FactoryConfigurationError public class DOMConfigurator implements Configurator static final String CONFIGURATION_TAG ""log4j:configuration"" static final String OLD_CONFIGURATION_TAG ""configuration"" static final String RENDERER_TAG ""renderer"" static final String APPENDER_TAG ""appender"" static final String APPENDER_REF_TAG ""appender-ref"" static final String PARAM_TAG ""param"" static final String LAYOUT_TAG ""layout"" static final String CATEGORY ""category"" static final String LOGGER ""logger"" static final String LOGGER_REF ""logger-ref"" static final String CATEGORY_FACTORY_TAG ""categoryFactory"" static final String NAME_ATTR ""name"" static final String CLASS_ATTR ""class"" static final String VALUE_ATTR ""value"" static final String ROOT_TAG ""root"" static final String ROOT_REF ""root-ref"" static final String LEVEL_TAG ""level"" static final String PRIORITY_TAG ""priority"" static final String FILTER_TAG ""filter"" static final String ERROR_HANDLER_TAG ""errorHandler"" static final String REF_ATTR ""ref"" static final String ADDITIVITY_ATTR ""additivity"" static final String THRESHOLD_ATTR ""threshold"" static final String CONFIG_DEBUG_ATTR ""configDebug"" static final String INTERNAL_DEBUG_ATTR ""debug"" static final String RENDERING_CLASS_ATTR ""renderingClass"" static final String RENDERED_CLASS_ATTR ""renderedClass"" static final String EMPTY_STR """" static final Class ONE_STRING_PARAM new Class String class final static String dbfKey ""javax.xml.parsers.DocumentBuilderFactory"" Hashtable appenderBag Properties props LoggerRepository repository public DOMConfigurator appenderBag new Hashtable protected Appender findAppenderByName Document doc String appenderName Appender appender Appender appenderBag get appenderName if appender null return appender else Element element null NodeList list doc getElementsByTagName ""appender"" for int t 0 t list getLength t Node node list item t NamedNodeMap map node getAttributes Node attrNode map getNamedItem ""name"" if appenderName equals attrNode getNodeValue element Element node break if element null LogLog error ""No appender named ["" appenderName ""] could be found."" return null else appender parseAppender element appenderBag put appenderName appender return appender protected Appender findAppenderByReference Element appenderRef String appenderName subst appenderRef getAttribute REF_ATTR Document doc appenderRef getOwnerDocument return findAppenderByName doc appenderName protected Appender parseAppender Element appenderElement String className subst appenderElement getAttribute CLASS_ATTR LogLog debug ""Class name: ["" className ']' try Object instance Class forName className newInstance Appender appender Appender instance PropertySetter propSetter new PropertySetter appender appender setName subst appenderElement getAttribute NAME_ATTR NodeList children appenderElement getChildNodes final int length children getLength for int loop 0 loop length loop Node currentNode children item loop if currentNode getNodeType Node ELEMENT_NODE Element currentElement Element currentNode if currentElement getTagName equals PARAM_TAG setParameter currentElement propSetter else if currentElement getTagName equals LAYOUT_TAG appender setLayout parseLayout currentElement else if currentElement getTagName equals FILTER_TAG parseFilters currentElement appender else if currentElement getTagName equals ERROR_HANDLER_TAG parseErrorHandler currentElement appender else if currentElement getTagName equals APPENDER_REF_TAG String refName subst currentElement getAttribute REF_ATTR if appender instanceof AppenderAttachable AppenderAttachable aa AppenderAttachable appender LogLog debug ""Attaching appender named ["" refName ""] to appender named ["" appender getName ""]."" aa addAppender findAppenderByReference currentElement else LogLog error ""Requesting attachment of appender named ["" refName ""] to appender named ["" appender getName ""] which does not implement org.apache.log4j.spi.AppenderAttachable."" propSetter activate return appender catch Exception oops LogLog error ""Could not create an Appender. Reported error follows."" oops return null protected void parseErrorHandler Element element Appender appender ErrorHandler eh ErrorHandler OptionConverter instantiateByClassName subst element getAttribute CLASS_ATTR org apache log4j spi ErrorHandler class null if eh null eh setAppender appender PropertySetter propSetter new PropertySetter eh NodeList children element getChildNodes final int length children getLength for int loop 0 loop length loop Node currentNode children item loop if currentNode getNodeType Node ELEMENT_NODE Element currentElement Element currentNode String tagName currentElement getTagName if tagName equals PARAM_TAG setParameter currentElement propSetter else if tagName equals APPENDER_REF_TAG eh setBackupAppender findAppenderByReference currentElement else if tagName equals LOGGER_REF String loggerName currentElement getAttribute REF_ATTR Logger logger repository getLogger loggerName eh setLogger logger else if tagName equals ROOT_REF Logger root repository getRootLogger eh setLogger root propSetter activate appender setErrorHandler eh protected void parseFilters Element element Appender appender String clazz subst element getAttribute CLASS_ATTR Filter filter Filter OptionConverter instantiateByClassName clazz Filter class null if filter null PropertySetter propSetter new PropertySetter filter NodeList children element getChildNodes final int length children getLength for int loop 0 loop length loop Node currentNode children item loop if currentNode getNodeType Node ELEMENT_NODE Element currentElement Element currentNode String tagName currentElement getTagName if tagName equals PARAM_TAG setParameter currentElement propSetter propSetter activate LogLog debug ""Adding filter of type ["" filter getClass ""] to appender named ["" appender getName ""]."" appender addFilter filter protected void parseCategory Element loggerElement String catName subst loggerElement getAttribute NAME_ATTR Logger cat String className subst loggerElement getAttribute CLASS_ATTR if EMPTY_STR equals className LogLog debug ""Retreiving an instance of org.apache.log4j.Logger."" cat repository getLogger catName else LogLog debug ""Desired logger sub-class: ["" className ']' try Class clazz Class forName className Method getInstanceMethod clazz getMethod ""getLogger"" ONE_STRING_PARAM cat Logger getInstanceMethod invoke null new Object catName catch Exception oops LogLog error ""Could not retrieve category ["" catName ""]. Reported error follows."" oops return synchronized cat boolean additivity OptionConverter toBoolean subst loggerElement getAttribute ADDITIVITY_ATTR true LogLog debug ""Setting ["" cat getName ""] additivity to ["" additivity ""]."" cat setAdditivity additivity parseChildrenOfLoggerElement loggerElement cat false protected void parseCategoryFactory Element factoryElement String className subst factoryElement getAttribute CLASS_ATTR if EMPTY_STR equals className LogLog error ""Category Factory tag "" CLASS_ATTR "" attribute not found."" LogLog debug ""No Category Factory configured."" else LogLog debug ""Desired category factory: ["" className ']' Object catFactory OptionConverter instantiateByClassName className LoggerFactory class null PropertySetter propSetter new PropertySetter catFactory Element currentElement null Node currentNode null NodeList children factoryElement getChildNodes final int length children getLength for int loop 0 loop length loop currentNode children item loop if currentNode getNodeType Node ELEMENT_NODE currentElement Element currentNode if currentElement getTagName equals PARAM_TAG setParameter currentElement propSetter protected void parseRoot Element rootElement Logger root repository getRootLogger synchronized root parseChildrenOfLoggerElement rootElement root true protected void parseChildrenOfLoggerElement Element catElement Logger cat boolean isRoot PropertySetter propSetter new PropertySetter cat cat removeAllAppenders NodeList children catElement getChildNodes final int length children getLength for int loop 0 loop length loop Node currentNode children item loop if currentNode getNodeType Node ELEMENT_NODE Element currentElement Element currentNode String tagName currentElement getTagName if tagName equals APPENDER_REF_TAG Element appenderRef Element currentNode Appender appender findAppenderByReference appenderRef String refName subst appenderRef getAttribute REF_ATTR if appender null LogLog debug ""Adding appender named ["" refName ""] to category ["" cat getName ""]."" else LogLog debug ""Appender named ["" refName ""] not found."" cat addAppender appender else if tagName equals LEVEL_TAG parseLevel currentElement cat isRoot else if tagName equals PRIORITY_TAG parseLevel currentElement cat isRoot else if tagName equals PARAM_TAG setParameter currentElement propSetter propSetter activate protected Layout parseLayout Element layout_element String className subst layout_element getAttribute CLASS_ATTR LogLog debug ""Parsing layout of class: \"""" className ""\"""" try Object instance Class forName className newInstance Layout layout Layout instance PropertySetter propSetter new PropertySetter layout NodeList params layout_element getChildNodes final int length params getLength for int loop 0 loop length loop Node currentNode Node params item loop if currentNode getNodeType Node ELEMENT_NODE Element currentElement Element currentNode String tagName currentElement getTagName if tagName equals PARAM_TAG setParameter currentElement propSetter propSetter activate return layout catch Exception oops LogLog error ""Could not create the Layout. Reported error follows."" oops return null protected void parseRenderer Element element String renderingClass subst element getAttribute RENDERING_CLASS_ATTR String renderedClass subst element getAttribute RENDERED_CLASS_ATTR if repository instanceof RendererSupport RendererMap addRenderer RendererSupport repository renderedClass renderingClass protected void parseLevel Element element Logger logger boolean isRoot String catName logger getName if isRoot catName ""root"" String priStr subst element getAttribute VALUE_ATTR LogLog debug ""Level value for "" catName "" is  ["" priStr ""]."" if INHERITED equals priStr if isRoot LogLog error ""Root level cannot be inherited. Ignoring directive."" else logger setLevel null else String className subst element getAttribute CLASS_ATTR if EMPTY_STR equals className logger setLevel OptionConverter toLevel priStr Level DEBUG else LogLog debug ""Desired Level sub-class: ["" className ']' try Class clazz Class forName className Method toLevelMethod clazz getMethod ""toLevel"" ONE_STRING_PARAM Level pri Level toLevelMethod invoke null new Object priStr logger setLevel pri catch Exception oops LogLog error ""Could not create level ["" priStr ""]. Reported error follows."" oops return LogLog debug catName "" level set to "" logger getLevel protected void setParameter Element elem PropertySetter propSetter String name subst elem getAttribute NAME_ATTR String value elem getAttribute VALUE_ATTR value subst OptionConverter convertSpecialChars value propSetter setProperty name value static public void configure Element element DOMConfigurator configurator new DOMConfigurator configurator doConfigure element LogManager getLoggerRepository static public void configureAndWatch String configFilename configureAndWatch configFilename FileWatchdog DEFAULT_DELAY static public void configureAndWatch String configFilename long delay XMLWatchdog xdog new XMLWatchdog configFilename xdog setDelay delay xdog start public void doConfigure String filename LoggerRepository repository FileInputStream fis null try fis new FileInputStream filename doConfigure fis repository catch IOException e LogLog error ""Could not open ["" filename ""]."" e finally if fis null try fis close catch java io IOException e LogLog error ""Could not close ["" filename ""]."" e public void doConfigure URL url LoggerRepository repository try doConfigure url openStream repository catch IOException e LogLog error ""Could not open ["" url ""]."" e public void doConfigure InputStream inputStream LoggerRepository repository throws FactoryConfigurationError doConfigure new InputSource inputStream repository public void doConfigure Reader reader LoggerRepository repository throws FactoryConfigurationError doConfigure new InputSource reader repository protected void doConfigure InputSource inputSource LoggerRepository repository throws FactoryConfigurationError DocumentBuilderFactory dbf null this repository repository try LogLog debug ""System property is :"" OptionConverter getSystemProperty dbfKey null dbf DocumentBuilderFactory newInstance LogLog debug ""Standard DocumentBuilderFactory search succeded."" LogLog debug ""DocumentBuilderFactory is: "" dbf getClass getName catch FactoryConfigurationError fce Exception e fce getException LogLog debug ""Could not instantiate a DocumentBuilderFactory."" e throw fce try dbf setValidating true DocumentBuilder docBuilder dbf newDocumentBuilder docBuilder setErrorHandler new SAXErrorHandler Class clazz this getClass URL dtdURL clazz getResource ""/org/apache/log4j/xml/log4j.dtd"" if dtdURL null LogLog error ""Could not find [log4j.dtd]. Used ["" clazz getClassLoader ""] class loader in the search."" else LogLog debug ""URL to log4j.dtd is ["" dtdURL toString ""]."" inputSource setSystemId dtdURL toString Document doc docBuilder parse inputSource parse doc getDocumentElement catch Exception e LogLog error ""Could not parse input source ["" inputSource ""]."" e public void doConfigure Element element LoggerRepository repository this repository repository parse element static public void configure String filename throws FactoryConfigurationError new DOMConfigurator doConfigure filename LogManager getLoggerRepository static public void configure URL url throws FactoryConfigurationError new DOMConfigurator doConfigure url LogManager getLoggerRepository protected void parse Element element String rootElementName element getTagName if rootElementName equals CONFIGURATION_TAG if rootElementName equals OLD_CONFIGURATION_TAG LogLog warn ""The <"" OLD_CONFIGURATION_TAG ""> element has been deprecated."" LogLog warn ""Use the <"" CONFIGURATION_TAG ""> element instead."" else LogLog error ""DOM element is - not a <"" CONFIGURATION_TAG ""> element."" return String debugAttrib subst element getAttribute INTERNAL_DEBUG_ATTR LogLog debug ""debug attribute= \"""" debugAttrib ""\""."" if debugAttrib equals """" debugAttrib equals ""null"" LogLog setInternalDebugging OptionConverter toBoolean debugAttrib true else LogLog debug ""Ignoring "" INTERNAL_DEBUG_ATTR "" attribute."" String confDebug subst element getAttribute CONFIG_DEBUG_ATTR if confDebug equals """" confDebug equals ""null"" LogLog warn ""The \"""" CONFIG_DEBUG_ATTR ""\"" attribute is deprecated."" LogLog warn ""Use the \"""" INTERNAL_DEBUG_ATTR ""\"" attribute instead."" LogLog setInternalDebugging OptionConverter toBoolean confDebug true String thresholdStr subst element getAttribute THRESHOLD_ATTR LogLog debug ""Threshold =\"""" thresholdStr ""\""."" if """" equals thresholdStr ""null"" equals thresholdStr repository setThreshold thresholdStr String tagName null Element currentElement null Node currentNode null NodeList children element getChildNodes final int length children getLength for int loop 0 loop length loop currentNode children item loop if currentNode getNodeType Node ELEMENT_NODE currentElement Element currentNode tagName currentElement getTagName if tagName equals CATEGORY_FACTORY_TAG parseCategoryFactory currentElement for int loop 0 loop length loop currentNode children item loop if currentNode getNodeType Node ELEMENT_NODE currentElement Element currentNode tagName currentElement getTagName if tagName equals CATEGORY tagName equals LOGGER parseCategory currentElement else if tagName equals ROOT_TAG parseRoot currentElement else if tagName equals RENDERER_TAG parseRenderer currentElement protected String subst String value try return OptionConverter substVars value props catch IllegalArgumentException e LogLog warn ""Could not perform variable substitution."" e return value class XMLWatchdog extends FileWatchdog XMLWatchdog String filename super filename public void doOnChange new DOMConfigurator doConfigure filename LogManager getLoggerRepository"
org.apache.log4j.chainsaw.LoadXMLAction,5,2,0,4,32,4,1,3,1,0.708333333,200,0.833333333,2,0.85,0.4,0,0,37.8,2,0.8,2,PackageDeclaration_org.apache.log4j.chainsaw ClassDeclaration_LoadXMLAction FieldDeclaration_ MethodInvocation_ FieldDeclaration_ FieldDeclaration_ StatementExpression_ MethodInvocation_ StatementExpression_ MethodInvocation_ FieldDeclaration_ FieldDeclaration_ ConstructorDeclaration_LoadXMLAction FormalParameter_aParent FormalParameter_aModel StatementExpression_ StatementExpression_ StatementExpression_ MethodInvocation_ MethodInvocation_ MethodInvocation_ StatementExpression_ MethodInvocation_ MethodDeclaration_actionPerformed FormalParameter_aIgnore StatementExpression_ MethodInvocation_ IfStatement_ MethodInvocation_ BlockStatement_ StatementExpression_ MethodInvocation_ LocalVariableDeclaration_ MethodInvocation_ StatementExpression_ MethodInvocation_ MethodInvocation_ TryStatement_ LocalVariableDeclaration_ MethodInvocation_ MethodInvocation_ StatementExpression_ MethodInvocation_ CatchClause_ CatchClauseParameter_e StatementExpression_ MethodInvocation_ StatementExpression_ MethodInvocation_ MethodInvocation_ MethodDeclaration_loadFile FormalParameter_aFile SynchronizedStatement_ LocalVariableDeclaration_ StatementExpression_ MethodInvocation_ StatementExpression_ MethodInvocation_ StatementExpression_ MethodInvocation_ StatementExpression_ MethodInvocation_ StatementExpression_ MethodInvocation_ StatementExpression_ MethodInvocation_ StatementExpression_ MethodInvocation_ StatementExpression_ MethodInvocation_ LocalVariableDeclaration_ MethodInvocation_ StatementExpression_ MethodInvocation_ ReturnStatement_ MethodInvocation_,"package org apache log4j chainsaw import java awt event ActionEvent import java io File import java io IOException import java io StringReader import javax swing AbstractAction import javax swing JFileChooser import javax swing JFrame import javax swing JOptionPane import javax xml parsers ParserConfigurationException import javax xml parsers SAXParserFactory import org apache log4j Category import org xml sax InputSource import org xml sax SAXException import org xml sax XMLReader class LoadXMLAction extends AbstractAction private static final Category LOG Category getInstance LoadXMLAction class private final JFrame mParent private final JFileChooser mChooser new JFileChooser mChooser setMultiSelectionEnabled false mChooser setFileSelectionMode JFileChooser FILES_ONLY private final XMLReader mParser private final XMLFileHandler mHandler LoadXMLAction JFrame aParent MyTableModel aModel throws SAXException ParserConfigurationException mParent aParent mHandler new XMLFileHandler aModel mParser SAXParserFactory newInstance newSAXParser getXMLReader mParser setContentHandler mHandler public void actionPerformed ActionEvent aIgnore LOG info ""load file called"" if mChooser showOpenDialog mParent JFileChooser APPROVE_OPTION LOG info ""Need to load a file"" final File chosen mChooser getSelectedFile LOG info ""loading the contents of "" chosen getAbsolutePath try final int num loadFile chosen getAbsolutePath JOptionPane showMessageDialog mParent ""Loaded "" num "" events."" ""CHAINSAW"" JOptionPane INFORMATION_MESSAGE catch Exception e LOG warn ""caught an exception loading the file"" e JOptionPane showMessageDialog mParent ""Error parsing file - "" e getMessage ""CHAINSAW"" JOptionPane ERROR_MESSAGE private int loadFile String aFile throws SAXException IOException synchronized mParser final StringBuffer buf new StringBuffer buf append ""<?xml version=\""1.0\"" standalone=\""yes\""?>\n"" buf append ""<!DOCTYPE log4j:eventSet "" buf append ""[<!ENTITY data SYSTEM \""file:///"" buf append aFile buf append ""\"">]>\n"" buf append ""<log4j:eventSet xmlns:log4j=\""Claira\"">\n"" buf append ""&data;\n"" buf append ""</log4j:eventSet>\n"" final InputSource is new InputSource new StringReader buf toString mParser parse is return mHandler getNumEvents"
org.apache.log4j.lf5.util.ProductProperties,20,1,0,5,37,116,2,3,14,0.754385965,209,1.0,1,0.0,0.315789474,0,0,9.3,3,0.95,0,PackageDeclaration_org.apache.log4j.lf5.util ClassDeclaration_ProductProperties FieldDeclaration_ FieldDeclaration_ FieldDeclaration_ ConstructorDeclaration_ProductProperties StatementExpression_ ConstructorDeclaration_ProductProperties FormalParameter_resource StatementExpression_ StatementExpression_ TryStatement_ LocalVariableDeclaration_ MethodInvocation_ LocalVariableDeclaration_ MethodInvocation_ StatementExpression_ MethodInvocation_ StatementExpression_ MethodInvocation_ StatementExpression_ MethodInvocation_ CatchClause_ CatchClauseParameter_e LocalVariableDeclaration_ MethodInvocation_ ThrowStatement_ MethodDeclaration_getInstance IfStatement_ BlockStatement_ SynchronizedStatement_ IfStatement_ BlockStatement_ StatementExpression_ ReturnStatement_ MethodDeclaration_getPropertyNameOfProductName ReturnStatement_ MethodDeclaration_getPropertyNameOfProductVersionNumber ReturnStatement_ MethodDeclaration_getPropertyNameOfProductReleaseDate ReturnStatement_ MethodDeclaration_getProductName ReturnStatement_ MethodInvocation_ MethodInvocation_ MethodDeclaration_setProductName FormalParameter_productName StatementExpression_ MethodInvocation_ MethodInvocation_ MethodDeclaration_getProductVersionNumber ReturnStatement_ MethodInvocation_ MethodInvocation_ MethodDeclaration_setProductVersionNumber FormalParameter_productVersionNumber StatementExpression_ MethodInvocation_ MethodInvocation_ MethodDeclaration_getProductReleaseDate ReturnStatement_ MethodInvocation_ MethodInvocation_ MethodDeclaration_setProductReleaseDate FormalParameter_productReleaseDate StatementExpression_ MethodInvocation_ MethodInvocation_ MethodDeclaration_get FormalParameter_name ReturnStatement_ MethodInvocation_ MethodDeclaration_set FormalParameter_name FormalParameter_value ReturnStatement_ MethodInvocation_ MethodDeclaration_getLogFactor5 ReturnStatement_ MethodInvocation_ MethodDeclaration_getString FormalParameter_propertyName ReturnStatement_ MethodInvocation_ MethodInvocation_ MethodDeclaration_validateProductProperties LocalVariableDeclaration_ StatementExpression_ MethodInvocation_ IfStatement_ MethodInvocation_ BlockStatement_ ThrowStatement_ StatementExpression_ MethodInvocation_ IfStatement_ MethodInvocation_ BlockStatement_ ThrowStatement_ MethodDeclaration_getSource FormalParameter_resource ReturnStatement_ MethodInvocation_ MethodDeclaration_getProperties FormalParameter_contents LocalVariableDeclaration_ LocalVariableDeclaration_ StatementExpression_ MethodInvocation_ StatementExpression_ MethodInvocation_ ReturnStatement_,"package org apache log4j lf5 util import java io BufferedInputStream import java io ByteArrayInputStream import java io IOException import java io InputStream import java util Properties public class ProductProperties protected Properties _productProperties private static ProductProperties _reference null private static Object _synchronizingObject new Object private ProductProperties this new Resource ""org/apache/log4j/lf5/lf5.properties"" private ProductProperties Resource resource super _productProperties new Properties try InputStream source getSource resource byte contents StreamUtils getBytes source _productProperties getProperties contents source close validateProductProperties catch Exception e String error e getMessage throw new ExceptionInInitializerError error public static ProductProperties getInstance if _reference null synchronized _synchronizingObject if _reference null _reference new ProductProperties return _reference public static String getPropertyNameOfProductName return ""product.name"" public static String getPropertyNameOfProductVersionNumber return ""product.version.number"" public static String getPropertyNameOfProductReleaseDate return ""product.release.date"" public String getProductName return _productProperties getProperty getPropertyNameOfProductName public void setProductName String productName _productProperties setProperty getPropertyNameOfProductName productName public String getProductVersionNumber return _productProperties getProperty getPropertyNameOfProductVersionNumber public void setProductVersionNumber String productVersionNumber _productProperties setProperty getPropertyNameOfProductVersionNumber productVersionNumber public String getProductReleaseDate return _productProperties getProperty getPropertyNameOfProductReleaseDate public void setProductReleaseDate String productReleaseDate _productProperties setProperty getPropertyNameOfProductReleaseDate productReleaseDate public String get String name return _productProperties getProperty name public Object set String name String value return _productProperties setProperty name value public String getLogFactor5 return getString ""lf5"" public String getString String propertyName return String valueOf get propertyName protected void validateProductProperties throws Exception String value null value getProductVersionNumber if value null value equals """" throw new Exception ""Product version number is null."" value getProductReleaseDate if value null value equals """" throw new Exception ""Product release date is null."" private InputStream getSource Resource resource return new BufferedInputStream ResourceUtils getResourceAsStream this resource private Properties getProperties byte contents throws IOException ByteArrayInputStream source new ByteArrayInputStream contents Properties result new Properties result load source source close return result"
org.apache.log4j.chainsaw.ExitAction,4,2,0,4,11,4,3,1,1,0.888888889,41,0.333333333,2,0.894736842,0.444444444,0,0,8.5,1,0.5,2,PackageDeclaration_org.apache.log4j.chainsaw ClassDeclaration_ExitAction FieldDeclaration_ MethodInvocation_ FieldDeclaration_ ConstructorDeclaration_ExitAction MethodDeclaration_actionPerformed FormalParameter_aIgnore StatementExpression_ MethodInvocation_ StatementExpression_ MethodInvocation_,"package org apache log4j chainsaw import java awt event ActionEvent import javax swing AbstractAction import org apache log4j Category class ExitAction extends AbstractAction private static final Category LOG Category getInstance ExitAction class public static final ExitAction INSTANCE new ExitAction private ExitAction public void actionPerformed ActionEvent aIgnore LOG info ""shutting down"" System exit 0"
org.apache.log4j.PatternLayout,8,2,0,10,16,18,6,4,7,0.875,103,0.75,1,0.571428571,0.5,0,0,10.875,3,1.0,5,PackageDeclaration_org.apache.log4j ClassDeclaration_PatternLayout FieldDeclaration_ FieldDeclaration_ FieldDeclaration_ FieldDeclaration_ FieldDeclaration_ FieldDeclaration_ FieldDeclaration_ FieldDeclaration_ ConstructorDeclaration_PatternLayout StatementExpression_ ConstructorDeclaration_PatternLayout FormalParameter_pattern StatementExpression_ StatementExpression_ MethodInvocation_ MethodInvocation_ MethodDeclaration_setConversionPattern FormalParameter_conversionPattern StatementExpression_ StatementExpression_ MethodInvocation_ MethodInvocation_ MethodDeclaration_getConversionPattern ReturnStatement_ MethodDeclaration_activateOptions MethodDeclaration_ignoresThrowable ReturnStatement_ MethodDeclaration_createPatternParser FormalParameter_pattern ReturnStatement_ MethodDeclaration_format FormalParameter_event IfStatement_ MethodInvocation_ BlockStatement_ StatementExpression_ BlockStatement_ StatementExpression_ MethodInvocation_ LocalVariableDeclaration_ WhileStatement_ BlockStatement_ StatementExpression_ MethodInvocation_ StatementExpression_ ReturnStatement_ MethodInvocation_,"package org apache log4j import org apache log4j Layout import org apache log4j spi LoggingEvent import org apache log4j helpers PatternParser import org apache log4j helpers PatternConverter public class PatternLayout extends Layout public final static String DEFAULT_CONVERSION_PATTERN ""%m%n"" public final static String TTCC_CONVERSION_PATTERN ""%r [%t] %p %c %x - %m%n"" protected final int BUF_SIZE 256 protected final int MAX_CAPACITY 1024 private StringBuffer sbuf new StringBuffer BUF_SIZE private String pattern private PatternConverter head private String timezone public PatternLayout this DEFAULT_CONVERSION_PATTERN public PatternLayout String pattern this pattern pattern head createPatternParser pattern null DEFAULT_CONVERSION_PATTERN pattern parse public void setConversionPattern String conversionPattern pattern conversionPattern head createPatternParser conversionPattern parse public String getConversionPattern return pattern public void activateOptions public boolean ignoresThrowable return true protected PatternParser createPatternParser String pattern return new PatternParser pattern public String format LoggingEvent event if sbuf capacity MAX_CAPACITY sbuf new StringBuffer BUF_SIZE else sbuf setLength 0 PatternConverter c head while c null c format sbuf event c c next return sbuf toString"
org.apache.log4j.lf5.viewer.LogTableColumn,9,1,0,5,20,16,4,1,8,0.916666667,207,0.25,10,0.0,0.333333333,1,1,20.66666667,3,1.0,3,PackageDeclaration_org.apache.log4j.lf5.viewer ClassDeclaration_LogTableColumn FieldDeclaration_ FieldDeclaration_ FieldDeclaration_ FieldDeclaration_ FieldDeclaration_ FieldDeclaration_ FieldDeclaration_ FieldDeclaration_ FieldDeclaration_ FieldDeclaration_ FieldDeclaration_ FieldDeclaration_ StatementExpression_ StatementExpression_ ForStatement_ VariableDeclaration_ BlockStatement_ StatementExpression_ MethodInvocation_ MethodInvocation_ ConstructorDeclaration_LogTableColumn FormalParameter_label StatementExpression_ MethodDeclaration_getLabel ReturnStatement_ MethodDeclaration_valueOf FormalParameter_column LocalVariableDeclaration_ IfStatement_ BlockStatement_ StatementExpression_ MethodInvocation_ StatementExpression_ MethodInvocation_ IfStatement_ BlockStatement_ LocalVariableDeclaration_ StatementExpression_ MethodInvocation_ StatementExpression_ MethodInvocation_ ThrowStatement_ MethodInvocation_ ReturnStatement_ MethodDeclaration_equals FormalParameter_o LocalVariableDeclaration_ IfStatement_ BlockStatement_ IfStatement_ MethodInvocation_ BlockStatement_ StatementExpression_ ReturnStatement_ MethodDeclaration_hashCode ReturnStatement_ MethodInvocation_ MethodDeclaration_toString ReturnStatement_ MethodDeclaration_getLogTableColumns ReturnStatement_ MethodInvocation_ MethodDeclaration_getLogTableColumnArray ReturnStatement_,"package org apache log4j lf5 viewer import java util Arrays import java util HashMap import java util List import java util Map public class LogTableColumn implements java io Serializable public final static LogTableColumn DATE new LogTableColumn ""Date"" public final static LogTableColumn THREAD new LogTableColumn ""Thread"" public final static LogTableColumn MESSAGE_NUM new LogTableColumn ""Message #"" public final static LogTableColumn LEVEL new LogTableColumn ""Level"" public final static LogTableColumn NDC new LogTableColumn ""NDC"" public final static LogTableColumn CATEGORY new LogTableColumn ""Category"" public final static LogTableColumn MESSAGE new LogTableColumn ""Message"" public final static LogTableColumn LOCATION new LogTableColumn ""Location"" public final static LogTableColumn THROWN new LogTableColumn ""Thrown"" protected String _label private static LogTableColumn _log4JColumns private static Map _logTableColumnMap static _log4JColumns new LogTableColumn DATE THREAD MESSAGE_NUM LEVEL NDC CATEGORY MESSAGE LOCATION THROWN _logTableColumnMap new HashMap for int i 0 i _log4JColumns length i _logTableColumnMap put _log4JColumns i getLabel _log4JColumns i public LogTableColumn String label _label label public String getLabel return _label public static LogTableColumn valueOf String column throws LogTableColumnFormatException LogTableColumn tableColumn null if column null column column trim tableColumn LogTableColumn _logTableColumnMap get column if tableColumn null StringBuffer buf new StringBuffer buf append ""Error while trying to parse ("" column "") into"" buf append "" a LogTableColumn."" throw new LogTableColumnFormatException buf toString return tableColumn public boolean equals Object o boolean equals false if o instanceof LogTableColumn if this getLabel LogTableColumn o getLabel equals true return equals public int hashCode return _label hashCode public String toString return _label public static List getLogTableColumns return Arrays asList _log4JColumns public static LogTableColumn getLogTableColumnArray return _log4JColumns"
org.apache.log4j.Hierarchy,25,1,0,17,69,200,2,15,22,0.856481481,586,0.222222222,4,0.0,0.16,0,0,22.08,6,1.92,2,PackageDeclaration_org.apache.log4j ClassDeclaration_Hierarchy FieldDeclaration_ FieldDeclaration_ FieldDeclaration_ FieldDeclaration_ FieldDeclaration_ FieldDeclaration_ FieldDeclaration_ FieldDeclaration_ FieldDeclaration_ ConstructorDeclaration_Hierarchy FormalParameter_root StatementExpression_ StatementExpression_ StatementExpression_ StatementExpression_ MethodInvocation_ StatementExpression_ MethodInvocation_ StatementExpression_ StatementExpression_ MethodDeclaration_addRenderer FormalParameter_classToRender FormalParameter_or StatementExpression_ MethodInvocation_ MethodDeclaration_addHierarchyEventListener FormalParameter_listener IfStatement_ MethodInvocation_ BlockStatement_ StatementExpression_ MethodInvocation_ BlockStatement_ StatementExpression_ MethodInvocation_ MethodDeclaration_clear StatementExpression_ MethodInvocation_ MethodDeclaration_emitNoAppenderWarning FormalParameter_cat IfStatement_ BlockStatement_ StatementExpression_ MethodInvocation_ MethodInvocation_ StatementExpression_ MethodInvocation_ StatementExpression_ MethodDeclaration_exists FormalParameter_name LocalVariableDeclaration_ MethodInvocation_ IfStatement_ BlockStatement_ ReturnStatement_ BlockStatement_ ReturnStatement_ MethodDeclaration_setThreshold FormalParameter_levelStr LocalVariableDeclaration_ MethodInvocation_ IfStatement_ BlockStatement_ StatementExpression_ MethodInvocation_ BlockStatement_ StatementExpression_ MethodInvocation_ MethodDeclaration_setThreshold FormalParameter_l IfStatement_ BlockStatement_ StatementExpression_ StatementExpression_ MethodDeclaration_fireAddAppenderEvent FormalParameter_logger FormalParameter_appender IfStatement_ BlockStatement_ LocalVariableDeclaration_ MethodInvocation_ LocalVariableDeclaration_ ForStatement_ VariableDeclaration_ BlockStatement_ StatementExpression_ MethodInvocation_ StatementExpression_ MethodInvocation_ MethodDeclaration_fireRemoveAppenderEvent FormalParameter_logger FormalParameter_appender IfStatement_ BlockStatement_ LocalVariableDeclaration_ MethodInvocation_ LocalVariableDeclaration_ ForStatement_ VariableDeclaration_ BlockStatement_ StatementExpression_ MethodInvocation_ StatementExpression_ MethodInvocation_ MethodDeclaration_getThreshold ReturnStatement_ MethodDeclaration_getLogger FormalParameter_name ReturnStatement_ MethodInvocation_ MethodDeclaration_getLogger FormalParameter_name FormalParameter_factory LocalVariableDeclaration_ LocalVariableDeclaration_ SynchronizedStatement_ LocalVariableDeclaration_ MethodInvocation_ IfStatement_ BlockStatement_ StatementExpression_ MethodInvocation_ StatementExpression_ MethodInvocation_ StatementExpression_ MethodInvocation_ StatementExpression_ MethodInvocation_ ReturnStatement_ IfStatement_ BlockStatement_ ReturnStatement_ IfStatement_ BlockStatement_ StatementExpression_ MethodInvocation_ StatementExpression_ MethodInvocation_ StatementExpression_ MethodInvocation_ StatementExpression_ MethodInvocation_ StatementExpression_ MethodInvocation_ ReturnStatement_ BlockStatement_ ReturnStatement_ MethodDeclaration_getCurrentLoggers LocalVariableDeclaration_ MethodInvocation_ LocalVariableDeclaration_ MethodInvocation_ WhileStatement_ MethodInvocation_ BlockStatement_ LocalVariableDeclaration_ MethodInvocation_ IfStatement_ BlockStatement_ StatementExpression_ MethodInvocation_ ReturnStatement_ MethodInvocation_ MethodDeclaration_getCurrentCategories ReturnStatement_ MethodInvocation_ MethodDeclaration_getRendererMap ReturnStatement_ MethodDeclaration_getRootLogger ReturnStatement_ MethodDeclaration_isDisabled FormalParameter_level ReturnStatement_ MethodDeclaration_overrideAsNeeded FormalParameter_override StatementExpression_ MethodInvocation_ MethodDeclaration_resetConfiguration StatementExpression_ MethodInvocation_ MethodInvocation_ StatementExpression_ MethodInvocation_ StatementExpression_ MethodInvocation_ SynchronizedStatement_ StatementExpression_ MethodInvocation_ LocalVariableDeclaration_ MethodInvocation_ WhileStatement_ MethodInvocation_ BlockStatement_ LocalVariableDeclaration_ MethodInvocation_ StatementExpression_ MethodInvocation_ StatementExpression_ MethodInvocation_ StatementExpression_ MethodInvocation_ StatementExpression_ MethodInvocation_ MethodDeclaration_setDisableOverride FormalParameter_override StatementExpression_ MethodInvocation_ MethodDeclaration_setRenderer FormalParameter_renderedClass FormalParameter_renderer StatementExpression_ MethodInvocation_ MethodDeclaration_shutdown LocalVariableDeclaration_ MethodInvocation_ StatementExpression_ MethodInvocation_ SynchronizedStatement_ LocalVariableDeclaration_ MethodInvocation_ WhileStatement_ MethodInvocation_ BlockStatement_ LocalVariableDeclaration_ MethodInvocation_ StatementExpression_ MethodInvocation_ StatementExpression_ MethodInvocation_ StatementExpression_ MethodInvocation_ WhileStatement_ MethodInvocation_ BlockStatement_ LocalVariableDeclaration_ MethodInvocation_ StatementExpression_ MethodInvocation_ MethodDeclaration_updateParents FormalParameter_cat LocalVariableDeclaration_ LocalVariableDeclaration_ MethodInvocation_ LocalVariableDeclaration_ ForStatement_ VariableDeclaration_ MethodInvocation_ MethodInvocation_ BlockStatement_ LocalVariableDeclaration_ MethodInvocation_ LocalVariableDeclaration_ LocalVariableDeclaration_ MethodInvocation_ IfStatement_ BlockStatement_ LocalVariableDeclaration_ StatementExpression_ MethodInvocation_ IfStatement_ BlockStatement_ StatementExpression_ StatementExpression_ BreakStatement_ IfStatement_ BlockStatement_ StatementExpression_ BlockStatement_ LocalVariableDeclaration_ MethodInvocation_ StatementExpression_ MethodInvocation_ IfStatement_ StatementExpression_ MethodDeclaration_updateChildren FormalParameter_pn FormalParameter_logger LocalVariableDeclaration_ MethodInvocation_ ForStatement_ VariableDeclaration_ BlockStatement_ LocalVariableDeclaration_ MethodInvocation_ IfStatement_ MethodInvocation_ BlockStatement_ StatementExpression_ StatementExpression_,"package org apache log4j import java util Hashtable import java util Enumeration import java util Vector import org apache log4j spi LoggerFactory import org apache log4j spi HierarchyEventListener import org apache log4j spi LoggerRepository import org apache log4j spi RendererSupport import org apache log4j Appender import org apache log4j or RendererMap import org apache log4j or ObjectRenderer import org apache log4j helpers LogLog public class Hierarchy implements LoggerRepository RendererSupport private LoggerFactory defaultFactory private Vector listeners Hashtable ht Logger root RendererMap rendererMap int thresholdInt Level threshold boolean emittedNoAppenderWarning false boolean emittedNoResourceBundleWarning false public Hierarchy Logger root ht new Hashtable listeners new Vector 1 this root root setThreshold Level ALL this root setHierarchy this rendererMap new RendererMap defaultFactory new DefaultCategoryFactory public void addRenderer Class classToRender ObjectRenderer or rendererMap put classToRender or public void addHierarchyEventListener HierarchyEventListener listener if listeners contains listener LogLog warn ""Ignoring attempt to add an existent listener."" else listeners addElement listener public void clear ht clear public void emitNoAppenderWarning Category cat if this emittedNoAppenderWarning LogLog warn ""No appenders could be found for logger ("" cat getName "")."" LogLog warn ""Please initialize the log4j system properly."" this emittedNoAppenderWarning true public Logger exists String name Object o ht get new CategoryKey name if o instanceof Logger return Logger o else return null public void setThreshold String levelStr Level l Level Level toLevel levelStr null if l null setThreshold l else LogLog warn ""Could not convert ["" levelStr ""] to Level."" public void setThreshold Level l if l null thresholdInt l level threshold l public void fireAddAppenderEvent Category logger Appender appender if listeners null int size listeners size HierarchyEventListener listener for int i 0 i size i listener HierarchyEventListener listeners elementAt i listener addAppenderEvent logger appender void fireRemoveAppenderEvent Category logger Appender appender if listeners null int size listeners size HierarchyEventListener listener for int i 0 i size i listener HierarchyEventListener listeners elementAt i listener removeAppenderEvent logger appender public Level getThreshold return threshold public Logger getLogger String name return getLogger name defaultFactory public Logger getLogger String name LoggerFactory factory CategoryKey key new CategoryKey name Logger logger synchronized ht Object o ht get key if o null logger factory makeNewLoggerInstance name logger setHierarchy this ht put key logger updateParents logger return logger else if o instanceof Logger return Logger o else if o instanceof ProvisionNode logger factory makeNewLoggerInstance name logger setHierarchy this ht put key logger updateChildren ProvisionNode o logger updateParents logger return logger else return null public Enumeration getCurrentLoggers Vector v new Vector ht size Enumeration elems ht elements while elems hasMoreElements Object o elems nextElement if o instanceof Logger v addElement o return v elements public Enumeration getCurrentCategories return getCurrentLoggers public RendererMap getRendererMap return rendererMap public Logger getRootLogger return root public boolean isDisabled int level return thresholdInt level public void overrideAsNeeded String override LogLog warn ""The Hiearchy.overrideAsNeeded method has been deprecated."" public void resetConfiguration getRootLogger setLevel Level Level DEBUG root setResourceBundle null setThreshold Level ALL synchronized ht shutdown Enumeration cats getCurrentLoggers while cats hasMoreElements Logger c Logger cats nextElement c setLevel null c setAdditivity true c setResourceBundle null rendererMap clear public void setDisableOverride String override LogLog warn ""The Hiearchy.setDisableOverride method has been deprecated."" public void setRenderer Class renderedClass ObjectRenderer renderer rendererMap put renderedClass renderer public void shutdown Logger root getRootLogger root closeNestedAppenders synchronized ht Enumeration cats this getCurrentLoggers while cats hasMoreElements Logger c Logger cats nextElement c closeNestedAppenders root removeAllAppenders cats this getCurrentLoggers while cats hasMoreElements Logger c Logger cats nextElement c removeAllAppenders final private void updateParents Logger cat String name cat name int length name length boolean parentFound false for int i name lastIndexOf '.' length 1 i 0 i name lastIndexOf '.' i 1 String substr name substring 0 i CategoryKey key new CategoryKey substr Object o ht get key if o null ProvisionNode pn new ProvisionNode cat ht put key pn else if o instanceof Category parentFound true cat parent Category o break else if o instanceof ProvisionNode ProvisionNode o addElement cat else Exception e new IllegalStateException ""unexpected object type "" o getClass "" in ht."" e printStackTrace if parentFound cat parent root final private void updateChildren ProvisionNode pn Logger logger final int last pn size for int i 0 i last i Logger l Logger pn elementAt i if l parent name startsWith logger name logger parent l parent l parent logger"
org.apache.log4j.net.SMTPAppender,25,2,0,10,73,226,0,10,20,0.8875,436,0.9,2,0.43902439,0.24,1,2,16.04,7,1.56,9,PackageDeclaration_org.apache.log4j.net ClassDeclaration_SMTPAppender FieldDeclaration_ FieldDeclaration_ FieldDeclaration_ FieldDeclaration_ FieldDeclaration_ FieldDeclaration_ FieldDeclaration_ FieldDeclaration_ FieldDeclaration_ ConstructorDeclaration_SMTPAppender StatementExpression_ ConstructorDeclaration_SMTPAppender FormalParameter_evaluator StatementExpression_ MethodDeclaration_activateOptions LocalVariableDeclaration_ MethodInvocation_ IfStatement_ StatementExpression_ MethodInvocation_ LocalVariableDeclaration_ MethodInvocation_ StatementExpression_ TryStatement_ IfStatement_ StatementExpression_ MethodInvocation_ MethodInvocation_ StatementExpression_ MethodInvocation_ StatementExpression_ MethodInvocation_ MethodInvocation_ IfStatement_ StatementExpression_ MethodInvocation_ CatchClause_ CatchClauseParameter_e StatementExpression_ MethodInvocation_ MethodDeclaration_append FormalParameter_event IfStatement_ MethodInvocation_ BlockStatement_ ReturnStatement_ StatementExpression_ MethodInvocation_ StatementExpression_ MethodInvocation_ IfStatement_ BlockStatement_ StatementExpression_ MethodInvocation_ StatementExpression_ MethodInvocation_ IfStatement_ MethodInvocation_ BlockStatement_ StatementExpression_ MethodInvocation_ MethodDeclaration_checkEntryConditions IfStatement_ BlockStatement_ StatementExpression_ MethodInvocation_ ReturnStatement_ IfStatement_ BlockStatement_ StatementExpression_ MethodInvocation_ ReturnStatement_ IfStatement_ BlockStatement_ StatementExpression_ MethodInvocation_ ReturnStatement_ ReturnStatement_ MethodDeclaration_close StatementExpression_ MethodDeclaration_getAddress FormalParameter_addressStr TryStatement_ ReturnStatement_ CatchClause_ CatchClauseParameter_e StatementExpression_ MethodInvocation_ ReturnStatement_ MethodDeclaration_parseAddress FormalParameter_addressStr TryStatement_ ReturnStatement_ MethodInvocation_ CatchClause_ CatchClauseParameter_e StatementExpression_ MethodInvocation_ ReturnStatement_ MethodDeclaration_getTo ReturnStatement_ MethodDeclaration_requiresLayout ReturnStatement_ MethodDeclaration_sendBuffer TryStatement_ LocalVariableDeclaration_ LocalVariableDeclaration_ LocalVariableDeclaration_ MethodInvocation_ IfStatement_ StatementExpression_ MethodInvocation_ LocalVariableDeclaration_ MethodInvocation_ ForStatement_ VariableDeclaration_ BlockStatement_ LocalVariableDeclaration_ MethodInvocation_ StatementExpression_ MethodInvocation_ MethodInvocation_ IfStatement_ MethodInvocation_ BlockStatement_ LocalVariableDeclaration_ MethodInvocation_ IfStatement_ BlockStatement_ ForStatement_ VariableDeclaration_ BlockStatement_ StatementExpression_ MethodInvocation_ StatementExpression_ MethodInvocation_ IfStatement_ StatementExpression_ MethodInvocation_ StatementExpression_ MethodInvocation_ MethodInvocation_ MethodInvocation_ LocalVariableDeclaration_ StatementExpression_ MethodInvocation_ StatementExpression_ MethodInvocation_ StatementExpression_ MethodInvocation_ StatementExpression_ MethodInvocation_ CatchClause_ CatchClauseParameter_e StatementExpression_ MethodInvocation_ MethodDeclaration_getEvaluatorClass ReturnStatement_ MethodInvocation_ MethodInvocation_ MethodDeclaration_getFrom ReturnStatement_ MethodDeclaration_getSubject ReturnStatement_ MethodDeclaration_setFrom FormalParameter_from StatementExpression_ MethodDeclaration_setSubject FormalParameter_subject StatementExpression_ MethodDeclaration_setBufferSize FormalParameter_bufferSize StatementExpression_ StatementExpression_ MethodInvocation_ MethodDeclaration_setSMTPHost FormalParameter_smtpHost StatementExpression_ MethodDeclaration_getSMTPHost ReturnStatement_ MethodDeclaration_setTo FormalParameter_to StatementExpression_ MethodDeclaration_getBufferSize ReturnStatement_ MethodDeclaration_setEvaluatorClass FormalParameter_value StatementExpression_ MethodInvocation_ MethodDeclaration_setLocationInfo FormalParameter_locationInfo StatementExpression_ MethodDeclaration_getLocationInfo ReturnStatement_ ClassDeclaration_DefaultEvaluator MethodDeclaration_isTriggeringEvent FormalParameter_event ReturnStatement_ MethodInvocation_,"package org apache log4j net import org apache log4j AppenderSkeleton import org apache log4j Level import org apache log4j helpers CyclicBuffer import org apache log4j helpers OptionConverter import org apache log4j helpers LogLog import org apache log4j spi LoggingEvent import org apache log4j spi ErrorCode import org apache log4j spi TriggeringEventEvaluator import java util Properties import java util Date import javax mail Session import javax mail Transport import javax mail Message import javax mail MessagingException import javax mail internet MimeMessage import javax mail Multipart import javax mail internet MimeMultipart import javax mail internet MimeBodyPart import javax mail internet InternetAddress import javax mail internet AddressException public class SMTPAppender extends AppenderSkeleton private String to private String from private String subject private String smtpHost private int bufferSize 512 private boolean locationInfo false protected CyclicBuffer cb new CyclicBuffer bufferSize protected Message msg protected TriggeringEventEvaluator evaluator public SMTPAppender this new DefaultEvaluator public SMTPAppender TriggeringEventEvaluator evaluator this evaluator evaluator public void activateOptions Properties props new Properties System getProperties if smtpHost null props put ""mail.smtp.host"" smtpHost Session session Session getInstance props null msg new MimeMessage session try if from null msg setFrom getAddress from else msg setFrom msg setRecipients Message RecipientType TO parseAddress to if subject null msg setSubject subject catch MessagingException e LogLog error ""Could not activate SMTPAppender options."" e public void append LoggingEvent event if checkEntryConditions return event getThreadName event getNDC if locationInfo event getLocationInformation cb add event if evaluator isTriggeringEvent event sendBuffer protected boolean checkEntryConditions if this msg null errorHandler error ""Message object not configured."" return false if this evaluator null errorHandler error ""No TriggeringEventEvaluator is set for appender ["" name ""]."" return false if this layout null errorHandler error ""No layout set for appender named ["" name ""]."" return false return true synchronized public void close this closed true InternetAddress getAddress String addressStr try return new InternetAddress addressStr catch AddressException e errorHandler error ""Could not parse address ["" addressStr ""]."" e ErrorCode ADDRESS_PARSE_FAILURE return null InternetAddress parseAddress String addressStr try return InternetAddress parse addressStr true catch AddressException e errorHandler error ""Could not parse address ["" addressStr ""]."" e ErrorCode ADDRESS_PARSE_FAILURE return null public String getTo return to public boolean requiresLayout return true protected void sendBuffer try MimeBodyPart part new MimeBodyPart StringBuffer sbuf new StringBuffer String t layout getHeader if t null sbuf append t int len cb length for int i 0 i len i LoggingEvent event cb get sbuf append layout format event if layout ignoresThrowable String s event getThrowableStrRep if s null for int j 0 j s length j sbuf append s j t layout getFooter if t null sbuf append t part setContent sbuf toString layout getContentType Multipart mp new MimeMultipart mp addBodyPart part msg setContent mp msg setSentDate new Date Transport send msg catch Exception e LogLog error ""Error occured while sending e-mail notification."" e public String getEvaluatorClass return evaluator null null evaluator getClass getName public String getFrom return from public String getSubject return subject public void setFrom String from this from from public void setSubject String subject this subject subject public void setBufferSize int bufferSize this bufferSize bufferSize cb resize bufferSize public void setSMTPHost String smtpHost this smtpHost smtpHost public String getSMTPHost return smtpHost public void setTo String to this to to public int getBufferSize return bufferSize public void setEvaluatorClass String value evaluator TriggeringEventEvaluator OptionConverter instantiateByClassName value TriggeringEventEvaluator class evaluator public void setLocationInfo boolean locationInfo this locationInfo locationInfo public boolean getLocationInfo return locationInfo class DefaultEvaluator implements TriggeringEventEvaluator public boolean isTriggeringEvent LoggingEvent event return event level isGreaterOrEqual Level ERROR"
org.apache.log4j.lf5.PassingLogRecordFilter,3,1,0,3,4,3,1,2,3,2.0,9,0.0,0,0.0,0.666666667,0,0,2.0,1,0.6667,2,PackageDeclaration_org.apache.log4j.lf5 ClassDeclaration_PassingLogRecordFilter MethodDeclaration_passes FormalParameter_record ReturnStatement_ MethodDeclaration_reset,package org apache log4j lf5 public class PassingLogRecordFilter implements LogRecordFilter public boolean passes LogRecord record return true public void reset
org.apache.log4j.ProvisionNode,1,4,0,2,3,0,1,1,0,2.0,7,0.0,0,1.0,1.0,0,0,6.0,0,0.0,3,PackageDeclaration_org.apache.log4j ClassDeclaration_ProvisionNode ConstructorDeclaration_ProvisionNode FormalParameter_logger StatementExpression_ StatementExpression_ MethodInvocation_,package org apache log4j import java util Vector class ProvisionNode extends Vector ProvisionNode Logger logger super this addElement logger
org.apache.log4j.xml.examples.XMLSample,7,1,0,2,26,17,0,2,2,0.666666667,131,0.0,1,0.0,0.277777778,0,0,17.42857143,2,1.0,4,PackageDeclaration_org.apache.log4j.xml.examples ClassDeclaration_XMLSample FieldDeclaration_ MethodInvocation_ MethodInvocation_ MethodDeclaration_main FormalParameter_argv IfStatement_ StatementExpression_ MethodInvocation_ StatementExpression_ MethodInvocation_ StatementExpression_ MethodInvocation_ MethodDeclaration_Usage FormalParameter_msg StatementExpression_ MethodInvocation_ StatementExpression_ MethodInvocation_ MethodInvocation_ StatementExpression_ MethodInvocation_ MethodDeclaration_init FormalParameter_configFile StatementExpression_ MethodInvocation_ MethodDeclaration_sample LocalVariableDeclaration_ LocalVariableDeclaration_ MethodInvocation_ StatementExpression_ MethodInvocation_ StatementExpression_ MethodInvocation_ StatementExpression_ MethodInvocation_ LocalVariableDeclaration_ StatementExpression_ MethodInvocation_,"package org apache log4j xml examples import org apache log4j xml DOMConfigurator import org apache log4j Category import java net public class XMLSample static Category cat Category getInstance XMLSample class getName public static void main String argv if argv length 1 init argv 0 else Usage ""Wrong number of arguments."" sample static void Usage String msg System err println msg System err println ""Usage: java "" XMLSample class getName ""configFile"" System exit 1 static void init String configFile DOMConfigurator configure configFile static void sample int i 1 Category root Category getRoot cat debug ""Message "" i cat warn ""Message "" i cat error ""Message "" i Exception e new Exception ""Just testing"" cat debug ""Message "" i e"
org.apache.log4j.varia.DenyAllFilter,4,2,0,2,5,6,0,2,4,2.0,12,0.0,0,0.571428571,0.5,0,0,2.0,1,0.75,2,PackageDeclaration_org.apache.log4j.varia ClassDeclaration_DenyAllFilter MethodDeclaration_getOptionStrings ReturnStatement_ MethodDeclaration_setOption FormalParameter_key FormalParameter_value MethodDeclaration_decide FormalParameter_event ReturnStatement_,package org apache log4j varia import org apache log4j spi Filter import org apache log4j spi LoggingEvent public class DenyAllFilter extends Filter public String getOptionStrings return null public void setOption String key String value public int decide LoggingEvent event return Filter DENY
org.apache.log4j.spi.AppenderAttachable,7,1,0,5,7,21,4,1,7,2.0,7,0.0,0,0.0,0.571428571,0,0,0.0,1,1.0,2,PackageDeclaration_org.apache.log4j.spi InterfaceDeclaration_AppenderAttachable MethodDeclaration_addAppender FormalParameter_newAppender MethodDeclaration_getAllAppenders MethodDeclaration_getAppender FormalParameter_name MethodDeclaration_isAttached FormalParameter_appender MethodDeclaration_removeAllAppenders MethodDeclaration_removeAppender FormalParameter_appender MethodDeclaration_removeAppender FormalParameter_name,package org apache log4j spi import org apache log4j Appender import java util Enumeration public interface AppenderAttachable public void addAppender Appender newAppender public Enumeration getAllAppenders public Appender getAppender String name public boolean isAttached Appender appender void removeAllAppenders void removeAppender Appender appender void removeAppender String name
org.apache.log4j.net.SocketHubAppender,12,2,0,5,30,18,1,5,11,0.654545455,205,0.8,1,0.642857143,0.333333333,1,2,15.66666667,6,1.4167,2,PackageDeclaration_org.apache.log4j.net ClassDeclaration_SocketHubAppender FieldDeclaration_ FieldDeclaration_ FieldDeclaration_ FieldDeclaration_ FieldDeclaration_ ConstructorDeclaration_SocketHubAppender ConstructorDeclaration_SocketHubAppender FormalParameter__port StatementExpression_ StatementExpression_ MethodInvocation_ MethodDeclaration_activateOptions StatementExpression_ MethodInvocation_ MethodDeclaration_close IfStatement_ ReturnStatement_ StatementExpression_ MethodInvocation_ MethodInvocation_ StatementExpression_ StatementExpression_ MethodInvocation_ StatementExpression_ MethodInvocation_ MethodInvocation_ MethodDeclaration_cleanUp StatementExpression_ MethodInvocation_ StatementExpression_ MethodInvocation_ StatementExpression_ StatementExpression_ MethodInvocation_ WhileStatement_ MethodInvocation_ BlockStatement_ LocalVariableDeclaration_ MethodInvocation_ IfStatement_ BlockStatement_ TryStatement_ StatementExpression_ MethodInvocation_ CatchClause_ CatchClauseParameter_e StatementExpression_ MethodInvocation_ StatementExpression_ MethodInvocation_ MethodDeclaration_append FormalParameter_event IfStatement_ MethodInvocation_ ReturnStatement_ IfStatement_ BlockStatement_ StatementExpression_ MethodInvocation_ ForStatement_ VariableDeclaration_ MethodInvocation_ BlockStatement_ LocalVariableDeclaration_ TryStatement_ StatementExpression_ MethodInvocation_ CatchClause_ CatchClauseParameter_e IfStatement_ BreakStatement_ TryStatement_ StatementExpression_ MethodInvocation_ StatementExpression_ MethodInvocation_ StatementExpression_ MethodInvocation_ CatchClause_ CatchClauseParameter_e StatementExpression_ MethodInvocation_ StatementExpression_ MethodInvocation_ StatementExpression_ MethodDeclaration_requiresLayout ReturnStatement_ MethodDeclaration_setPort FormalParameter__port StatementExpression_ MethodDeclaration_getPort ReturnStatement_ MethodDeclaration_setLocationInfo FormalParameter__locationInfo StatementExpression_ MethodDeclaration_getLocationInfo ReturnStatement_ MethodDeclaration_startServer StatementExpression_ ClassDeclaration_ServerMonitor FieldDeclaration_ FieldDeclaration_ FieldDeclaration_ FieldDeclaration_ ConstructorDeclaration_ServerMonitor FormalParameter__port FormalParameter__oosList StatementExpression_ StatementExpression_ StatementExpression_ StatementExpression_ StatementExpression_ MethodInvocation_ StatementExpression_ MethodInvocation_ MethodDeclaration_stopMonitor IfStatement_ BlockStatement_ StatementExpression_ MethodInvocation_ StatementExpression_ TryStatement_ StatementExpression_ MethodInvocation_ CatchClause_ CatchClauseParameter_e StatementExpression_ StatementExpression_ MethodInvocation_ MethodDeclaration_run LocalVariableDeclaration_ TryStatement_ StatementExpression_ StatementExpression_ MethodInvocation_ CatchClause_ CatchClauseParameter_e StatementExpression_ MethodInvocation_ StatementExpression_ ReturnStatement_ TryStatement_ TryStatement_ StatementExpression_ MethodInvocation_ CatchClause_ CatchClauseParameter_e StatementExpression_ MethodInvocation_ ReturnStatement_ WhileStatement_ BlockStatement_ LocalVariableDeclaration_ TryStatement_ StatementExpression_ MethodInvocation_ CatchClause_ CatchClauseParameter_e CatchClause_ CatchClauseParameter_e StatementExpression_ MethodInvocation_ StatementExpression_ CatchClause_ CatchClauseParameter_e StatementExpression_ MethodInvocation_ IfStatement_ BlockStatement_ TryStatement_ LocalVariableDeclaration_ MethodInvocation_ StatementExpression_ MethodInvocation_ MethodInvocation_ MethodInvocation_ LocalVariableDeclaration_ MethodInvocation_ StatementExpression_ MethodInvocation_ CatchClause_ CatchClauseParameter_e StatementExpression_ MethodInvocation_ TryStatement_ StatementExpression_ MethodInvocation_ CatchClause_ CatchClauseParameter_e,"package org apache log4j net import java util Vector import java net Socket import java net ServerSocket import java net SocketException import java io ObjectOutputStream import java io IOException import java io InterruptedIOException import java net InetAddress import org apache log4j helpers LogLog import org apache log4j spi LoggingEvent import org apache log4j AppenderSkeleton public class SocketHubAppender extends AppenderSkeleton static final int DEFAULT_PORT 4560 private int port DEFAULT_PORT private Vector oosList new Vector private ServerMonitor serverMonitor null private boolean locationInfo false public SocketHubAppender public SocketHubAppender int _port port _port startServer public void activateOptions startServer synchronized public void close if closed return LogLog debug ""closing SocketHubAppender "" getName this closed true cleanUp LogLog debug ""SocketHubAppender "" getName "" closed"" public void cleanUp LogLog debug ""stopping ServerSocket"" serverMonitor stopMonitor serverMonitor null LogLog debug ""closing client connections"" while oosList size 0 ObjectOutputStream oos ObjectOutputStream oosList elementAt 0 if oos null try oos close catch IOException e LogLog error ""could not close oos."" e oosList removeElementAt 0 public void append LoggingEvent event if event null oosList size 0 return if locationInfo event getLocationInformation for int streamCount 0 streamCount oosList size streamCount ObjectOutputStream oos null try oos ObjectOutputStream oosList elementAt streamCount catch ArrayIndexOutOfBoundsException e if oos null break try oos writeObject event oos flush oos reset catch IOException e oosList removeElementAt streamCount LogLog debug ""dropped connection"" streamCount public boolean requiresLayout return false public void setPort int _port port _port public int getPort return port public void setLocationInfo boolean _locationInfo locationInfo _locationInfo public boolean getLocationInfo return locationInfo private void startServer serverMonitor new ServerMonitor port oosList private class ServerMonitor implements Runnable private int port private Vector oosList private boolean keepRunning private Thread monitorThread public ServerMonitor int _port Vector _oosList port _port oosList _oosList keepRunning true monitorThread new Thread this monitorThread setDaemon true monitorThread start public synchronized void stopMonitor if keepRunning LogLog debug ""server monitor thread shutting down"" keepRunning false try monitorThread join catch InterruptedException e monitorThread null LogLog debug ""server monitor thread shut down"" public void run ServerSocket serverSocket null try serverSocket new ServerSocket port serverSocket setSoTimeout 1000 catch Exception e LogLog error ""exception setting timeout, shutting down server socket."" e keepRunning false return try try serverSocket setSoTimeout 1000 catch SocketException e LogLog error ""exception setting timeout, shutting down server socket."" e return while keepRunning Socket socket null try socket serverSocket accept catch InterruptedIOException e catch SocketException e LogLog error ""exception accepting socket, shutting down server socket."" e keepRunning false catch IOException e LogLog error ""exception accepting socket."" e if socket null try InetAddress remoteAddress socket getInetAddress LogLog debug ""accepting connection from "" remoteAddress getHostName "" ("" remoteAddress getHostAddress "")"" ObjectOutputStream oos new ObjectOutputStream socket getOutputStream oosList addElement oos catch IOException e LogLog error ""exception creating output stream on socket."" e finally try serverSocket close catch IOException e"
org.apache.log4j.lf5.viewer.LogFactor5AboutDialog,2,6,0,4,33,1,2,3,1,2.0,184,0.0,0,0.998417722,0.75,0,0,91.0,1,0.5,0,PackageDeclaration_org.apache.log4j.lf5.viewer ClassDeclaration_LogFactor5AboutDialog ConstructorDeclaration_LogFactor5AboutDialog FormalParameter_owner StatementExpression_ LocalVariableDeclaration_ MethodInvocation_ StatementExpression_ MethodInvocation_ LocalVariableDeclaration_ LocalVariableDeclaration_ LocalVariableDeclaration_ MethodInvocation_ LocalVariableDeclaration_ IfStatement_ BlockStatement_ StatementExpression_ LocalVariableDeclaration_ IfStatement_ BlockStatement_ StatementExpression_ MethodInvocation_ StatementExpression_ MethodInvocation_ LocalVariableDeclaration_ StatementExpression_ MethodInvocation_ LocalVariableDeclaration_ StatementExpression_ LocalVariableDeclaration_ StatementExpression_ MethodInvocation_ LocalVariableDeclaration_ MethodInvocation_ StatementExpression_ MethodInvocation_ LocalVariableDeclaration_ StatementExpression_ MethodInvocation_ StatementExpression_ MethodInvocation_ StatementExpression_ MethodInvocation_ MethodInvocation_ StatementExpression_ MethodInvocation_ StatementExpression_ MethodInvocation_ MethodInvocation_ LocalVariableDeclaration_ LocalVariableDeclaration_ StatementExpression_ MethodInvocation_ StatementExpression_ MethodInvocation_ StatementExpression_ MethodInvocation_ MethodDeclaration_actionPerformed FormalParameter_e StatementExpression_ MethodInvocation_ StatementExpression_ MethodInvocation_ MethodInvocation_ StatementExpression_ MethodInvocation_ MethodInvocation_ StatementExpression_ MethodInvocation_ MethodInvocation_ StatementExpression_ MethodInvocation_ StatementExpression_ MethodInvocation_ MethodDeclaration_center LocalVariableDeclaration_ MethodInvocation_ MethodInvocation_ LocalVariableDeclaration_ MethodInvocation_ StatementExpression_ MethodInvocation_,"package org apache log4j lf5 viewer import org apache log4j lf5 util ProductProperties import org apache log4j lf5 util Resource import javax swing import java awt import java awt event ActionEvent import java awt event ActionListener import java net URL public class LogFactor5AboutDialog extends JDialog public LogFactor5AboutDialog Frame owner super owner ""About LogFactor5"" true ProductProperties props ProductProperties getInstance setTitle ""About LogFactor5"" JPanel imagePanel new JPanel Resource aboutResource new Resource ""org/apache/log4j/lf5/viewer/images/"" ""lf5_about.gif"" URL aboutIconURL aboutResource getURL ImageIcon aboutIcon null if aboutIconURL null aboutIcon new ImageIcon aboutIconURL JLabel imageLabel new JLabel if aboutIcon null imageLabel setIcon aboutIcon imagePanel add imageLabel JPanel textPanel new JPanel textPanel setLayout new GridLayout 3 1 int numberOfRows 13 numberOfRows 11 JPanel mainPanel new JPanel mainPanel setLayout new GridLayout numberOfRows 1 JLabel aboutLF5 new JLabel ""LogFactor5 v"" props getProductVersionNumber JLabel CENTER aboutLF5 setHorizontalAlignment SwingConstants CENTER JLabel donate new JLabel ""Contributed by ThoughtWorks Inc."" donate setHorizontalAlignment SwingConstants CENTER mainPanel add aboutLF5 mainPanel add Box createVerticalStrut 10 mainPanel add donate mainPanel add Box createVerticalStrut 10 JButton ok new JButton ""OK"" JPanel southPanel new JPanel southPanel setLayout new FlowLayout southPanel add ok ok addActionListener new ActionListener public void actionPerformed ActionEvent e hide getContentPane add imagePanel BorderLayout NORTH getContentPane add mainPanel BorderLayout CENTER getContentPane add southPanel BorderLayout SOUTH setSize 414 400 center protected void center Dimension screen Toolkit getDefaultToolkit getScreenSize Dimension comp getSize setLocation screen width comp width 2 screen height comp height 2"
org.apache.log4j.jmx.AppenderDynamicMBean,12,2,0,11,66,0,1,10,6,0.75,681,0.666666667,2,0.523809524,0.190909091,1,1,54.75,6,1.3333,3,PackageDeclaration_org.apache.log4j.jmx ClassDeclaration_AppenderDynamicMBean FieldDeclaration_ FieldDeclaration_ FieldDeclaration_ MethodInvocation_ MethodInvocation_ FieldDeclaration_ FieldDeclaration_ FieldDeclaration_ FieldDeclaration_ MethodInvocation_ FieldDeclaration_ ConstructorDeclaration_AppenderDynamicMBean FormalParameter_appender StatementExpression_ StatementExpression_ MethodInvocation_ MethodDeclaration_buildDynamicMBeanInfo LocalVariableDeclaration_ MethodInvocation_ MethodInvocation_ StatementExpression_ LocalVariableDeclaration_ MethodInvocation_ MethodInvocation_ LocalVariableDeclaration_ MethodInvocation_ LocalVariableDeclaration_ ForStatement_ VariableDeclaration_ BlockStatement_ LocalVariableDeclaration_ MethodInvocation_ LocalVariableDeclaration_ MethodInvocation_ LocalVariableDeclaration_ MethodInvocation_ IfStatement_ BlockStatement_ LocalVariableDeclaration_ MethodInvocation_ IfStatement_ MethodInvocation_ BlockStatement_ LocalVariableDeclaration_ IfStatement_ MethodInvocation_ BlockStatement_ StatementExpression_ BlockStatement_ StatementExpression_ MethodInvocation_ StatementExpression_ MethodInvocation_ StatementExpression_ MethodInvocation_ LocalVariableDeclaration_ StatementExpression_ StatementExpression_ StatementExpression_ StatementExpression_ MethodDeclaration_isSupportedType FormalParameter_clazz IfStatement_ MethodInvocation_ BlockStatement_ ReturnStatement_ IfStatement_ BlockStatement_ ReturnStatement_ IfStatement_ MethodInvocation_ BlockStatement_ ReturnStatement_ ReturnStatement_ MethodDeclaration_getMBeanInfo StatementExpression_ MethodInvocation_ LocalVariableDeclaration_ MethodInvocation_ StatementExpression_ MethodInvocation_ ReturnStatement_ MethodDeclaration_invoke FormalParameter_operationName FormalParameter_params FormalParameter_signature IfStatement_ MethodInvocation_ BlockStatement_ LocalVariableDeclaration_ StatementExpression_ MethodInvocation_ ReturnStatement_ IfStatement_ MethodInvocation_ BlockStatement_ LocalVariableDeclaration_ MethodInvocation_ StatementExpression_ MethodInvocation_ StatementExpression_ MethodInvocation_ ReturnStatement_ MethodDeclaration_registerLayoutMBean FormalParameter_layout IfStatement_ ReturnStatement_ LocalVariableDeclaration_ MethodInvocation_ MethodInvocation_ MethodInvocation_ StatementExpression_ MethodInvocation_ LocalVariableDeclaration_ TryStatement_ LocalVariableDeclaration_ StatementExpression_ StatementExpression_ MethodInvocation_ StatementExpression_ MethodInvocation_ CatchClause_ CatchClauseParameter_e StatementExpression_ MethodInvocation_ MethodDeclaration_getLogger ReturnStatement_ MethodDeclaration_getAttribute FormalParameter_attributeName IfStatement_ BlockStatement_ ThrowStatement_ StatementExpression_ MethodInvocation_ IfStatement_ MethodInvocation_ MethodInvocation_ BlockStatement_ TryStatement_ ReturnStatement_ CatchClause_ CatchClauseParameter_e StatementExpression_ MethodInvocation_ LocalVariableDeclaration_ MethodInvocation_ IfStatement_ BlockStatement_ TryStatement_ ReturnStatement_ MethodInvocation_ CatchClause_ CatchClauseParameter_e ReturnStatement_ ThrowStatement_ MethodDeclaration_setAttribute FormalParameter_attribute IfStatement_ BlockStatement_ ThrowStatement_ LocalVariableDeclaration_ MethodInvocation_ LocalVariableDeclaration_ MethodInvocation_ IfStatement_ BlockStatement_ ThrowStatement_ LocalVariableDeclaration_ MethodInvocation_ IfStatement_ BlockStatement_ LocalVariableDeclaration_ LocalVariableDeclaration_ MethodInvocation_ IfStatement_ BlockStatement_ StatementExpression_ MethodInvocation_ MethodInvocation_ StatementExpression_ TryStatement_ StatementExpression_ MethodInvocation_ CatchClause_ CatchClauseParameter_e StatementExpression_ MethodInvocation_ IfStatement_ MethodInvocation_ BlockStatement_ BlockStatement_ ThrowStatement_ MethodInvocation_ MethodInvocation_ MethodDeclaration_preRegister FormalParameter_server FormalParameter_name StatementExpression_ MethodInvocation_ StatementExpression_ StatementExpression_ MethodInvocation_ MethodInvocation_ ReturnStatement_,"package org apache log4j jmx import java lang reflect Constructor import org apache log4j import org apache log4j helpers OptionConverter import org apache log4j spi OptionHandler import java util Vector import java util Hashtable import java lang reflect Method import javax management MBeanAttributeInfo import javax management MBeanConstructorInfo import javax management MBeanNotificationInfo import javax management ObjectName import javax management MBeanInfo import javax management Attribute import javax management MBeanServer import javax management MBeanException import javax management AttributeNotFoundException import javax management RuntimeOperationsException import javax management ReflectionException import javax management InvalidAttributeValueException import javax management MBeanOperationInfo import javax management MBeanParameterInfo import java beans Introspector import java beans BeanInfo import java beans PropertyDescriptor import java beans IntrospectionException public class AppenderDynamicMBean extends AbstractDynamicMBean private MBeanConstructorInfo dConstructors new MBeanConstructorInfo 1 private Vector dAttributes new Vector private String dClassName this getClass getName private Hashtable dynamicProps new Hashtable 5 private MBeanOperationInfo dOperations new MBeanOperationInfo 2 private String dDescription ""This MBean acts as a management facade for log4j appenders."" private static Logger cat Logger getLogger AppenderDynamicMBean class private Appender appender public AppenderDynamicMBean Appender appender throws IntrospectionException this appender appender buildDynamicMBeanInfo private void buildDynamicMBeanInfo throws IntrospectionException Constructor constructors this getClass getConstructors dConstructors 0 new MBeanConstructorInfo ""AppenderDynamicMBean(): Constructs a AppenderDynamicMBean instance"" constructors 0 BeanInfo bi Introspector getBeanInfo appender getClass PropertyDescriptor pd bi getPropertyDescriptors int size pd length for int i 0 i size i String name pd i getName Method readMethod pd i getReadMethod Method writeMethod pd i getWriteMethod if readMethod null Class returnClass readMethod getReturnType if isSupportedType returnClass String returnClassName if returnClass isAssignableFrom Priority class returnClassName ""java.lang.String"" else returnClassName returnClass getName dAttributes add new MBeanAttributeInfo name returnClassName ""Dynamic"" true writeMethod null false dynamicProps put name new MethodUnion readMethod writeMethod MBeanParameterInfo params new MBeanParameterInfo 0 dOperations 0 new MBeanOperationInfo ""activateOptions"" ""activateOptions(): add an appender"" params ""void"" MBeanOperationInfo ACTION params new MBeanParameterInfo 1 params 0 new MBeanParameterInfo ""layout class"" ""java.lang.String"" ""layout class"" dOperations 1 new MBeanOperationInfo ""setLayout"" ""setLayout(): add a layout"" params ""void"" MBeanOperationInfo ACTION private boolean isSupportedType Class clazz if clazz isPrimitive return true if clazz String class return true if clazz isAssignableFrom Priority class return true return false public MBeanInfo getMBeanInfo cat debug ""getMBeanInfo called."" MBeanAttributeInfo attribs new MBeanAttributeInfo dAttributes size dAttributes toArray attribs return new MBeanInfo dClassName dDescription attribs dConstructors dOperations new MBeanNotificationInfo 0 public Object invoke String operationName Object params String signature throws MBeanException ReflectionException if operationName equals ""activateOptions"" appender instanceof OptionHandler OptionHandler oh OptionHandler appender oh activateOptions return ""Options activated."" else if operationName equals ""setLayout"" Layout layout Layout OptionConverter instantiateByClassName String params 0 Layout class null appender setLayout layout registerLayoutMBean layout return null void registerLayoutMBean Layout layout if layout null return String name appender getName "",layout="" layout getClass getName cat debug ""Adding LayoutMBean:"" name ObjectName objectName null try LayoutDynamicMBean appenderMBean new LayoutDynamicMBean layout objectName new ObjectName ""log4j:appender="" name server registerMBean appenderMBean objectName dAttributes add new MBeanAttributeInfo ""appender="" name ""javax.management.ObjectName"" ""The "" name "" layout."" true true false catch Exception e cat error ""Could not add DynamicLayoutMBean for ["" name ""]."" e protected Logger getLogger return cat public Object getAttribute String attributeName throws AttributeNotFoundException MBeanException ReflectionException if attributeName null throw new RuntimeOperationsException new IllegalArgumentException ""Attribute name cannot be null"" ""Cannot invoke a getter of "" dClassName "" with null attribute name"" cat debug ""getAttribute called with ["" attributeName ""]."" if attributeName startsWith ""appender="" appender getName "",layout"" try return new ObjectName ""log4j:"" attributeName catch Exception e cat error ""attributeName"" e MethodUnion mu MethodUnion dynamicProps get attributeName if mu null mu readMethod null try return mu readMethod invoke appender null catch Exception e return null throw new AttributeNotFoundException ""Cannot find "" attributeName "" attribute in "" dClassName public void setAttribute Attribute attribute throws AttributeNotFoundException InvalidAttributeValueException MBeanException ReflectionException if attribute null throw new RuntimeOperationsException new IllegalArgumentException ""Attribute cannot be null"" ""Cannot invoke a setter of "" dClassName "" with null attribute"" String name attribute getName Object value attribute getValue if name null throw new RuntimeOperationsException new IllegalArgumentException ""Attribute name cannot be null"" ""Cannot invoke the setter of "" dClassName "" with null attribute name"" MethodUnion mu MethodUnion dynamicProps get name if mu null mu writeMethod null Object o new Object 1 Class params mu writeMethod getParameterTypes if params 0 org apache log4j Priority class value OptionConverter toLevel String value Level getAttribute name o 0 value try mu writeMethod invoke appender o catch Exception e cat error ""FIXME"" e else if name endsWith "".layout"" else throw new AttributeNotFoundException ""Attribute "" name "" not found in "" this getClass getName public ObjectName preRegister MBeanServer server ObjectName name cat debug ""preRegister called. Server="" server "", name="" name this server server registerLayoutMBean appender getLayout return name"
org.apache.log4j.lf5.viewer.categoryexplorer.CategoryPath,8,1,0,6,23,0,5,1,8,0.0,154,1.0,0,0.0,0.34375,0,0,18.125,2,1.0,2,PackageDeclaration_org.apache.log4j.lf5.viewer.categoryexplorer ClassDeclaration_CategoryPath FieldDeclaration_ ConstructorDeclaration_CategoryPath StatementExpression_ ConstructorDeclaration_CategoryPath FormalParameter_category LocalVariableDeclaration_ IfStatement_ BlockStatement_ StatementExpression_ StatementExpression_ MethodInvocation_ StatementExpression_ MethodInvocation_ LocalVariableDeclaration_ WhileStatement_ MethodInvocation_ BlockStatement_ LocalVariableDeclaration_ MethodInvocation_ StatementExpression_ MethodInvocation_ MethodDeclaration_size LocalVariableDeclaration_ MethodInvocation_ ReturnStatement_ MethodDeclaration_isEmpty LocalVariableDeclaration_ IfStatement_ MethodInvocation_ BlockStatement_ StatementExpression_ ReturnStatement_ MethodDeclaration_removeAllCategoryElements StatementExpression_ MethodInvocation_ MethodDeclaration_addCategoryElement FormalParameter_categoryElement StatementExpression_ MethodInvocation_ MethodDeclaration_categoryElementAt FormalParameter_index ReturnStatement_ MethodInvocation_ MethodDeclaration_toString LocalVariableDeclaration_ StatementExpression_ MethodInvocation_ StatementExpression_ MethodInvocation_ StatementExpression_ MethodInvocation_ StatementExpression_ MethodInvocation_ StatementExpression_ MethodInvocation_ IfStatement_ MethodInvocation_ BlockStatement_ ForStatement_ VariableDeclaration_ MethodInvocation_ BlockStatement_ StatementExpression_ MethodInvocation_ MethodInvocation_ MethodInvocation_ StatementExpression_ MethodInvocation_ BlockStatement_ StatementExpression_ MethodInvocation_ StatementExpression_ MethodInvocation_ StatementExpression_ MethodInvocation_ ReturnStatement_ MethodInvocation_,"package org apache log4j lf5 viewer categoryexplorer import java util LinkedList import java util StringTokenizer public class CategoryPath protected LinkedList _categoryElements new LinkedList public CategoryPath super public CategoryPath String category String processedCategory category if processedCategory null processedCategory ""Debug"" processedCategory replace '/' '.' processedCategory processedCategory replace '\\' '.' StringTokenizer st new StringTokenizer processedCategory ""."" while st hasMoreTokens String element st nextToken addCategoryElement new CategoryElement element public int size int count _categoryElements size return count public boolean isEmpty boolean empty false if _categoryElements size 0 empty true return empty public void removeAllCategoryElements _categoryElements clear public void addCategoryElement CategoryElement categoryElement _categoryElements addLast categoryElement public CategoryElement categoryElementAt int index return CategoryElement _categoryElements get index public String toString StringBuffer out new StringBuffer 100 out append ""\n"" out append ""===========================\n"" out append ""CategoryPath:                   \n"" out append ""---------------------------\n"" out append ""\nCategoryPath:\n\t"" if this size 0 for int i 0 i this size i out append this categoryElementAt i toString out append ""\n\t"" else out append ""<<NONE>>"" out append ""\n"" out append ""===========================\n"" return out toString"
org.apache.log4j.lf5.DefaultLF5Configurator,4,1,0,3,15,6,0,3,2,1.0,54,0.0,0,0.0,0.3125,0,0,12.25,1,0.75,2,PackageDeclaration_org.apache.log4j.lf5 ClassDeclaration_DefaultLF5Configurator ConstructorDeclaration_DefaultLF5Configurator MethodDeclaration_configure LocalVariableDeclaration_ LocalVariableDeclaration_ MethodInvocation_ IfStatement_ BlockStatement_ StatementExpression_ MethodInvocation_ BlockStatement_ ThrowStatement_ MethodDeclaration_doConfigure FormalParameter_configURL FormalParameter_repository ThrowStatement_,"package org apache log4j lf5 import org apache log4j PropertyConfigurator import org apache log4j spi Configurator import org apache log4j spi LoggerRepository import java io IOException import java net URL public class DefaultLF5Configurator implements Configurator private DefaultLF5Configurator public static void configure throws IOException String resource ""/org/apache/log4j/lf5/config/defaultconfig.properties"" URL configFileResource DefaultLF5Configurator class getResource resource if configFileResource null PropertyConfigurator configure configFileResource else throw new IOException ""Error: Unable to open the resource"" resource public void doConfigure URL configURL LoggerRepository repository throw new IllegalStateException ""This class should NOT be"" "" instantiated!"""
org.apache.log4j.lf5.StartLogFactor5,2,1,0,3,10,1,0,3,2,2.0,20,0.0,0,0.0,0.5,0,0,9.0,1,0.5,2,PackageDeclaration_org.apache.log4j.lf5 ClassDeclaration_StartLogFactor5 MethodDeclaration_main FormalParameter_args LocalVariableDeclaration_ MethodInvocation_ StatementExpression_ MethodInvocation_ MethodInvocation_ MethodInvocation_ StatementExpression_ MethodInvocation_ StatementExpression_ MethodInvocation_,package org apache log4j lf5 import org apache log4j lf5 viewer LogBrokerMonitor public class StartLogFactor5 public final static void main String args LogBrokerMonitor monitor new LogBrokerMonitor LogLevel getLog4JLevels monitor setFrameSize LF5Appender getDefaultMonitorWidth LF5Appender getDefaultMonitorHeight monitor setFontSize 12 monitor show
org.apache.log4j.test.ShortSocketServer,6,1,0,5,32,9,0,5,2,0.666666667,148,0.0,1,0.0,0.333333333,0,0,23.16666667,2,1.0,1,PackageDeclaration_org.apache.log4j.test ClassDeclaration_ShortSocketServer FieldDeclaration_ MethodInvocation_ MethodInvocation_ FieldDeclaration_ MethodDeclaration_main FormalParameter_argv IfStatement_ BlockStatement_ StatementExpression_ MethodInvocation_ BlockStatement_ StatementExpression_ MethodInvocation_ TryStatement_ StatementExpression_ MethodInvocation_ LocalVariableDeclaration_ StatementExpression_ MethodInvocation_ LocalVariableDeclaration_ MethodInvocation_ StatementExpression_ MethodInvocation_ MethodInvocation_ StatementExpression_ MethodInvocation_ LocalVariableDeclaration_ MethodInvocation_ LocalVariableDeclaration_ StatementExpression_ MethodInvocation_ StatementExpression_ MethodInvocation_ CatchClause_ CatchClauseParameter_e StatementExpression_ MethodInvocation_ MethodDeclaration_usage FormalParameter_msg StatementExpression_ MethodInvocation_ StatementExpression_ MethodInvocation_ MethodInvocation_ StatementExpression_ MethodInvocation_ MethodDeclaration_init FormalParameter_portStr FormalParameter_configFile TryStatement_ StatementExpression_ MethodInvocation_ CatchClause_ CatchClauseParameter_e StatementExpression_ MethodInvocation_ StatementExpression_ MethodInvocation_ StatementExpression_ MethodInvocation_,"package org apache log4j test import java net Socket import java net ServerSocket import org apache log4j Category import org apache log4j PropertyConfigurator import org apache log4j helpers LogLog import org apache log4j net SocketNode public class ShortSocketServer static Category cat Category getInstance ShortSocketServer class getName static int port public static void main String argv if argv length 2 init argv 0 argv 1 else usage ""Wrong number of arguments."" try LogLog debug ""Listening on port "" port ServerSocket serverSocket new ServerSocket port LogLog debug ""Waiting to accept a new client."" Socket socket serverSocket accept LogLog debug ""Connected to client at "" socket getInetAddress LogLog debug ""Starting new socket node."" SocketNode sn new SocketNode socket Category getDefaultHierarchy Thread t new Thread sn t start t join catch Exception e cat error ""Error while in main."" e static void usage String msg System err println msg System err println ""Usage: java "" ShortSocketServer class getName "" port configFile"" System exit 1 static void init String portStr String configFile try port Integer parseInt portStr catch java lang NumberFormatException e e printStackTrace usage ""Could not interpret port number ["" portStr ""]."" PropertyConfigurator configure configFile"
org.apache.log4j.lf5.viewer.categoryexplorer.CategoryNodeEditorRenderer,3,7,0,2,5,3,1,1,3,2.0,21,0.0,0,0.997122302,0.466666667,1,1,6.0,1,0.6667,3,PackageDeclaration_org.apache.log4j.lf5.viewer.categoryexplorer ClassDeclaration_CategoryNodeEditorRenderer MethodDeclaration_getTreeCellRendererComponent FormalParameter_tree FormalParameter_value FormalParameter_selected FormalParameter_expanded FormalParameter_leaf FormalParameter_row FormalParameter_hasFocus LocalVariableDeclaration_ ReturnStatement_ MethodDeclaration_getCheckBox ReturnStatement_,package org apache log4j lf5 viewer categoryexplorer import javax swing import java awt public class CategoryNodeEditorRenderer extends CategoryNodeRenderer public Component getTreeCellRendererComponent JTree tree Object value boolean selected boolean expanded boolean leaf int row boolean hasFocus Component c super getTreeCellRendererComponent tree value selected expanded leaf row hasFocus return c public JCheckBox getCheckBox return _checkBox
org.apache.log4j.MDC,10,1,0,4,19,5,2,2,4,0.416666667,123,0.0,1,0.0,0.481481481,0,0,10.9,3,1.5,3,PackageDeclaration_org.apache.log4j ClassDeclaration_MDC FieldDeclaration_ FieldDeclaration_ FieldDeclaration_ FieldDeclaration_ ConstructorDeclaration_MDC StatementExpression_ MethodInvocation_ IfStatement_ BlockStatement_ StatementExpression_ MethodDeclaration_put FormalParameter_key FormalParameter_o StatementExpression_ MethodInvocation_ MethodDeclaration_get FormalParameter_key ReturnStatement_ MethodInvocation_ MethodDeclaration_remove FormalParameter_key StatementExpression_ MethodInvocation_ MethodDeclaration_getContext ReturnStatement_ MethodInvocation_ MethodDeclaration_put0 FormalParameter_key FormalParameter_o IfStatement_ BlockStatement_ ReturnStatement_ BlockStatement_ LocalVariableDeclaration_ IfStatement_ BlockStatement_ StatementExpression_ StatementExpression_ StatementExpression_ MethodInvocation_ MethodDeclaration_get0 FormalParameter_key IfStatement_ BlockStatement_ ReturnStatement_ BlockStatement_ LocalVariableDeclaration_ IfStatement_ BlockStatement_ ReturnStatement_ MethodInvocation_ BlockStatement_ ReturnStatement_ MethodDeclaration_remove0 FormalParameter_key IfStatement_ BlockStatement_ LocalVariableDeclaration_ IfStatement_ BlockStatement_ StatementExpression_ MethodInvocation_ MethodDeclaration_getContext0 IfStatement_ BlockStatement_ ReturnStatement_ BlockStatement_ ReturnStatement_,package org apache log4j import java util Hashtable import org apache log4j helpers Loader import org apache log4j helpers ThreadLocalMap public class MDC final static MDC mdc new MDC static final int HT_SIZE 7 boolean java1 Object tlm private MDC java1 Loader isJava1 if java1 tlm new ThreadLocalMap static public void put String key Object o mdc put0 key o static public Object get String key return mdc get0 key static public void remove String key mdc remove0 key public static Hashtable getContext return mdc getContext0 private void put0 String key Object o if java1 return else Hashtable ht Hashtable ThreadLocalMap tlm get if ht null ht new Hashtable HT_SIZE ThreadLocalMap tlm set ht ht put key o private Object get0 String key if java1 return null else Hashtable ht Hashtable ThreadLocalMap tlm get if ht null return ht get key else return null private void remove0 String key if java1 Hashtable ht Hashtable ThreadLocalMap tlm get if ht null ht remove key private Hashtable getContext0 if java1 return null else return Hashtable ThreadLocalMap tlm get
org.apache.log4j.lf5.viewer.categoryexplorer.TreeModelAdapter,5,1,1,1,6,10,1,0,5,2.0,12,0.0,0,0.0,0.9,0,0,1.4,1,0.8,2,PackageDeclaration_org.apache.log4j.lf5.viewer.categoryexplorer ClassDeclaration_TreeModelAdapter MethodDeclaration_treeNodesChanged FormalParameter_e MethodDeclaration_treeNodesInserted FormalParameter_e MethodDeclaration_treeNodesRemoved FormalParameter_e MethodDeclaration_treeStructureChanged FormalParameter_e,package org apache log4j lf5 viewer categoryexplorer import javax swing event TreeModelEvent import javax swing event TreeModelListener public class TreeModelAdapter implements TreeModelListener public void treeNodesChanged TreeModelEvent e public void treeNodesInserted TreeModelEvent e public void treeNodesRemoved TreeModelEvent e public void treeStructureChanged TreeModelEvent e
org.apache.log4j.ConsoleAppender,8,3,0,11,18,8,7,4,6,0.857142857,116,0.333333333,0,0.871794872,0.541666667,2,5,13.125,3,1.0,7,PackageDeclaration_org.apache.log4j ClassDeclaration_ConsoleAppender FieldDeclaration_ FieldDeclaration_ FieldDeclaration_ ConstructorDeclaration_ConsoleAppender ConstructorDeclaration_ConsoleAppender FormalParameter_layout StatementExpression_ ConstructorDeclaration_ConsoleAppender FormalParameter_layout FormalParameter_target StatementExpression_ IfStatement_ MethodInvocation_ BlockStatement_ StatementExpression_ MethodInvocation_ IfStatement_ MethodInvocation_ BlockStatement_ StatementExpression_ MethodInvocation_ BlockStatement_ StatementExpression_ MethodInvocation_ MethodDeclaration_setTarget FormalParameter_value LocalVariableDeclaration_ MethodInvocation_ IfStatement_ MethodInvocation_ BlockStatement_ StatementExpression_ IfStatement_ MethodInvocation_ BlockStatement_ StatementExpression_ BlockStatement_ StatementExpression_ MethodInvocation_ MethodDeclaration_getTarget ReturnStatement_ MethodDeclaration_targetWarn FormalParameter_val StatementExpression_ MethodInvocation_ StatementExpression_ MethodInvocation_ MethodDeclaration_activateOptions IfStatement_ MethodInvocation_ BlockStatement_ StatementExpression_ MethodInvocation_ BlockStatement_ StatementExpression_ MethodInvocation_ MethodDeclaration_closeWriter,"package org apache log4j import java io OutputStreamWriter import org apache log4j helpers LogLog public class ConsoleAppender extends WriterAppender public static final String SYSTEM_OUT ""System.out"" public static final String SYSTEM_ERR ""System.err"" protected String target SYSTEM_OUT public ConsoleAppender public ConsoleAppender Layout layout this layout SYSTEM_OUT public ConsoleAppender Layout layout String target this layout layout if SYSTEM_OUT equals target setWriter new OutputStreamWriter System out else if SYSTEM_ERR equalsIgnoreCase target setWriter new OutputStreamWriter System err else targetWarn target public void setTarget String value String v value trim if SYSTEM_OUT equalsIgnoreCase v target SYSTEM_OUT else if SYSTEM_ERR equalsIgnoreCase v target SYSTEM_ERR else targetWarn value public String getTarget return target void targetWarn String val LogLog warn ""["" val ""] should be System.out or System.err."" LogLog warn ""Using System.out (default)."" public void activateOptions if target equals SYSTEM_OUT setWriter new OutputStreamWriter System out else setWriter new OutputStreamWriter System err protected final void closeWriter"
org.apache.log4j.lf5.viewer.FilteredLogTableModel,21,2,0,16,55,116,12,4,13,0.67,361,1.0,1,0.444444444,0.345238095,1,1,15.95238095,3,1.4762,2,PackageDeclaration_org.apache.log4j.lf5.viewer ClassDeclaration_FilteredLogTableModel FieldDeclaration_ FieldDeclaration_ FieldDeclaration_ FieldDeclaration_ FieldDeclaration_ ConstructorDeclaration_FilteredLogTableModel StatementExpression_ MethodDeclaration_setLogRecordFilter FormalParameter_filter StatementExpression_ MethodDeclaration_getLogRecordFilter ReturnStatement_ MethodDeclaration_getColumnName FormalParameter_i ReturnStatement_ MethodDeclaration_getColumnCount ReturnStatement_ MethodDeclaration_getRowCount ReturnStatement_ MethodInvocation_ MethodInvocation_ MethodDeclaration_getTotalRowCount ReturnStatement_ MethodInvocation_ MethodDeclaration_getValueAt FormalParameter_row FormalParameter_col LocalVariableDeclaration_ MethodInvocation_ ReturnStatement_ MethodInvocation_ MethodDeclaration_setMaxNumberOfLogRecords FormalParameter_maxNumRecords IfStatement_ BlockStatement_ StatementExpression_ MethodDeclaration_addLogRecord FormalParameter_record StatementExpression_ MethodInvocation_ IfStatement_ MethodInvocation_ BlockStatement_ ReturnStatement_ StatementExpression_ MethodInvocation_ MethodInvocation_ StatementExpression_ MethodInvocation_ MethodInvocation_ MethodInvocation_ StatementExpression_ MethodInvocation_ ReturnStatement_ MethodDeclaration_refresh StatementExpression_ MethodInvocation_ StatementExpression_ MethodInvocation_ MethodDeclaration_fastRefresh StatementExpression_ MethodInvocation_ StatementExpression_ MethodInvocation_ MethodDeclaration_clear StatementExpression_ MethodInvocation_ StatementExpression_ MethodInvocation_ StatementExpression_ MethodInvocation_ MethodDeclaration_getFilteredRecords IfStatement_ BlockStatement_ StatementExpression_ MethodInvocation_ ReturnStatement_ MethodDeclaration_createFilteredRecordsList LocalVariableDeclaration_ LocalVariableDeclaration_ MethodInvocation_ LocalVariableDeclaration_ WhileStatement_ MethodInvocation_ BlockStatement_ StatementExpression_ MethodInvocation_ IfStatement_ MethodInvocation_ BlockStatement_ StatementExpression_ MethodInvocation_ ReturnStatement_ MethodDeclaration_getFilteredRecord FormalParameter_row LocalVariableDeclaration_ MethodInvocation_ LocalVariableDeclaration_ MethodInvocation_ IfStatement_ BlockStatement_ ReturnStatement_ MethodInvocation_ ReturnStatement_ MethodInvocation_ MethodDeclaration_getColumn FormalParameter_col FormalParameter_lr IfStatement_ BlockStatement_ ReturnStatement_ LocalVariableDeclaration_ MethodInvocation_ MethodInvocation_ SwitchStatement_ ReturnStatement_ MethodInvocation_ ReturnStatement_ MethodInvocation_ ReturnStatement_ MethodInvocation_ ReturnStatement_ MethodInvocation_ ReturnStatement_ MethodInvocation_ ReturnStatement_ MethodInvocation_ ReturnStatement_ MethodInvocation_ ReturnStatement_ MethodInvocation_ ReturnStatement_ MethodInvocation_ LocalVariableDeclaration_ ThrowStatement_ MethodDeclaration_trimRecords IfStatement_ MethodInvocation_ BlockStatement_ StatementExpression_ MethodInvocation_ MethodDeclaration_needsTrimming ReturnStatement_ MethodInvocation_ MethodDeclaration_trimOldestRecords SynchronizedStatement_ LocalVariableDeclaration_ MethodInvocation_ IfStatement_ BlockStatement_ LocalVariableDeclaration_ MethodInvocation_ StatementExpression_ MethodInvocation_ StatementExpression_ MethodInvocation_ BlockStatement_ StatementExpression_ MethodInvocation_ StatementExpression_ MethodInvocation_ MethodDeclaration_numberOfRecordsToTrim ReturnStatement_ MethodInvocation_,"package org apache log4j lf5 viewer import org apache log4j lf5 LogRecord import org apache log4j lf5 LogRecordFilter import org apache log4j lf5 PassingLogRecordFilter import javax swing table AbstractTableModel import java util ArrayList import java util Date import java util Iterator import java util List public class FilteredLogTableModel extends AbstractTableModel protected LogRecordFilter _filter new PassingLogRecordFilter protected List _allRecords new ArrayList protected List _filteredRecords protected int _maxNumberOfLogRecords 5000 protected String _colNames ""Date"" ""Thread"" ""Message #"" ""Level"" ""NDC"" ""Category"" ""Message"" ""Location"" ""Thrown"" public FilteredLogTableModel super public void setLogRecordFilter LogRecordFilter filter _filter filter public LogRecordFilter getLogRecordFilter return _filter public String getColumnName int i return _colNames i public int getColumnCount return _colNames length public int getRowCount return getFilteredRecords size public int getTotalRowCount return _allRecords size public Object getValueAt int row int col LogRecord record getFilteredRecord row return getColumn col record public void setMaxNumberOfLogRecords int maxNumRecords if maxNumRecords 0 _maxNumberOfLogRecords maxNumRecords public synchronized boolean addLogRecord LogRecord record _allRecords add record if _filter passes record false return false getFilteredRecords add record fireTableRowsInserted getRowCount getRowCount trimRecords return true public synchronized void refresh _filteredRecords createFilteredRecordsList fireTableDataChanged public synchronized void fastRefresh _filteredRecords remove 0 fireTableRowsDeleted 0 0 public synchronized void clear _allRecords clear _filteredRecords clear fireTableDataChanged protected List getFilteredRecords if _filteredRecords null refresh return _filteredRecords protected List createFilteredRecordsList List result new ArrayList Iterator records _allRecords iterator LogRecord current while records hasNext current LogRecord records next if _filter passes current result add current return result protected LogRecord getFilteredRecord int row List records getFilteredRecords int size records size if row size return LogRecord records get row return LogRecord records get size 1 protected Object getColumn int col LogRecord lr if lr null return ""NULL Column"" String date new Date lr getMillis toString switch col case 0 return date "" ("" lr getMillis "")"" case 1 return lr getThreadDescription case 2 return new Long lr getSequenceNumber case 3 return lr getLevel case 4 return lr getNDC case 5 return lr getCategory case 6 return lr getMessage case 7 return lr getLocation case 8 return lr getThrownStackTrace default String message ""The column number "" col ""must be between 0 and 8"" throw new IllegalArgumentException message protected void trimRecords if needsTrimming trimOldestRecords protected boolean needsTrimming return _allRecords size _maxNumberOfLogRecords protected void trimOldestRecords synchronized _allRecords int trim numberOfRecordsToTrim if trim 1 List oldRecords _allRecords subList 0 trim oldRecords clear refresh else _allRecords remove 0 fastRefresh private int numberOfRecordsToTrim return _allRecords size _maxNumberOfLogRecords"
org.apache.log4j.lf5.util.StreamUtils,5,1,0,1,14,10,1,0,5,1.25,57,0.0,0,0.0,0.45,0,0,10.2,1,0.8,2,PackageDeclaration_org.apache.log4j.lf5.util ClassDeclaration_StreamUtils FieldDeclaration_ MethodDeclaration_copy FormalParameter_input FormalParameter_output StatementExpression_ MethodInvocation_ MethodDeclaration_copy FormalParameter_input FormalParameter_output FormalParameter_bufferSize LocalVariableDeclaration_ LocalVariableDeclaration_ MethodInvocation_ WhileStatement_ BlockStatement_ StatementExpression_ MethodInvocation_ StatementExpression_ MethodInvocation_ StatementExpression_ MethodInvocation_ MethodDeclaration_copyThenClose FormalParameter_input FormalParameter_output StatementExpression_ MethodInvocation_ StatementExpression_ MethodInvocation_ StatementExpression_ MethodInvocation_ MethodDeclaration_getBytes FormalParameter_input LocalVariableDeclaration_ StatementExpression_ MethodInvocation_ StatementExpression_ MethodInvocation_ ReturnStatement_ MethodInvocation_,package org apache log4j lf5 util import java io ByteArrayOutputStream import java io IOException import java io InputStream import java io OutputStream public abstract class StreamUtils public static final int DEFAULT_BUFFER_SIZE 2048 public static void copy InputStream input OutputStream output throws IOException copy input output DEFAULT_BUFFER_SIZE public static void copy InputStream input OutputStream output int bufferSize throws IOException byte buf new byte bufferSize int bytesRead input read buf while bytesRead 1 output write buf 0 bytesRead bytesRead input read buf output flush public static void copyThenClose InputStream input OutputStream output throws IOException copy input output input close output close public static byte getBytes InputStream input throws IOException ByteArrayOutputStream result new ByteArrayOutputStream copy input result result close return result toByteArray
org.apache.log4j.net.test.Loop,4,1,0,7,27,4,0,7,2,0.666666667,134,0.0,0,0.0,0.333333333,0,0,32.25,3,1.5,2,PackageDeclaration_org.apache.log4j.net.test ClassDeclaration_Loop MethodDeclaration_main FormalParameter_args LocalVariableDeclaration_ MethodInvocation_ LocalVariableDeclaration_ MethodInvocation_ MethodInvocation_ IfStatement_ StatementExpression_ MethodInvocation_ LocalVariableDeclaration_ LocalVariableDeclaration_ TryStatement_ StatementExpression_ MethodInvocation_ MethodInvocation_ CatchClause_ CatchClauseParameter_e StatementExpression_ MethodInvocation_ LocalVariableDeclaration_ LocalVariableDeclaration_ LocalVariableDeclaration_ StatementExpression_ MethodInvocation_ StatementExpression_ MethodInvocation_ LocalVariableDeclaration_ WhileStatement_ BlockStatement_ StatementExpression_ MethodInvocation_ StatementExpression_ MethodInvocation_ StatementExpression_ MethodInvocation_ StatementExpression_ MethodInvocation_ MethodDeclaration_usage FormalParameter_msg StatementExpression_ MethodInvocation_ StatementExpression_ MethodInvocation_ MethodInvocation_ StatementExpression_ MethodInvocation_,"package org apache log4j net test import org apache log4j import org apache log4j net SocketAppender public class Loop public static void main String args Category root Category getRoot Category cat Category getInstance Loop class getName if args length 2 usage ""Wrong number of arguments."" String host args 0 int port 0 try port Integer valueOf args 1 intValue catch NumberFormatException e usage ""Argument ["" args 1 ""] is not in proper int form."" SocketAppender sa new SocketAppender host port Layout layout new PatternLayout ""%5p [%t] %x %c - %m\n"" Appender so new ConsoleAppender layout ""System.out"" root addAppender sa root addAppender so int i 0 while true NDC push """" i cat debug ""Debug message."" root info ""Info message."" NDC pop static void usage String msg System err println msg System err println ""Usage: java "" Loop class getName "" host port"" System exit 1"
org.apache.log4j.or.ThreadGroupRenderer,2,1,0,2,16,1,0,2,2,2.0,100,0.0,0,0.0,0.75,0,0,49.0,3,1.5,2,PackageDeclaration_org.apache.log4j.or ClassDeclaration_ThreadGroupRenderer ConstructorDeclaration_ThreadGroupRenderer MethodDeclaration_doRender FormalParameter_o IfStatement_ BlockStatement_ LocalVariableDeclaration_ LocalVariableDeclaration_ StatementExpression_ MethodInvocation_ StatementExpression_ MethodInvocation_ MethodInvocation_ StatementExpression_ MethodInvocation_ StatementExpression_ MethodInvocation_ MethodInvocation_ StatementExpression_ MethodInvocation_ LocalVariableDeclaration_ MethodInvocation_ StatementExpression_ MethodInvocation_ ForStatement_ VariableDeclaration_ BlockStatement_ StatementExpression_ MethodInvocation_ StatementExpression_ MethodInvocation_ StatementExpression_ MethodInvocation_ MethodInvocation_ StatementExpression_ MethodInvocation_ StatementExpression_ MethodInvocation_ MethodInvocation_ StatementExpression_ MethodInvocation_ StatementExpression_ MethodInvocation_ MethodInvocation_ StatementExpression_ MethodInvocation_ ReturnStatement_ MethodInvocation_ BlockStatement_ ReturnStatement_ MethodInvocation_,"package org apache log4j or import org apache log4j Layout public class ThreadGroupRenderer implements ObjectRenderer public ThreadGroupRenderer public String doRender Object o if o instanceof ThreadGroup StringBuffer sbuf new StringBuffer ThreadGroup tg ThreadGroup o sbuf append ""java.lang.ThreadGroup[name="" sbuf append tg getName sbuf append "", maxpri="" sbuf append tg getMaxPriority sbuf append ""]"" Thread t new Thread tg activeCount tg enumerate t for int i 0 i t length i sbuf append Layout LINE_SEP sbuf append ""   Thread=["" sbuf append t i getName sbuf append "","" sbuf append t i getPriority sbuf append "","" sbuf append t i isDaemon sbuf append ""]"" return sbuf toString else return o toString"
org.apache.log4j.performance.NOPWriter,8,2,0,0,10,28,0,0,8,2.0,21,0.0,0,0.65,0.46875,1,2,1.625,1,0.875,2,PackageDeclaration_org.apache.log4j.performance ClassDeclaration_NOPWriter MethodDeclaration_write FormalParameter_cbuf MethodDeclaration_write FormalParameter_cbuf FormalParameter_off FormalParameter_len MethodDeclaration_write FormalParameter_b MethodDeclaration_write FormalParameter_s MethodDeclaration_write FormalParameter_s FormalParameter_off FormalParameter_len MethodDeclaration_flush MethodDeclaration_close StatementExpression_ MethodInvocation_,"package org apache log4j performance import java io Writer import java io IOException public class NOPWriter extends Writer public void write char cbuf throws IOException public void write char cbuf int off int len throws IOException public void write int b throws IOException public void write String s throws IOException public void write String s int off int len throws IOException public void flush throws IOException public void close throws IOException System err println ""Close called."""
org.apache.log4j.helpers.RelativeTimeDateFormat,3,3,0,1,7,1,1,0,3,0.5,20,1.0,0,0.951219512,0.444444444,1,3,5.333333333,1,0.6667,4,PackageDeclaration_org.apache.log4j.helpers ClassDeclaration_RelativeTimeDateFormat FieldDeclaration_ ConstructorDeclaration_RelativeTimeDateFormat StatementExpression_ MethodInvocation_ MethodDeclaration_format FormalParameter_date FormalParameter_sbuf FormalParameter_fieldPosition ReturnStatement_ MethodInvocation_ MethodInvocation_ MethodDeclaration_parse FormalParameter_s FormalParameter_pos ReturnStatement_,package org apache log4j helpers import java util Date import java text FieldPosition import java text ParsePosition import java text DateFormat public class RelativeTimeDateFormat extends DateFormat protected final long startTime public RelativeTimeDateFormat this startTime System currentTimeMillis public StringBuffer format Date date StringBuffer sbuf FieldPosition fieldPosition return sbuf append date getTime startTime public Date parse java lang String s ParsePosition pos return null
org.apache.log4j.helpers.ISO8601DateFormat,5,4,0,3,16,8,2,1,4,0.875,215,1.0,0,0.953488372,0.357142857,1,3,41.6,9,2.0,4,PackageDeclaration_org.apache.log4j.helpers ClassDeclaration_ISO8601DateFormat ConstructorDeclaration_ISO8601DateFormat ConstructorDeclaration_ISO8601DateFormat FormalParameter_timeZone StatementExpression_ FieldDeclaration_ FieldDeclaration_ MethodDeclaration_format FormalParameter_date FormalParameter_sbuf FormalParameter_fieldPosition LocalVariableDeclaration_ MethodInvocation_ LocalVariableDeclaration_ IfStatement_ BlockStatement_ StatementExpression_ MethodInvocation_ LocalVariableDeclaration_ MethodInvocation_ LocalVariableDeclaration_ MethodInvocation_ StatementExpression_ MethodInvocation_ LocalVariableDeclaration_ SwitchStatement_ MethodInvocation_ StatementExpression_ BreakStatement_ StatementExpression_ BreakStatement_ StatementExpression_ BreakStatement_ StatementExpression_ BreakStatement_ StatementExpression_ BreakStatement_ StatementExpression_ BreakStatement_ StatementExpression_ BreakStatement_ StatementExpression_ BreakStatement_ StatementExpression_ BreakStatement_ StatementExpression_ BreakStatement_ StatementExpression_ BreakStatement_ StatementExpression_ BreakStatement_ StatementExpression_ BreakStatement_ StatementExpression_ MethodInvocation_ LocalVariableDeclaration_ MethodInvocation_ IfStatement_ StatementExpression_ MethodInvocation_ StatementExpression_ MethodInvocation_ StatementExpression_ MethodInvocation_ LocalVariableDeclaration_ MethodInvocation_ IfStatement_ BlockStatement_ StatementExpression_ MethodInvocation_ StatementExpression_ MethodInvocation_ StatementExpression_ MethodInvocation_ LocalVariableDeclaration_ MethodInvocation_ IfStatement_ BlockStatement_ StatementExpression_ MethodInvocation_ StatementExpression_ MethodInvocation_ StatementExpression_ MethodInvocation_ LocalVariableDeclaration_ MethodInvocation_ IfStatement_ BlockStatement_ StatementExpression_ MethodInvocation_ StatementExpression_ MethodInvocation_ StatementExpression_ MethodInvocation_ StatementExpression_ MethodInvocation_ MethodInvocation_ StatementExpression_ BlockStatement_ StatementExpression_ MethodInvocation_ IfStatement_ StatementExpression_ MethodInvocation_ IfStatement_ StatementExpression_ MethodInvocation_ StatementExpression_ MethodInvocation_ ReturnStatement_ MethodDeclaration_parse FormalParameter_s FormalParameter_pos ReturnStatement_,"package org apache log4j helpers import java util Calendar import java util TimeZone import java util Date import java text FieldPosition import java text ParsePosition public class ISO8601DateFormat extends AbsoluteTimeDateFormat public ISO8601DateFormat public ISO8601DateFormat TimeZone timeZone super timeZone static private long lastTime static private char lastTimeString new char 20 public StringBuffer format Date date StringBuffer sbuf FieldPosition fieldPosition long now date getTime int millis int now 1000 if now millis lastTime calendar setTime date int start sbuf length int year calendar get Calendar YEAR sbuf append year String month switch calendar get Calendar MONTH case Calendar JANUARY month ""-01-"" break case Calendar FEBRUARY month ""-02-"" break case Calendar MARCH month ""-03-"" break case Calendar APRIL month ""-04-"" break case Calendar MAY month ""-05-"" break case Calendar JUNE month ""-06-"" break case Calendar JULY month ""-07-"" break case Calendar AUGUST month ""-08-"" break case Calendar SEPTEMBER month ""-09-"" break case Calendar OCTOBER month ""-10-"" break case Calendar NOVEMBER month ""-11-"" break case Calendar DECEMBER month ""-12-"" break default month ""-NA-"" break sbuf append month int day calendar get Calendar DAY_OF_MONTH if day 10 sbuf append '0' sbuf append day sbuf append ' ' int hour calendar get Calendar HOUR_OF_DAY if hour 10 sbuf append '0' sbuf append hour sbuf append ':' int mins calendar get Calendar MINUTE if mins 10 sbuf append '0' sbuf append mins sbuf append ':' int secs calendar get Calendar SECOND if secs 10 sbuf append '0' sbuf append secs sbuf append ',' sbuf getChars start sbuf length lastTimeString 0 lastTime now millis else sbuf append lastTimeString if millis 100 sbuf append '0' if millis 10 sbuf append '0' sbuf append millis return sbuf public Date parse java lang String s ParsePosition pos return null"
org.apache.log4j.lf5.viewer.LogFactor5Dialog,7,6,3,3,28,19,3,0,1,0.833333333,202,1.0,0,0.992138365,0.291666667,2,3,27.71428571,3,1.5714,2,PackageDeclaration_org.apache.log4j.lf5.viewer ClassDeclaration_LogFactor5Dialog FieldDeclaration_ ConstructorDeclaration_LogFactor5Dialog FormalParameter_jframe FormalParameter_message FormalParameter_modal StatementExpression_ MethodDeclaration_show StatementExpression_ MethodInvocation_ StatementExpression_ MethodInvocation_ StatementExpression_ MethodInvocation_ StatementExpression_ MethodDeclaration_centerWindow FormalParameter_win LocalVariableDeclaration_ MethodInvocation_ MethodInvocation_ IfStatement_ MethodInvocation_ BlockStatement_ StatementExpression_ MethodInvocation_ MethodInvocation_ IfStatement_ MethodInvocation_ BlockStatement_ StatementExpression_ MethodInvocation_ MethodInvocation_ LocalVariableDeclaration_ MethodInvocation_ LocalVariableDeclaration_ MethodInvocation_ StatementExpression_ MethodInvocation_ MethodDeclaration_wrapStringOnPanel FormalParameter_message FormalParameter_container LocalVariableDeclaration_ MethodInvocation_ StatementExpression_ StatementExpression_ LocalVariableDeclaration_ MethodInvocation_ WhileStatement_ MethodInvocation_ BlockStatement_ LocalVariableDeclaration_ MethodInvocation_ LocalVariableDeclaration_ IfStatement_ BlockStatement_ StatementExpression_ MethodInvocation_ StatementExpression_ MethodInvocation_ BlockStatement_ StatementExpression_ StatementExpression_ LocalVariableDeclaration_ StatementExpression_ MethodInvocation_ StatementExpression_ MethodInvocation_ StatementExpression_ MethodInvocation_ MethodDeclaration_getDefaultConstraints LocalVariableDeclaration_ StatementExpression_ StatementExpression_ StatementExpression_ StatementExpression_ StatementExpression_ StatementExpression_ ReturnStatement_ MethodDeclaration_minimumSizeDialog FormalParameter_component FormalParameter_minWidth FormalParameter_minHeight IfStatement_ MethodInvocation_ StatementExpression_ MethodInvocation_ MethodInvocation_ IfStatement_ MethodInvocation_ StatementExpression_ MethodInvocation_ MethodInvocation_,"package org apache log4j lf5 viewer import javax swing import java awt public abstract class LogFactor5Dialog extends JDialog protected static final Font DISPLAY_FONT new Font ""Arial"" Font BOLD 12 protected LogFactor5Dialog JFrame jframe String message boolean modal super jframe message modal public void show pack minimumSizeDialog this 200 100 centerWindow this super show protected void centerWindow Window win Dimension screenDim Toolkit getDefaultToolkit getScreenSize if screenDim width win getSize width win setSize screenDim width win getSize height if screenDim height win getSize height win setSize win getSize width screenDim height int x screenDim width win getSize width 2 int y screenDim height win getSize height 2 win setLocation x y protected void wrapStringOnPanel String message Container container GridBagConstraints c getDefaultConstraints c gridwidth GridBagConstraints REMAINDER c insets new Insets 0 0 0 0 GridBagLayout gbLayout GridBagLayout container getLayout while message length 0 int newLineIndex message indexOf '\n' String line if newLineIndex 0 line message substring 0 newLineIndex message message substring newLineIndex 1 else line message message """" Label label new Label line label setFont DISPLAY_FONT gbLayout setConstraints label c container add label protected GridBagConstraints getDefaultConstraints GridBagConstraints constraints new GridBagConstraints constraints weightx 1.0 constraints weighty 1.0 constraints gridheight 1 constraints insets new Insets 4 4 4 4 constraints fill GridBagConstraints NONE constraints anchor GridBagConstraints WEST return constraints protected void minimumSizeDialog Component component int minWidth int minHeight if component getSize width minWidth component setSize minWidth component getSize height if component getSize height minHeight component setSize component getSize width minHeight"
org.apache.log4j.lf5.viewer.categoryexplorer.CategoryNodeRenderer,5,6,1,4,36,4,3,1,3,0.75,176,0.75,0,0.995670996,0.375,1,1,33.4,4,1.2,3,PackageDeclaration_org.apache.log4j.lf5.viewer.categoryexplorer ClassDeclaration_CategoryNodeRenderer FieldDeclaration_ FieldDeclaration_ FieldDeclaration_ FieldDeclaration_ ConstructorDeclaration_CategoryNodeRenderer StatementExpression_ MethodInvocation_ MethodInvocation_ IfStatement_ BlockStatement_ LocalVariableDeclaration_ LocalVariableDeclaration_ MethodInvocation_ MethodInvocation_ StatementExpression_ StatementExpression_ MethodInvocation_ StatementExpression_ MethodInvocation_ StatementExpression_ MethodInvocation_ StatementExpression_ MethodInvocation_ StatementExpression_ MethodInvocation_ StatementExpression_ MethodInvocation_ StatementExpression_ MethodInvocation_ StatementExpression_ MethodInvocation_ StatementExpression_ MethodInvocation_ MethodDeclaration_getTreeCellRendererComponent FormalParameter_tree FormalParameter_value FormalParameter_selected FormalParameter_expanded FormalParameter_leaf FormalParameter_row FormalParameter_hasFocus LocalVariableDeclaration_ StatementExpression_ IfStatement_ BlockStatement_ StatementExpression_ MethodInvocation_ BlockStatement_ StatementExpression_ MethodInvocation_ StatementExpression_ MethodInvocation_ MethodInvocation_ LocalVariableDeclaration_ MethodInvocation_ StatementExpression_ MethodInvocation_ IfStatement_ MethodInvocation_ BlockStatement_ StatementExpression_ MethodInvocation_ IfStatement_ MethodInvocation_ BlockStatement_ StatementExpression_ MethodInvocation_ ReturnStatement_ MethodDeclaration_getCheckBoxOffset ReturnStatement_ MethodDeclaration_buildToolTip FormalParameter_node LocalVariableDeclaration_ StatementExpression_ MethodInvocation_ MethodInvocation_ MethodInvocation_ StatementExpression_ MethodInvocation_ MethodInvocation_ StatementExpression_ MethodInvocation_ StatementExpression_ MethodInvocation_ ReturnStatement_ MethodInvocation_,"package org apache log4j lf5 viewer categoryexplorer import javax swing import javax swing tree DefaultTreeCellRenderer import java awt import java net URL public class CategoryNodeRenderer extends DefaultTreeCellRenderer public static final Color FATAL_CHILDREN new Color 189 113 0 protected JCheckBox _checkBox new JCheckBox protected JPanel _panel new JPanel protected static ImageIcon _sat null public CategoryNodeRenderer _panel setBackground UIManager getColor ""Tree.textBackground"" if _sat null String resource ""/org/apache/log4j/lf5/viewer/images/channelexplorer_satellite.gif"" URL satURL getClass getResource resource _sat new ImageIcon satURL setOpaque false _checkBox setOpaque false _panel setOpaque false _panel setLayout new FlowLayout FlowLayout LEFT 0 0 _panel add _checkBox _panel add this setOpenIcon _sat setClosedIcon _sat setLeafIcon _sat public Component getTreeCellRendererComponent JTree tree Object value boolean selected boolean expanded boolean leaf int row boolean hasFocus CategoryNode node CategoryNode value super getTreeCellRendererComponent tree value selected expanded leaf row hasFocus if row 0 _checkBox setVisible false else _checkBox setVisible true _checkBox setSelected node isSelected String toolTip buildToolTip node _panel setToolTipText toolTip if node hasFatalChildren this setForeground FATAL_CHILDREN if node hasFatalRecords this setForeground Color red return _panel public Dimension getCheckBoxOffset return new Dimension 0 0 protected String buildToolTip CategoryNode node StringBuffer result new StringBuffer result append node getTitle append "" contains a total of "" result append node getTotalNumberOfRecords result append "" LogRecords."" result append "" Right-click for more info."" return result toString"
org.apache.log4j.test.DefaultInit,5,1,0,1,13,8,0,1,2,0.875,44,0.0,1,0.0,0.333333333,0,0,7.4,1,0.6,1,PackageDeclaration_org.apache.log4j.test ClassDeclaration_DefaultInit FieldDeclaration_ MethodInvocation_ MethodDeclaration_main FormalParameter_argv StatementExpression_ MethodInvocation_ MethodDeclaration_Usage FormalParameter_msg StatementExpression_ MethodInvocation_ StatementExpression_ MethodInvocation_ StatementExpression_ MethodInvocation_,"package org apache log4j test import org apache log4j Category public class DefaultInit static Category cat Category getInstance DefaultInit class public static void main String argv cat debug ""Hello world"" static void Usage String msg System err println msg System err println ""Usage: java org.apache.log4j.test.DefaultInit "" System exit 1"
org.apache.log4j.lf5.viewer.LogTableColumnFormatException,1,3,0,2,2,0,2,0,1,2.0,5,0.0,0,1.0,1.0,0,0,4.0,0,0.0,3,PackageDeclaration_org.apache.log4j.lf5.viewer ClassDeclaration_LogTableColumnFormatException ConstructorDeclaration_LogTableColumnFormatException FormalParameter_message StatementExpression_,package org apache log4j lf5 viewer public class LogTableColumnFormatException extends Exception public LogTableColumnFormatException String message super message
org.apache.log4j.varia.LevelMatchFilter,6,2,0,5,10,0,0,5,6,0.5,62,0.0,1,0.444444444,0.375,1,1,9.0,5,1.6667,2,PackageDeclaration_org.apache.log4j.varia ClassDeclaration_LevelMatchFilter FieldDeclaration_ FieldDeclaration_ MethodDeclaration_setLevelToMatch FormalParameter_level StatementExpression_ MethodInvocation_ MethodDeclaration_getLevelToMatch ReturnStatement_ MethodInvocation_ MethodDeclaration_setAcceptOnMatch FormalParameter_acceptOnMatch StatementExpression_ MethodDeclaration_getAcceptOnMatch ReturnStatement_ MethodDeclaration_decide FormalParameter_event IfStatement_ BlockStatement_ ReturnStatement_ LocalVariableDeclaration_ IfStatement_ MethodInvocation_ BlockStatement_ StatementExpression_ IfStatement_ BlockStatement_ IfStatement_ ReturnStatement_ ReturnStatement_ BlockStatement_ ReturnStatement_,package org apache log4j varia import org apache log4j Level import org apache log4j spi Filter import org apache log4j spi LoggingEvent import org apache log4j helpers OptionConverter public class LevelMatchFilter extends Filter boolean acceptOnMatch true Level levelToMatch public void setLevelToMatch String level levelToMatch OptionConverter toLevel level null public String getLevelToMatch return levelToMatch null null levelToMatch toString public void setAcceptOnMatch boolean acceptOnMatch this acceptOnMatch acceptOnMatch public boolean getAcceptOnMatch return acceptOnMatch public int decide LoggingEvent event if this levelToMatch null return Filter NEUTRAL boolean matchOccured false if this levelToMatch equals event level matchOccured true if matchOccured if this acceptOnMatch return Filter ACCEPT else return Filter DENY else return Filter NEUTRAL
org.apache.log4j.lf5.viewer.categoryexplorer.CategoryElement,4,1,0,2,5,0,2,0,4,0.333333333,21,1.0,0,0.0,0.75,0,0,4.0,1,0.5,2,PackageDeclaration_org.apache.log4j.lf5.viewer.categoryexplorer ClassDeclaration_CategoryElement FieldDeclaration_ ConstructorDeclaration_CategoryElement StatementExpression_ ConstructorDeclaration_CategoryElement FormalParameter_title StatementExpression_ MethodDeclaration_getTitle ReturnStatement_ MethodDeclaration_setTitle FormalParameter_title StatementExpression_,package org apache log4j lf5 viewer categoryexplorer public class CategoryElement protected String _categoryTitle public CategoryElement super public CategoryElement String title _categoryTitle title public String getTitle return _categoryTitle public void setTitle String title _categoryTitle title
org.apache.log4j.chainsaw.MyTableModel,26,2,0,19,72,91,15,5,15,0.815555556,640,0.833333333,4,0.4,0.222857143,1,1,22.92307692,10,1.8462,2,PackageDeclaration_org.apache.log4j.chainsaw ClassDeclaration_MyTableModel FieldDeclaration_ MethodInvocation_ FieldDeclaration_ MethodDeclaration_compare FormalParameter_aObj1 FormalParameter_aObj2 IfStatement_ BlockStatement_ ReturnStatement_ IfStatement_ BlockStatement_ ReturnStatement_ IfStatement_ BlockStatement_ ReturnStatement_ LocalVariableDeclaration_ LocalVariableDeclaration_ IfStatement_ MethodInvocation_ MethodInvocation_ BlockStatement_ ReturnStatement_ ReturnStatement_ ClassDeclaration_Processor MethodDeclaration_run WhileStatement_ BlockStatement_ TryStatement_ StatementExpression_ MethodInvocation_ CatchClause_ CatchClauseParameter_e SynchronizedStatement_ IfStatement_ BlockStatement_ ContinueStatement_ LocalVariableDeclaration_ LocalVariableDeclaration_ LocalVariableDeclaration_ MethodInvocation_ WhileStatement_ MethodInvocation_ BlockStatement_ LocalVariableDeclaration_ MethodInvocation_ StatementExpression_ MethodInvocation_ StatementExpression_ MethodInvocation_ StatementExpression_ MethodInvocation_ StatementExpression_ MethodInvocation_ IfStatement_ BlockStatement_ StatementExpression_ MethodInvocation_ FieldDeclaration_ FieldDeclaration_ FieldDeclaration_ MethodInvocation_ FieldDeclaration_ FieldDeclaration_ FieldDeclaration_ FieldDeclaration_ FieldDeclaration_ FieldDeclaration_ FieldDeclaration_ FieldDeclaration_ FieldDeclaration_ FieldDeclaration_ ConstructorDeclaration_MyTableModel LocalVariableDeclaration_ StatementExpression_ MethodInvocation_ StatementExpression_ MethodInvocation_ MethodDeclaration_getRowCount SynchronizedStatement_ ReturnStatement_ MethodDeclaration_getColumnCount ReturnStatement_ MethodDeclaration_getColumnName FormalParameter_aCol ReturnStatement_ MethodDeclaration_getColumnClass FormalParameter_aCol ReturnStatement_ MethodDeclaration_getValueAt FormalParameter_aRow FormalParameter_aCol SynchronizedStatement_ LocalVariableDeclaration_ IfStatement_ BlockStatement_ ReturnStatement_ MethodInvocation_ MethodInvocation_ IfStatement_ BlockStatement_ ReturnStatement_ MethodInvocation_ IfStatement_ BlockStatement_ ReturnStatement_ MethodInvocation_ IfStatement_ BlockStatement_ ReturnStatement_ MethodInvocation_ IfStatement_ BlockStatement_ ReturnStatement_ MethodInvocation_ ReturnStatement_ MethodInvocation_ MethodDeclaration_setPriorityFilter FormalParameter_aPriority SynchronizedStatement_ StatementExpression_ StatementExpression_ MethodInvocation_ MethodDeclaration_setThreadFilter FormalParameter_aStr SynchronizedStatement_ StatementExpression_ MethodInvocation_ StatementExpression_ MethodInvocation_ MethodDeclaration_setMessageFilter FormalParameter_aStr SynchronizedStatement_ StatementExpression_ MethodInvocation_ StatementExpression_ MethodInvocation_ MethodDeclaration_setNDCFilter FormalParameter_aStr SynchronizedStatement_ StatementExpression_ MethodInvocation_ StatementExpression_ MethodInvocation_ MethodDeclaration_setCategoryFilter FormalParameter_aStr SynchronizedStatement_ StatementExpression_ MethodInvocation_ StatementExpression_ MethodInvocation_ MethodDeclaration_addEvent FormalParameter_aEvent SynchronizedStatement_ StatementExpression_ MethodInvocation_ MethodDeclaration_clear SynchronizedStatement_ StatementExpression_ MethodInvocation_ StatementExpression_ StatementExpression_ MethodInvocation_ StatementExpression_ MethodInvocation_ MethodDeclaration_toggle SynchronizedStatement_ StatementExpression_ MethodDeclaration_isPaused SynchronizedStatement_ ReturnStatement_ MethodDeclaration_getEventDetails FormalParameter_aRow SynchronizedStatement_ ReturnStatement_ MethodDeclaration_updateFilteredEvents FormalParameter_aInsertedToFront LocalVariableDeclaration_ MethodInvocation_ LocalVariableDeclaration_ LocalVariableDeclaration_ MethodInvocation_ LocalVariableDeclaration_ MethodInvocation_ WhileStatement_ MethodInvocation_ BlockStatement_ LocalVariableDeclaration_ MethodInvocation_ IfStatement_ MethodInvocation_ BlockStatement_ StatementExpression_ MethodInvocation_ LocalVariableDeclaration_ StatementExpression_ MethodInvocation_ IfStatement_ BlockStatement_ LocalVariableDeclaration_ MethodInvocation_ IfStatement_ BlockStatement_ StatementExpression_ MethodInvocation_ StatementExpression_ MethodInvocation_ BlockStatement_ StatementExpression_ MethodInvocation_ BlockStatement_ StatementExpression_ MethodInvocation_ LocalVariableDeclaration_ MethodInvocation_ StatementExpression_ MethodInvocation_ MethodDeclaration_matchFilter FormalParameter_aEvent IfStatement_ MethodInvocation_ MethodInvocation_ MethodInvocation_ MethodInvocation_ MethodInvocation_ MethodInvocation_ MethodInvocation_ MethodInvocation_ MethodInvocation_ MethodInvocation_ BlockStatement_ LocalVariableDeclaration_ MethodInvocation_ IfStatement_ BlockStatement_ ReturnStatement_ MethodInvocation_ BlockStatement_ ReturnStatement_ MethodInvocation_ ReturnStatement_,"package org apache log4j chainsaw import java text DateFormat import java util ArrayList import java util Comparator import java util Date import java util Iterator import java util List import java util SortedSet import java util TreeSet import javax swing table AbstractTableModel import org apache log4j Priority import org apache log4j Category class MyTableModel extends AbstractTableModel private static final Category LOG Category getInstance MyTableModel class private static final Comparator MY_COMP new Comparator public int compare Object aObj1 Object aObj2 if aObj1 null aObj2 null return 0 else if aObj1 null return 1 else if aObj2 null return 1 final EventDetails le1 EventDetails aObj1 final EventDetails le2 EventDetails aObj2 if le1 getTimeStamp le2 getTimeStamp return 1 return 1 private class Processor implements Runnable public void run while true try Thread sleep 1000 catch InterruptedException e synchronized mLock if mPaused continue boolean toHead true boolean needUpdate false final Iterator it mPendingEvents iterator while it hasNext final EventDetails event EventDetails it next mAllEvents add event toHead toHead event mAllEvents first needUpdate needUpdate matchFilter event mPendingEvents clear if needUpdate updateFilteredEvents toHead private static final String COL_NAMES ""Time"" ""Priority"" ""Trace"" ""Category"" ""NDC"" ""Message"" private static final EventDetails EMPTY_LIST new EventDetails private static final DateFormat DATE_FORMATTER DateFormat getDateTimeInstance DateFormat SHORT DateFormat MEDIUM private final Object mLock new Object private final SortedSet mAllEvents new TreeSet MY_COMP private EventDetails mFilteredEvents EMPTY_LIST private final List mPendingEvents new ArrayList private boolean mPaused false private String mThreadFilter """" private String mMessageFilter """" private String mNDCFilter """" private String mCategoryFilter """" private Priority mPriorityFilter Priority DEBUG MyTableModel final Thread t new Thread new Processor t setDaemon true t start public int getRowCount synchronized mLock return mFilteredEvents length public int getColumnCount return COL_NAMES length public String getColumnName int aCol return COL_NAMES aCol public Class getColumnClass int aCol return aCol 2 Boolean class Object class public Object getValueAt int aRow int aCol synchronized mLock final EventDetails event mFilteredEvents aRow if aCol 0 return DATE_FORMATTER format new Date event getTimeStamp else if aCol 1 return event getPriority else if aCol 2 return event getThrowableStrRep null Boolean FALSE Boolean TRUE else if aCol 3 return event getCategoryName else if aCol 4 return event getNDC return event getMessage public void setPriorityFilter Priority aPriority synchronized mLock mPriorityFilter aPriority updateFilteredEvents false public void setThreadFilter String aStr synchronized mLock mThreadFilter aStr trim updateFilteredEvents false public void setMessageFilter String aStr synchronized mLock mMessageFilter aStr trim updateFilteredEvents false public void setNDCFilter String aStr synchronized mLock mNDCFilter aStr trim updateFilteredEvents false public void setCategoryFilter String aStr synchronized mLock mCategoryFilter aStr trim updateFilteredEvents false public void addEvent EventDetails aEvent synchronized mLock mPendingEvents add aEvent public void clear synchronized mLock mAllEvents clear mFilteredEvents new EventDetails 0 mPendingEvents clear fireTableDataChanged public void toggle synchronized mLock mPaused mPaused public boolean isPaused synchronized mLock return mPaused public EventDetails getEventDetails int aRow synchronized mLock return mFilteredEvents aRow private void updateFilteredEvents boolean aInsertedToFront final long start System currentTimeMillis final List filtered new ArrayList final int size mAllEvents size final Iterator it mAllEvents iterator while it hasNext final EventDetails event EventDetails it next if matchFilter event filtered add event final EventDetails lastFirst mFilteredEvents length 0 null mFilteredEvents 0 mFilteredEvents EventDetails filtered toArray EMPTY_LIST if aInsertedToFront lastFirst null final int index filtered indexOf lastFirst if index 1 LOG warn ""In strange state"" fireTableDataChanged else fireTableRowsInserted 0 index 1 else fireTableDataChanged final long end System currentTimeMillis LOG debug ""Total time [ms]: "" end start "" in update, size: "" size private boolean matchFilter EventDetails aEvent if aEvent getPriority isGreaterOrEqual mPriorityFilter aEvent getThreadName indexOf mThreadFilter 0 aEvent getCategoryName indexOf mCategoryFilter 0 mNDCFilter length 0 aEvent getNDC null aEvent getNDC indexOf mNDCFilter 0 final String rm aEvent getMessage if rm null return mMessageFilter length 0 else return rm indexOf mMessageFilter 0 return false"
org.apache.log4j.spi.OptionHandler,1,1,0,8,1,0,8,0,1,2.0,1,0.0,0,0.0,1.0,0,0,0.0,1,1.0,2,PackageDeclaration_org.apache.log4j.spi InterfaceDeclaration_OptionHandler MethodDeclaration_activateOptions,package org apache log4j spi public interface OptionHandler void activateOptions
org.apache.log4j.lf5.viewer.categoryexplorer.CategoryExplorerModel,16,2,0,17,49,106,13,5,14,0.8,426,1.0,0,0.673913043,0.285714286,0,0,25.4375,6,2.375,3,PackageDeclaration_org.apache.log4j.lf5.viewer.categoryexplorer ClassDeclaration_CategoryExplorerModel FieldDeclaration_ FieldDeclaration_ FieldDeclaration_ ConstructorDeclaration_CategoryExplorerModel FormalParameter_node StatementExpression_ MethodDeclaration_addLogRecord FormalParameter_lr LocalVariableDeclaration_ MethodInvocation_ StatementExpression_ MethodInvocation_ LocalVariableDeclaration_ MethodInvocation_ StatementExpression_ MethodInvocation_ IfStatement_ MethodInvocation_ BlockStatement_ LocalVariableDeclaration_ MethodInvocation_ LocalVariableDeclaration_ LocalVariableDeclaration_ ForStatement_ VariableDeclaration_ BlockStatement_ StatementExpression_ StatementExpression_ MethodInvocation_ StatementExpression_ MethodInvocation_ StatementExpression_ MethodInvocation_ StatementExpression_ MethodInvocation_ MethodDeclaration_getRootCategoryNode ReturnStatement_ MethodInvocation_ MethodDeclaration_getCategoryNode FormalParameter_category LocalVariableDeclaration_ ReturnStatement_ MethodInvocation_ MethodDeclaration_getCategoryNode FormalParameter_path LocalVariableDeclaration_ MethodInvocation_ LocalVariableDeclaration_ ForStatement_ VariableDeclaration_ MethodInvocation_ BlockStatement_ LocalVariableDeclaration_ MethodInvocation_ LocalVariableDeclaration_ MethodInvocation_ LocalVariableDeclaration_ WhileStatement_ MethodInvocation_ BlockStatement_ LocalVariableDeclaration_ MethodInvocation_ LocalVariableDeclaration_ MethodInvocation_ MethodInvocation_ LocalVariableDeclaration_ MethodInvocation_ MethodInvocation_ IfStatement_ MethodInvocation_ BlockStatement_ StatementExpression_ StatementExpression_ BreakStatement_ IfStatement_ BlockStatement_ ReturnStatement_ ReturnStatement_ MethodDeclaration_isCategoryPathActive FormalParameter_path LocalVariableDeclaration_ MethodInvocation_ LocalVariableDeclaration_ LocalVariableDeclaration_ ForStatement_ VariableDeclaration_ MethodInvocation_ BlockStatement_ LocalVariableDeclaration_ MethodInvocation_ LocalVariableDeclaration_ MethodInvocation_ LocalVariableDeclaration_ StatementExpression_ WhileStatement_ MethodInvocation_ BlockStatement_ LocalVariableDeclaration_ MethodInvocation_ LocalVariableDeclaration_ MethodInvocation_ MethodInvocation_ LocalVariableDeclaration_ MethodInvocation_ MethodInvocation_ IfStatement_ MethodInvocation_ BlockStatement_ StatementExpression_ StatementExpression_ IfStatement_ MethodInvocation_ BlockStatement_ StatementExpression_ BreakStatement_ IfStatement_ BlockStatement_ ReturnStatement_ ReturnStatement_ MethodDeclaration_addCategory FormalParameter_path LocalVariableDeclaration_ MethodInvocation_ LocalVariableDeclaration_ ForStatement_ VariableDeclaration_ MethodInvocation_ BlockStatement_ LocalVariableDeclaration_ MethodInvocation_ LocalVariableDeclaration_ MethodInvocation_ LocalVariableDeclaration_ WhileStatement_ MethodInvocation_ BlockStatement_ LocalVariableDeclaration_ MethodInvocation_ LocalVariableDeclaration_ MethodInvocation_ MethodInvocation_ LocalVariableDeclaration_ MethodInvocation_ MethodInvocation_ IfStatement_ MethodInvocation_ BlockStatement_ StatementExpression_ StatementExpression_ BreakStatement_ IfStatement_ BlockStatement_ LocalVariableDeclaration_ MethodInvocation_ StatementExpression_ MethodInvocation_ MethodInvocation_ StatementExpression_ MethodInvocation_ StatementExpression_ ReturnStatement_ MethodDeclaration_update FormalParameter_node FormalParameter_selected IfStatement_ MethodInvocation_ BlockStatement_ ReturnStatement_ IfStatement_ BlockStatement_ StatementExpression_ MethodInvocation_ BlockStatement_ StatementExpression_ MethodInvocation_ MethodDeclaration_setDescendantSelection FormalParameter_node FormalParameter_selected LocalVariableDeclaration_ MethodInvocation_ LocalVariableDeclaration_ WhileStatement_ MethodInvocation_ BlockStatement_ StatementExpression_ MethodInvocation_ IfStatement_ MethodInvocation_ BlockStatement_ StatementExpression_ MethodInvocation_ StatementExpression_ MethodInvocation_ StatementExpression_ MethodInvocation_ MethodDeclaration_setParentSelection FormalParameter_node FormalParameter_selected LocalVariableDeclaration_ MethodInvocation_ LocalVariableDeclaration_ LocalVariableDeclaration_ ForStatement_ VariableDeclaration_ BlockStatement_ StatementExpression_ IfStatement_ MethodInvocation_ BlockStatement_ StatementExpression_ MethodInvocation_ StatementExpression_ MethodInvocation_ StatementExpression_ MethodInvocation_ MethodDeclaration_addActionListener FormalParameter_l StatementExpression_ MethodInvocation_ MethodDeclaration_removeActionListener FormalParameter_l StatementExpression_ MethodInvocation_ MethodDeclaration_resetAllNodeCounts LocalVariableDeclaration_ MethodInvocation_ MethodInvocation_ LocalVariableDeclaration_ WhileStatement_ MethodInvocation_ BlockStatement_ StatementExpression_ MethodInvocation_ StatementExpression_ MethodInvocation_ StatementExpression_ MethodInvocation_ MethodDeclaration_getTreePathToRoot FormalParameter_node IfStatement_ BlockStatement_ ReturnStatement_ ReturnStatement_ MethodInvocation_ MethodDeclaration_notifyActionListeners IfStatement_ BlockStatement_ StatementExpression_ MethodInvocation_ MethodDeclaration_refresh FormalParameter_node StatementExpression_ MethodInvocation_ MethodDeclaration_run StatementExpression_ MethodInvocation_,"package org apache log4j lf5 viewer categoryexplorer import org apache log4j lf5 LogRecord import javax swing import javax swing tree DefaultTreeModel import javax swing tree TreeNode import javax swing tree TreePath import java awt import java awt event ActionEvent import java awt event ActionListener import java util Enumeration public class CategoryExplorerModel extends DefaultTreeModel protected boolean _renderFatal true protected ActionListener _listener null protected ActionEvent _event new ActionEvent this ActionEvent ACTION_PERFORMED ""Nodes Selection changed"" public CategoryExplorerModel CategoryNode node super node public void addLogRecord LogRecord lr CategoryPath path new CategoryPath lr getCategory addCategory path CategoryNode node getCategoryNode path node addRecord if _renderFatal lr isFatal TreeNode nodes getPathToRoot node int len nodes length CategoryNode parent for int i 1 i len 1 i parent CategoryNode nodes i parent setHasFatalChildren true nodeChanged parent node setHasFatalRecords true nodeChanged node public CategoryNode getRootCategoryNode return CategoryNode getRoot public CategoryNode getCategoryNode String category CategoryPath path new CategoryPath category return getCategoryNode path public CategoryNode getCategoryNode CategoryPath path CategoryNode root CategoryNode getRoot CategoryNode parent root for int i 0 i path size i CategoryElement element path categoryElementAt i Enumeration children parent children boolean categoryAlreadyExists false while children hasMoreElements CategoryNode node CategoryNode children nextElement String title node getTitle toLowerCase String pathLC element getTitle toLowerCase if title equals pathLC categoryAlreadyExists true parent node break if categoryAlreadyExists false return null return parent public boolean isCategoryPathActive CategoryPath path CategoryNode root CategoryNode getRoot CategoryNode parent root boolean active false for int i 0 i path size i CategoryElement element path categoryElementAt i Enumeration children parent children boolean categoryAlreadyExists false active false while children hasMoreElements CategoryNode node CategoryNode children nextElement String title node getTitle toLowerCase String pathLC element getTitle toLowerCase if title equals pathLC categoryAlreadyExists true parent node if parent isSelected active true break if active false categoryAlreadyExists false return false return active public CategoryNode addCategory CategoryPath path CategoryNode root CategoryNode getRoot CategoryNode parent root for int i 0 i path size i CategoryElement element path categoryElementAt i Enumeration children parent children boolean categoryAlreadyExists false while children hasMoreElements CategoryNode node CategoryNode children nextElement String title node getTitle toLowerCase String pathLC element getTitle toLowerCase if title equals pathLC categoryAlreadyExists true parent node break if categoryAlreadyExists false CategoryNode newNode new CategoryNode element getTitle insertNodeInto newNode parent parent getChildCount refresh newNode parent newNode return parent public void update CategoryNode node boolean selected if node isSelected selected return if selected setParentSelection node true else setDescendantSelection node false public void setDescendantSelection CategoryNode node boolean selected Enumeration descendants node depthFirstEnumeration CategoryNode current while descendants hasMoreElements current CategoryNode descendants nextElement if current isSelected selected current setSelected selected nodeChanged current notifyActionListeners public void setParentSelection CategoryNode node boolean selected TreeNode nodes getPathToRoot node int len nodes length CategoryNode parent for int i 1 i len i parent CategoryNode nodes i if parent isSelected selected parent setSelected selected nodeChanged parent notifyActionListeners public synchronized void addActionListener ActionListener l _listener AWTEventMulticaster add _listener l public synchronized void removeActionListener ActionListener l _listener AWTEventMulticaster remove _listener l public void resetAllNodeCounts Enumeration nodes getRootCategoryNode depthFirstEnumeration CategoryNode current while nodes hasMoreElements current CategoryNode nodes nextElement current resetNumberOfContainedRecords nodeChanged current public TreePath getTreePathToRoot CategoryNode node if node null return null return new TreePath getPathToRoot node protected void notifyActionListeners if _listener null _listener actionPerformed _event protected void refresh final CategoryNode node SwingUtilities invokeLater new Runnable public void run nodeChanged node"
org.apache.log4j.spi.HierarchyEventListener,2,1,0,5,2,1,3,2,2,2.0,2,0.0,0,0.0,1.0,0,0,0.0,1,1.0,2,PackageDeclaration_org.apache.log4j.spi InterfaceDeclaration_HierarchyEventListener MethodDeclaration_addAppenderEvent FormalParameter_cat FormalParameter_appender MethodDeclaration_removeAppenderEvent FormalParameter_cat FormalParameter_appender,package org apache log4j spi import org apache log4j public interface HierarchyEventListener public void addAppenderEvent Category cat Appender appender public void removeAppenderEvent Category cat Appender appender
org.apache.log4j.jdbc.JDBCAppender,21,2,0,6,45,150,0,6,17,0.78125,279,1.0,0,0.473684211,0.295238095,1,2,11.9047619,2,1.0952,4,PackageDeclaration_com.klopotek.utils.log ClassDeclaration_JDBCAppender FieldDeclaration_ FieldDeclaration_ FieldDeclaration_ FieldDeclaration_ FieldDeclaration_ FieldDeclaration_ FieldDeclaration_ FieldDeclaration_ FieldDeclaration_ FieldDeclaration_ FieldDeclaration_ FieldDeclaration_ FieldDeclaration_ FieldDeclaration_ FieldDeclaration_ FieldDeclaration_ FieldDeclaration_ FieldDeclaration_ FieldDeclaration_ FieldDeclaration_ FieldDeclaration_ FieldDeclaration_ FieldDeclaration_ FieldDeclaration_ MethodDeclaration_finalize StatementExpression_ MethodInvocation_ StatementExpression_ MethodDeclaration_getOptionStrings ReturnStatement_ MethodDeclaration_setOption FormalParameter__option FormalParameter__value StatementExpression_ MethodInvocation_ StatementExpression_ MethodInvocation_ IfStatement_ ReturnStatement_ IfStatement_ MethodInvocation_ MethodInvocation_ ReturnStatement_ StatementExpression_ MethodInvocation_ IfStatement_ MethodInvocation_ BlockStatement_ IfStatement_ StatementExpression_ IfStatement_ MethodInvocation_ BlockStatement_ IfStatement_ StatementExpression_ IfStatement_ MethodInvocation_ BlockStatement_ IfStatement_ StatementExpression_ IfStatement_ MethodInvocation_ BlockStatement_ IfStatement_ StatementExpression_ IfStatement_ MethodInvocation_ BlockStatement_ StatementExpression_ IfStatement_ MethodInvocation_ BlockStatement_ IfStatement_ ReturnStatement_ StatementExpression_ IfStatement_ MethodInvocation_ BlockStatement_ IfStatement_ ReturnStatement_ LocalVariableDeclaration_ LocalVariableDeclaration_ LocalVariableDeclaration_ LocalVariableDeclaration_ LocalVariableDeclaration_ LocalVariableDeclaration_ LocalVariableDeclaration_ LocalVariableDeclaration_ LocalVariableDeclaration_ StatementExpression_ StatementExpression_ MethodInvocation_ IfStatement_ BlockStatement_ StatementExpression_ MethodInvocation_ ReturnStatement_ ForStatement_ VariableDeclaration_ BlockStatement_ StatementExpression_ MethodInvocation_ StatementExpression_ StatementExpression_ MethodInvocation_ IfStatement_ BlockStatement_ StatementExpression_ MethodInvocation_ ReturnStatement_ ForStatement_ VariableDeclaration_ BlockStatement_ StatementExpression_ MethodInvocation_ IfStatement_ StatementExpression_ IfStatement_ BlockStatement_ TryStatement_ StatementExpression_ MethodInvocation_ CatchClause_ CatchClauseParameter_e StatementExpression_ MethodInvocation_ IfStatement_ MethodInvocation_ BlockStatement_ StatementExpression_ MethodInvocation_ ReturnStatement_ IfStatement_ StatementExpression_ IfStatement_ MethodInvocation_ ReturnStatement_ IfStatement_ MethodInvocation_ BlockStatement_ TryStatement_ StatementExpression_ MethodInvocation_ CatchClause_ CatchClauseParameter_e StatementExpression_ MethodInvocation_ ReturnStatement_ IfStatement_ MethodInvocation_ BlockStatement_ StatementExpression_ MethodInvocation_ IfStatement_ MethodInvocation_ MethodInvocation_ BlockStatement_ IfStatement_ StatementExpression_ MethodInvocation_ MethodDeclaration_requiresLayout ReturnStatement_ MethodDeclaration_close StatementExpression_ MethodInvocation_ IfStatement_ BlockStatement_ TryStatement_ StatementExpression_ MethodInvocation_ CatchClause_ CatchClauseParameter_e StatementExpression_ MethodInvocation_ StatementExpression_ MethodDeclaration_setLogType FormalParameter__name FormalParameter__logtype FormalParameter__value IfStatement_ ReturnStatement_ IfStatement_ BlockStatement_ IfStatement_ MethodInvocation_ ReturnStatement_ TryStatement_ StatementExpression_ MethodInvocation_ CatchClause_ CatchClauseParameter_e StatementExpression_ MethodInvocation_ ReturnStatement_ ReturnStatement_ MethodDeclaration_append FormalParameter_event IfStatement_ BlockStatement_ IfStatement_ MethodInvocation_ BlockStatement_ StatementExpression_ MethodInvocation_ ReturnStatement_ StatementExpression_ MethodInvocation_ IfStatement_ MethodInvocation_ StatementExpression_ MethodInvocation_ MethodDeclaration_flush_buffer TryStatement_ LocalVariableDeclaration_ MethodInvocation_ IfStatement_ ReturnStatement_ ForStatement_ VariableDeclaration_ BlockStatement_ LocalVariableDeclaration_ MethodInvocation_ StatementExpression_ MethodInvocation_ MethodInvocation_ StatementExpression_ MethodInvocation_ IfStatement_ StatementExpression_ MethodInvocation_ CatchClause_ CatchClauseParameter_e StatementExpression_ MethodInvocation_ MethodInvocation_ TryStatement_ StatementExpression_ MethodInvocation_ CatchClause_ CatchClauseParameter_ex ReturnStatement_ MethodDeclaration_ready IfStatement_ ReturnStatement_ IfStatement_ ReturnStatement_ StatementExpression_ MethodInvocation_ IfStatement_ BlockStatement_ StatementExpression_ MethodInvocation_ MethodInvocation_ ReturnStatement_ MethodDeclaration_connect IfStatement_ ReturnStatement_ TryStatement_ IfStatement_ BlockStatement_ IfStatement_ ThrowStatement_ IfStatement_ ThrowStatement_ IfStatement_ ThrowStatement_ StatementExpression_ BlockStatement_ StatementExpression_ MethodInvocation_ IfStatement_ BlockStatement_ StatementExpression_ MethodInvocation_ BlockStatement_ StatementExpression_ MethodInvocation_ IfStatement_ MethodInvocation_ BlockStatement_ ThrowStatement_ CatchClause_ CatchClauseParameter_e ThrowStatement_ StatementExpression_ MethodDeclaration_configure IfStatement_ ReturnStatement_ IfStatement_ BlockStatement_ IfStatement_ BlockStatement_ StatementExpression_ MethodInvocation_ ReturnStatement_ TryStatement_ StatementExpression_ MethodInvocation_ CatchClause_ CatchClauseParameter_e StatementExpression_ StatementExpression_ StatementExpression_ MethodInvocation_ ReturnStatement_ IfStatement_ BlockStatement_ StatementExpression_ MethodInvocation_ ReturnStatement_ IfStatement_ MethodInvocation_ BlockStatement_ TryStatement_ StatementExpression_ MethodInvocation_ IfStatement_ BlockStatement_ StatementExpression_ MethodInvocation_ StatementExpression_ MethodInvocation_ CatchClause_ CatchClauseParameter_e StatementExpression_ MethodInvocation_ ReturnStatement_ IfStatement_ BlockStatement_ StatementExpression_ StatementExpression_ ReturnStatement_ ClassDeclaration_DefaultConnectionHandler FieldDeclaration_ MethodDeclaration_getConnection ReturnStatement_ MethodDeclaration_getConnection FormalParameter__url FormalParameter__username FormalParameter__password TryStatement_ IfStatement_ MethodInvocation_ StatementExpression_ MethodInvocation_ StatementExpression_ MethodInvocation_ StatementExpression_ MethodInvocation_ CatchClause_ CatchClauseParameter_e ReturnStatement_,"package com klopotek utils log import java sql import java util import org apache log4j import org apache log4j helpers import org apache log4j spi public class JDBCAppender extends AppenderSkeleton public static final String URL_OPTION ""url"" public static final String USERNAME_OPTION ""username"" public static final String PASSWORD_OPTION ""password"" public static final String TABLE_OPTION ""table"" public static final String CONNECTOR_OPTION ""connector"" public static final String COLUMNS_OPTION ""columns"" public static final String SQL_OPTION ""sql"" public static final String BUFFER_OPTION ""buffer"" public static final String COMMIT_OPTION ""commit"" private String url null private String username null private String password null private String table null private String connection_class null private String sql null private boolean docommit true private int buffer_size 1 private JDBCConnectionHandler connectionHandler null private ArrayList buffer new ArrayList private Connection con null private JDBCLogger jlogger new JDBCLogger private boolean connected false private boolean configured false private boolean ready false public void finalize close super finalize public String getOptionStrings return new String CONNECTOR_OPTION URL_OPTION USERNAME_OPTION PASSWORD_OPTION SQL_OPTION TABLE_OPTION COLUMNS_OPTION BUFFER_OPTION COMMIT_OPTION public void setOption String _option String _value _option _option trim _value _value trim if _option null _value null return if _option length 0 _value length 0 return _value _value trim if _option equals CONNECTOR_OPTION if connected connection_class _value else if _option equals URL_OPTION if connected url _value else if _option equals USERNAME_OPTION if connected username _value else if _option equals PASSWORD_OPTION if connected password _value else if _option equals SQL_OPTION sql _value else if _option equals TABLE_OPTION if sql null return table _value else if _option equals COLUMNS_OPTION if sql null return String name null int logtype 1 String value null String column null String arg null int num_args 0 int num_columns 0 StringTokenizer st_col StringTokenizer st_arg st_col new StringTokenizer _value ""	"" num_columns st_col countTokens if num_columns 1 errorHandler error ""JDBCAppender::setOption(), Invalid COLUMN_OPTION value : "" _value "" !"" return for int i 1 i num_columns i column st_col nextToken st_arg new StringTokenizer column ""~"" num_args st_arg countTokens if num_args 2 errorHandler error ""JDBCAppender::setOption(), Invalid COLUMN_OPTION value : "" _value "" !"" return for int j 1 j num_args j arg st_arg nextToken if j 1 name arg else if j 2 try logtype Integer parseInt arg catch Exception e logtype LogType parseLogType arg if LogType isLogType logtype errorHandler error ""JDBCAppender::setOption(), Invalid COLUMN_OPTION LogType : "" arg "" !"" return else if j 3 value arg if setLogType name logtype value return else if _option equals BUFFER_OPTION try buffer_size Integer parseInt _value catch Exception e errorHandler error ""JDBCAppender::setOption(), Invalid BUFFER_OPTION value : "" _value "" !"" return else if _option equals COMMIT_OPTION docommit _value equals ""Y"" if _option equals SQL_OPTION _option equals TABLE_OPTION if configured configure public boolean requiresLayout return true public void close flush_buffer if connection_class null try con close catch Exception e errorHandler error ""JDBCAppender::close(), "" e this closed true public boolean setLogType String _name int _logtype Object _value if sql null return true if configured if configure return false try jlogger setLogType _name _logtype _value catch Exception e errorHandler error ""JDBCAppender::setLogType(), "" e return false return true public void append LoggingEvent event if ready if ready errorHandler error ""JDBCAppender::append(), Not ready to append !"" return buffer add event if buffer size buffer_size flush_buffer public void flush_buffer try int size buffer size if size 1 return for int i 0 i size i LoggingEvent event LoggingEvent buffer get i jlogger append layout format event buffer clear if docommit con commit catch Exception e errorHandler error ""JDBCAppender::flush_buffer(), "" e "" : "" jlogger getErrorMsg try con rollback catch Exception ex return public boolean ready if ready return true if configured return false ready jlogger ready if ready errorHandler error jlogger getErrorMsg return ready protected void connect throws Exception if connected return try if connection_class null if url null throw new Exception ""JDBCAppender::connect(), No URL defined."" if username null throw new Exception ""JDBCAppender::connect(), No USERNAME defined."" if password null throw new Exception ""JDBCAppender::connect(), No PASSWORD defined."" connectionHandler new DefaultConnectionHandler else connectionHandler JDBCConnectionHandler Class forName connection_class newInstance if url null username null password null con connectionHandler getConnection url username password else con connectionHandler getConnection if con isClosed throw new Exception ""JDBCAppender::connect(), JDBCConnectionHandler returns no connected Connection !"" catch Exception e throw new Exception ""JDBCAppender::connect(), "" e connected true protected boolean configure if configured return true if connected if connection_class null url null username null password null errorHandler error ""JDBCAppender::configure(), Missing database-options or connector-option !"" return false try connect catch Exception e connection_class null url null errorHandler error ""JDBCAppender::configure(), "" e return false if sql null table null errorHandler error ""JDBCAppender::configure(), No SQL_OPTION or TABLE_OPTION given !"" return false if jlogger isConfigured try jlogger setConnection con if sql null jlogger configureTable table else jlogger configureSQL sql catch Exception e errorHandler error ""JDBCAppender::configure(), "" e return false if layout null layout new PatternLayout ""%m"" configured true return true class DefaultConnectionHandler implements JDBCConnectionHandler Connection con null public Connection getConnection return con public Connection getConnection String _url String _username String _password try if con null con isClosed con close con DriverManager getConnection _url _username _password con setAutoCommit false catch Exception e return con"
org.apache.log4j.lf5.LogLevelFormatException,1,3,0,4,2,0,4,0,1,2.0,5,0.0,0,1.0,1.0,0,0,4.0,0,0.0,2,PackageDeclaration_org.apache.log4j.lf5 ClassDeclaration_LogLevelFormatException ConstructorDeclaration_LogLevelFormatException FormalParameter_message StatementExpression_,package org apache log4j lf5 public class LogLevelFormatException extends Exception public LogLevelFormatException String message super message
org.apache.log4j.config.PropertySetterException,3,3,0,1,6,1,1,0,3,0.5,28,1.0,0,0.944444444,0.555555556,1,1,8.0,3,1.0,3,PackageDeclaration_org.apache.log4j.config ClassDeclaration_PropertySetterException FieldDeclaration_ ConstructorDeclaration_PropertySetterException FormalParameter_msg StatementExpression_ ConstructorDeclaration_PropertySetterException FormalParameter_rootCause StatementExpression_ StatementExpression_ MethodDeclaration_getMessage LocalVariableDeclaration_ IfStatement_ BlockStatement_ StatementExpression_ MethodInvocation_ ReturnStatement_,package org apache log4j config public class PropertySetterException extends Exception protected Throwable rootCause public PropertySetterException String msg super msg public PropertySetterException Throwable rootCause super this rootCause rootCause public String getMessage String msg super getMessage if msg null rootCause null msg rootCause getMessage return msg
org.apache.log4j.RollingFileAppender,12,3,1,12,36,0,2,10,10,0.454545455,291,1.0,0,0.785714286,0.260416667,1,6,23.08333333,5,1.25,4,PackageDeclaration_org.apache.log4j ClassDeclaration_RollingFileAppender FieldDeclaration_ FieldDeclaration_ ConstructorDeclaration_RollingFileAppender StatementExpression_ ConstructorDeclaration_RollingFileAppender FormalParameter_layout FormalParameter_filename FormalParameter_append StatementExpression_ ConstructorDeclaration_RollingFileAppender FormalParameter_layout FormalParameter_filename StatementExpression_ MethodDeclaration_getMaxBackupIndex ReturnStatement_ MethodDeclaration_getMaximumFileSize ReturnStatement_ MethodDeclaration_rollOver LocalVariableDeclaration_ LocalVariableDeclaration_ StatementExpression_ MethodInvocation_ StatementExpression_ MethodInvocation_ IfStatement_ BlockStatement_ StatementExpression_ IfStatement_ MethodInvocation_ StatementExpression_ MethodInvocation_ ForStatement_ VariableDeclaration_ BlockStatement_ StatementExpression_ IfStatement_ MethodInvocation_ BlockStatement_ StatementExpression_ StatementExpression_ MethodInvocation_ StatementExpression_ MethodInvocation_ StatementExpression_ StatementExpression_ MethodInvocation_ StatementExpression_ StatementExpression_ MethodInvocation_ StatementExpression_ MethodInvocation_ TryStatement_ StatementExpression_ MethodInvocation_ CatchClause_ CatchClauseParameter_e StatementExpression_ MethodInvocation_ MethodDeclaration_setFile FormalParameter_fileName FormalParameter_append FormalParameter_bufferedIO FormalParameter_bufferSize StatementExpression_ IfStatement_ BlockStatement_ LocalVariableDeclaration_ StatementExpression_ MethodDeclaration_setMaxBackupIndex FormalParameter_maxBackups StatementExpression_ MethodDeclaration_setMaximumFileSize FormalParameter_maxFileSize StatementExpression_ MethodDeclaration_setMaxFileSize FormalParameter_value StatementExpression_ MethodInvocation_ MethodDeclaration_setQWForFiles FormalParameter_writer StatementExpression_ MethodDeclaration_subAppend FormalParameter_event StatementExpression_ IfStatement_ StatementExpression_ MethodInvocation_,"package org apache log4j import java io IOException import java io Writer import java io File import org apache log4j helpers OptionConverter import org apache log4j helpers LogLog import org apache log4j helpers CountingQuietWriter import org apache log4j spi LoggingEvent public class RollingFileAppender extends FileAppender protected long maxFileSize 10 1024 1024 protected int maxBackupIndex 1 public RollingFileAppender super public RollingFileAppender Layout layout String filename boolean append throws IOException super layout filename append public RollingFileAppender Layout layout String filename throws IOException super layout filename public int getMaxBackupIndex return maxBackupIndex public long getMaximumFileSize return maxFileSize public void rollOver File target File file LogLog debug ""rolling over count="" CountingQuietWriter qw getCount LogLog debug ""maxBackupIndex="" maxBackupIndex if maxBackupIndex 0 file new File fileName '.' maxBackupIndex if file exists file delete for int i maxBackupIndex 1 i 1 i file new File fileName ""."" i if file exists target new File fileName '.' i 1 LogLog debug ""Renaming file "" file "" to "" target file renameTo target target new File fileName ""."" 1 this closeFile file new File fileName LogLog debug ""Renaming file "" file "" to "" target file renameTo target try this setFile fileName false bufferedIO bufferSize catch IOException e LogLog error ""setFile("" fileName "", false) call failed."" e public synchronized void setFile String fileName boolean append boolean bufferedIO int bufferSize throws IOException super setFile fileName append this bufferedIO this bufferSize if append File f new File fileName CountingQuietWriter qw setCount f length public void setMaxBackupIndex int maxBackups this maxBackupIndex maxBackups public void setMaximumFileSize long maxFileSize this maxFileSize maxFileSize public void setMaxFileSize String value maxFileSize OptionConverter toFileSize value maxFileSize 1 protected void setQWForFiles Writer writer this qw new CountingQuietWriter writer errorHandler protected void subAppend LoggingEvent event super subAppend event if fileName null CountingQuietWriter qw getCount maxFileSize this rollOver"
org.apache.log4j.lf5.LogLevel,18,1,0,17,36,113,16,1,16,0.919504644,442,0.421052632,14,0.0,0.132352941,1,1,22.5,3,1.5,2,PackageDeclaration_org.apache.log4j.lf5 ClassDeclaration_LogLevel FieldDeclaration_ FieldDeclaration_ FieldDeclaration_ FieldDeclaration_ FieldDeclaration_ FieldDeclaration_ FieldDeclaration_ FieldDeclaration_ FieldDeclaration_ FieldDeclaration_ FieldDeclaration_ FieldDeclaration_ FieldDeclaration_ FieldDeclaration_ FieldDeclaration_ FieldDeclaration_ FieldDeclaration_ FieldDeclaration_ FieldDeclaration_ StatementExpression_ StatementExpression_ StatementExpression_ StatementExpression_ ForStatement_ VariableDeclaration_ BlockStatement_ StatementExpression_ MethodInvocation_ MethodInvocation_ StatementExpression_ ForStatement_ VariableDeclaration_ BlockStatement_ StatementExpression_ MethodInvocation_ ConstructorDeclaration_LogLevel FormalParameter_label FormalParameter_precedence StatementExpression_ StatementExpression_ MethodDeclaration_getLabel ReturnStatement_ MethodDeclaration_encompasses FormalParameter_level IfStatement_ MethodInvocation_ MethodInvocation_ BlockStatement_ ReturnStatement_ ReturnStatement_ MethodDeclaration_valueOf FormalParameter_level LocalVariableDeclaration_ IfStatement_ BlockStatement_ StatementExpression_ MethodInvocation_ MethodInvocation_ StatementExpression_ MethodInvocation_ IfStatement_ MethodInvocation_ BlockStatement_ StatementExpression_ MethodInvocation_ IfStatement_ BlockStatement_ LocalVariableDeclaration_ StatementExpression_ MethodInvocation_ StatementExpression_ MethodInvocation_ ThrowStatement_ MethodInvocation_ ReturnStatement_ MethodDeclaration_register FormalParameter_logLevel IfStatement_ ReturnStatement_ IfStatement_ MethodInvocation_ MethodInvocation_ BlockStatement_ ReturnStatement_ MethodInvocation_ MethodInvocation_ ReturnStatement_ MethodDeclaration_register FormalParameter_logLevels IfStatement_ BlockStatement_ ForStatement_ VariableDeclaration_ BlockStatement_ StatementExpression_ MethodInvocation_ MethodDeclaration_register FormalParameter_logLevels IfStatement_ BlockStatement_ LocalVariableDeclaration_ MethodInvocation_ WhileStatement_ MethodInvocation_ BlockStatement_ StatementExpression_ MethodInvocation_ MethodInvocation_ MethodDeclaration_equals FormalParameter_o LocalVariableDeclaration_ IfStatement_ BlockStatement_ IfStatement_ MethodInvocation_ BlockStatement_ StatementExpression_ ReturnStatement_ MethodDeclaration_hashCode ReturnStatement_ MethodInvocation_ MethodDeclaration_toString ReturnStatement_ MethodDeclaration_setLogLevelColorMap FormalParameter_level FormalParameter_color StatementExpression_ MethodInvocation_ IfStatement_ BlockStatement_ StatementExpression_ StatementExpression_ MethodInvocation_ MethodDeclaration_resetLogLevelColorMap StatementExpression_ MethodInvocation_ ForStatement_ VariableDeclaration_ BlockStatement_ StatementExpression_ MethodInvocation_ MethodDeclaration_getLog4JLevels ReturnStatement_ MethodInvocation_ MethodDeclaration_getJdk14Levels ReturnStatement_ MethodInvocation_ MethodDeclaration_getAllDefaultLevels ReturnStatement_ MethodInvocation_ MethodDeclaration_getLogLevelColorMap ReturnStatement_ MethodDeclaration_getPrecedence ReturnStatement_,"package org apache log4j lf5 import java awt import java util import java util List public class LogLevel implements java io Serializable public final static LogLevel FATAL new LogLevel ""FATAL"" 0 public final static LogLevel ERROR new LogLevel ""ERROR"" 1 public final static LogLevel WARN new LogLevel ""WARN"" 2 public final static LogLevel INFO new LogLevel ""INFO"" 3 public final static LogLevel DEBUG new LogLevel ""DEBUG"" 4 public final static LogLevel SEVERE new LogLevel ""SEVERE"" 1 public final static LogLevel WARNING new LogLevel ""WARNING"" 2 public final static LogLevel CONFIG new LogLevel ""CONFIG"" 4 public final static LogLevel FINE new LogLevel ""FINE"" 5 public final static LogLevel FINER new LogLevel ""FINER"" 6 public final static LogLevel FINEST new LogLevel ""FINEST"" 7 protected String _label protected int _precedence private static LogLevel _log4JLevels private static LogLevel _jdk14Levels private static LogLevel _allDefaultLevels private static Map _logLevelMap private static Map _logLevelColorMap private static Map _registeredLogLevelMap new HashMap static _log4JLevels new LogLevel FATAL ERROR WARN INFO DEBUG _jdk14Levels new LogLevel SEVERE WARNING INFO CONFIG FINE FINER FINEST _allDefaultLevels new LogLevel FATAL ERROR WARN INFO DEBUG SEVERE WARNING CONFIG FINE FINER FINEST _logLevelMap new HashMap for int i 0 i _allDefaultLevels length i _logLevelMap put _allDefaultLevels i getLabel _allDefaultLevels i _logLevelColorMap new HashMap for int i 0 i _allDefaultLevels length i _logLevelColorMap put _allDefaultLevels i Color black public LogLevel String label int precedence _label label _precedence precedence public String getLabel return _label public boolean encompasses LogLevel level if level getPrecedence getPrecedence return true return false public static LogLevel valueOf String level throws LogLevelFormatException LogLevel logLevel null if level null level level trim toUpperCase logLevel LogLevel _logLevelMap get level if logLevel null _registeredLogLevelMap size 0 logLevel LogLevel _registeredLogLevelMap get level if logLevel null StringBuffer buf new StringBuffer buf append ""Error while trying to parse ("" level "") into"" buf append "" a LogLevel."" throw new LogLevelFormatException buf toString return logLevel public static LogLevel register LogLevel logLevel if logLevel null return null if _logLevelMap get logLevel getLabel null return LogLevel _registeredLogLevelMap put logLevel getLabel logLevel return null public static void register LogLevel logLevels if logLevels null for int i 0 i logLevels length i register logLevels i public static void register List logLevels if logLevels null Iterator it logLevels iterator while it hasNext register LogLevel it next public boolean equals Object o boolean equals false if o instanceof LogLevel if this getPrecedence LogLevel o getPrecedence equals true return equals public int hashCode return _label hashCode public String toString return _label public void setLogLevelColorMap LogLevel level Color color _logLevelColorMap remove level if color null color Color black _logLevelColorMap put level color public static void resetLogLevelColorMap _logLevelColorMap clear for int i 0 i _allDefaultLevels length i _logLevelColorMap put _allDefaultLevels i Color black public static List getLog4JLevels return Arrays asList _log4JLevels public static List getJdk14Levels return Arrays asList _jdk14Levels public static List getAllDefaultLevels return Arrays asList _allDefaultLevels public static Map getLogLevelColorMap return _logLevelColorMap protected int getPrecedence return _precedence"
org.apache.log4j.lf5.viewer.LF5SwingUtils,8,1,0,3,20,28,1,2,4,2.0,89,0.0,0,0.0,0.203125,0,0,10.125,4,2.125,2,PackageDeclaration_org.apache.log4j.lf5.viewer ClassDeclaration_LF5SwingUtils MethodDeclaration_selectRow FormalParameter_row FormalParameter_table FormalParameter_pane IfStatement_ BlockStatement_ ReturnStatement_ IfStatement_ MethodInvocation_ MethodInvocation_ BlockStatement_ ReturnStatement_ StatementExpression_ MethodInvocation_ MethodInvocation_ MethodInvocation_ StatementExpression_ MethodInvocation_ MethodInvocation_ StatementExpression_ MethodInvocation_ MethodDeclaration_makeScrollBarTrack FormalParameter_scrollBar IfStatement_ BlockStatement_ ReturnStatement_ StatementExpression_ MethodInvocation_ MethodDeclaration_makeVerticalScrollBarTrack FormalParameter_pane IfStatement_ BlockStatement_ ReturnStatement_ StatementExpression_ MethodInvocation_ MethodInvocation_ MethodDeclaration_contains FormalParameter_row FormalParameter_model IfStatement_ BlockStatement_ ReturnStatement_ IfStatement_ BlockStatement_ ReturnStatement_ IfStatement_ MethodInvocation_ BlockStatement_ ReturnStatement_ ReturnStatement_ MethodDeclaration_selectRow FormalParameter_row FormalParameter_model IfStatement_ BlockStatement_ ReturnStatement_ StatementExpression_ MethodInvocation_ MethodDeclaration_moveAdjustable FormalParameter_location FormalParameter_scrollBar IfStatement_ BlockStatement_ ReturnStatement_ StatementExpression_ MethodInvocation_ MethodDeclaration_repaintLater FormalParameter_component StatementExpression_ MethodInvocation_ MethodDeclaration_run StatementExpression_ MethodInvocation_,package org apache log4j lf5 viewer import javax swing import javax swing table TableModel import java awt public class LF5SwingUtils public static void selectRow int row JTable table JScrollPane pane if table null pane null return if contains row table getModel false return moveAdjustable row table getRowHeight pane getVerticalScrollBar selectRow row table getSelectionModel repaintLater table public static void makeScrollBarTrack Adjustable scrollBar if scrollBar null return scrollBar addAdjustmentListener new TrackingAdjustmentListener public static void makeVerticalScrollBarTrack JScrollPane pane if pane null return makeScrollBarTrack pane getVerticalScrollBar protected static boolean contains int row TableModel model if model null return false if row 0 return false if row model getRowCount return false return true protected static void selectRow int row ListSelectionModel model if model null return model setSelectionInterval row row protected static void moveAdjustable int location Adjustable scrollBar if scrollBar null return scrollBar setValue location protected static void repaintLater final JComponent component SwingUtilities invokeLater new Runnable public void run component repaint
org.apache.log4j.test.StressNDC,9,2,0,3,36,8,0,3,7,0.822916667,311,0.0,1,0.897058824,0.21875,0,0,32.22222222,7,2.0,0,PackageDeclaration_org.apache.log4j.test ClassDeclaration_StressNDC FieldDeclaration_ MethodInvocation_ FieldDeclaration_ FieldDeclaration_ FieldDeclaration_ FieldDeclaration_ FieldDeclaration_ FieldDeclaration_ FieldDeclaration_ FieldDeclaration_ FieldDeclaration_ MethodInvocation_ FieldDeclaration_ MethodDeclaration_main FormalParameter_args StatementExpression_ MethodInvocation_ IfStatement_ BlockStatement_ StatementExpression_ MethodInvocation_ TryStatement_ StatementExpression_ MethodInvocation_ CatchClause_ CatchClauseParameter_e StatementExpression_ MethodInvocation_ StatementExpression_ MethodInvocation_ StatementExpression_ MethodInvocation_ StatementExpression_ MethodInvocation_ WhileStatement_ BlockStatement_ SynchronizedStatement_ StatementExpression_ MethodInvocation_ MethodInvocation_ TryStatement_ StatementExpression_ MethodInvocation_ StatementExpression_ MethodInvocation_ StatementExpression_ MethodInvocation_ CatchClause_ CatchClauseParameter_e StatementExpression_ MethodInvocation_ MethodDeclaration_usage StatementExpression_ MethodInvocation_ StatementExpression_ MethodInvocation_ FieldDeclaration_ ConstructorDeclaration_StressNDC FormalParameter_parentDC StatementExpression_ MethodInvocation_ MethodInvocation_ StatementExpression_ MethodDeclaration_run StatementExpression_ MethodInvocation_ LocalVariableDeclaration_ MethodInvocation_ StatementExpression_ MethodInvocation_ LocalVariableDeclaration_ ForStatement_ VariableDeclaration_ BlockStatement_ IfStatement_ StatementExpression_ MethodInvocation_ MethodInvocation_ IfStatement_ MethodInvocation_ BlockStatement_ LocalVariableDeclaration_ MethodInvocation_ StatementExpression_ MethodInvocation_ StatementExpression_ MethodInvocation_ StatementExpression_ MethodInvocation_ IfStatement_ MethodInvocation_ BlockStatement_ StatementExpression_ MethodInvocation_ StatementExpression_ MethodInvocation_ SynchronizedStatement_ StatementExpression_ StatementExpression_ MethodInvocation_ IfStatement_ BlockStatement_ StatementExpression_ MethodInvocation_ StatementExpression_ MethodInvocation_ IfStatement_ BlockStatement_ StatementExpression_ MethodInvocation_ StatementExpression_ MethodInvocation_ MethodDeclaration_createChildren FormalParameter_n IfStatement_ ReturnStatement_ SynchronizedStatement_ StatementExpression_ MethodInvocation_ StatementExpression_ MethodInvocation_ ForStatement_ VariableDeclaration_ BlockStatement_ StatementExpression_ MethodInvocation_ StatementExpression_ MethodInvocation_ MethodInvocation_ MethodDeclaration_maxThreadsConstained FormalParameter_a LocalVariableDeclaration_ ReturnStatement_ MethodDeclaration_randomInt FormalParameter_n LocalVariableDeclaration_ MethodInvocation_ ReturnStatement_ MethodDeclaration_randomID ReturnStatement_ MethodInvocation_ MethodInvocation_,"package org apache log4j test import org apache log4j Category import org apache log4j BasicConfigurator import org apache log4j NDC import java util Random import java util Stack public class StressNDC extends Thread static Category root Category getRoot static Random random new Random 101 static final int LOOP_LENGTH 24 static final int PUSH_MISS LOOP_LENGTH 2 static final int POP_MISS PUSH_MISS 2 static final int BRANCHING_FACTOR 4 1 static int maxThreads static int msgCounter 0 static int threadCounter 0 static double LOG_2 Math log 2 static Object lock new Object public static void main String args BasicConfigurator configure if args length 1 usage try maxThreads Integer parseInt args 0 catch java lang NumberFormatException e System err println e usage root debug ""push(IP=127.0.0.1)"" NDC push ""IP=127.0.0.1"" while true synchronized lock createChildren randomInt BRANCHING_FACTOR 1 try root debug ""About to wait for notification."" lock wait root debug ""Got a notification."" catch InterruptedException e root warn ""Unpextected InterruptedException received."" e static void usage System err println ""Usage: java org.apache.log4j.test.StressNDC "" ""MAX_THREADS"" System exit 1 Stack parentDC public StressNDC Stack parentDC this setName randomID this parentDC parentDC public void run NDC inherit parentDC int loopLength StressNDC randomInt LOOP_LENGTH root debug ""In run loop.debug( loopLength = "" loopLength int createIndex loopLength 2 for int i 0 i loopLength i if i createIndex createChildren randomInt BRANCHING_FACTOR if randomInt PUSH_MISS 0 String id randomID root debug ""push("" id "")"" NDC push id root debug ""Message number "" StressNDC msgCounter if randomInt POP_MISS 0 root debug ""pop()"" NDC pop synchronized lock StressNDC threadCounter root debug ""Exiting run loop. "" threadCounter if StressNDC threadCounter 0 root debug ""Notifying [main] thread."" lock notify if loopLength 2 0 root debug ""Removing NDC for this thread."" NDC remove public static void createChildren int n if n 0 return synchronized lock n maxThreadsConstained n root debug ""Creating "" n "" child StressNDC threads."" for int i 0 i n i root debug ""New StressNDC, threadCounter = "" threadCounter new StressNDC NDC cloneStack start static public int maxThreadsConstained int a int maxAllowed StressNDC maxThreads StressNDC threadCounter return a maxAllowed a maxAllowed public static int randomInt int n int r random nextInt n return r 0 r r public static String randomID return Integer toString random nextInt 0xFFFFFF"
org.apache.log4j.CategoryKey,4,1,0,1,11,2,1,0,2,0.777777778,61,0.0,0,0.0,0.5,1,1,13.5,6,2.0,3,PackageDeclaration_org.apache.log4j ClassDeclaration_CategoryKey FieldDeclaration_ FieldDeclaration_ ConstructorDeclaration_CategoryKey FormalParameter_name StatementExpression_ MethodInvocation_ StatementExpression_ MethodInvocation_ MethodDeclaration_hashCode ReturnStatement_ MethodDeclaration_equals FormalParameter_rArg IfStatement_ ReturnStatement_ IfStatement_ MethodInvocation_ ReturnStatement_ ReturnStatement_,package org apache log4j class CategoryKey String name int hashCache CategoryKey String name this name name intern hashCache name hashCode final public int hashCode return hashCache final public boolean equals Object rArg if this rArg return true if rArg null CategoryKey class rArg getClass return name CategoryKey rArg name else return false
org.apache.log4j.helpers.FileWatchdog,5,2,2,5,17,0,4,1,2,0.607142857,120,0.285714286,0,0.938461538,0.466666667,1,1,21.6,3,1.4,3,PackageDeclaration_org.apache.log4j.helpers ClassDeclaration_FileWatchdog FieldDeclaration_ FieldDeclaration_ FieldDeclaration_ FieldDeclaration_ FieldDeclaration_ FieldDeclaration_ FieldDeclaration_ ConstructorDeclaration_FileWatchdog FormalParameter_filename StatementExpression_ StatementExpression_ StatementExpression_ MethodInvocation_ StatementExpression_ MethodInvocation_ MethodDeclaration_setDelay FormalParameter_delay StatementExpression_ MethodDeclaration_doOnChange MethodDeclaration_checkAndConfigure LocalVariableDeclaration_ TryStatement_ StatementExpression_ MethodInvocation_ CatchClause_ CatchClauseParameter_e StatementExpression_ MethodInvocation_ StatementExpression_ ReturnStatement_ IfStatement_ BlockStatement_ LocalVariableDeclaration_ MethodInvocation_ IfStatement_ BlockStatement_ StatementExpression_ StatementExpression_ MethodInvocation_ StatementExpression_ BlockStatement_ IfStatement_ BlockStatement_ StatementExpression_ MethodInvocation_ StatementExpression_ MethodDeclaration_run WhileStatement_ BlockStatement_ TryStatement_ StatementExpression_ MethodInvocation_ MethodInvocation_ CatchClause_ CatchClauseParameter_e StatementExpression_ MethodInvocation_,"package org apache log4j helpers import java io File import org apache log4j helpers LogLog public abstract class FileWatchdog extends Thread static final public long DEFAULT_DELAY 60000 protected String filename protected long delay DEFAULT_DELAY File file long lastModif 0 boolean warnedAlready false boolean interrupted false protected FileWatchdog String filename this filename filename file new File filename setDaemon true checkAndConfigure public void setDelay long delay this delay delay abstract protected void doOnChange protected void checkAndConfigure boolean fileExists try fileExists file exists catch SecurityException e LogLog warn ""Was not allowed to read check file existance, file:["" filename ""]."" interrupted true return if fileExists long l file lastModified if l lastModif lastModif l doOnChange warnedAlready false else if warnedAlready LogLog debug ""["" filename ""] does not exist."" warnedAlready true public void run while interrupted try Thread currentThread sleep delay catch InterruptedException e checkAndConfigure"
org.apache.log4j.jmx.HierarchyDynamicMBean,17,2,0,11,74,34,1,10,12,0.818181818,592,0.727272727,2,0.423076923,0.166666667,2,4,33.17647059,2,0.9412,5,PackageDeclaration_org.apache.log4j.jmx ClassDeclaration_HierarchyDynamicMBean FieldDeclaration_ FieldDeclaration_ FieldDeclaration_ FieldDeclaration_ FieldDeclaration_ FieldDeclaration_ MethodInvocation_ MethodInvocation_ FieldDeclaration_ FieldDeclaration_ FieldDeclaration_ FieldDeclaration_ MethodInvocation_ ConstructorDeclaration_HierarchyDynamicMBean StatementExpression_ MethodInvocation_ StatementExpression_ MethodInvocation_ MethodDeclaration_buildDynamicMBeanInfo LocalVariableDeclaration_ MethodInvocation_ MethodInvocation_ StatementExpression_ StatementExpression_ MethodInvocation_ LocalVariableDeclaration_ StatementExpression_ StatementExpression_ MethodDeclaration_addLoggerMBean FormalParameter_name LocalVariableDeclaration_ MethodInvocation_ IfStatement_ BlockStatement_ ReturnStatement_ MethodInvocation_ BlockStatement_ ReturnStatement_ MethodDeclaration_addLoggerMBean FormalParameter_logger LocalVariableDeclaration_ MethodInvocation_ LocalVariableDeclaration_ TryStatement_ LocalVariableDeclaration_ StatementExpression_ StatementExpression_ MethodInvocation_ LocalVariableDeclaration_ StatementExpression_ MethodInvocation_ MethodInvocation_ StatementExpression_ MethodInvocation_ StatementExpression_ MethodInvocation_ StatementExpression_ MethodInvocation_ CatchClause_ CatchClauseParameter_e StatementExpression_ MethodInvocation_ ReturnStatement_ MethodDeclaration_addNotificationListener FormalParameter_listener FormalParameter_filter FormalParameter_handback StatementExpression_ MethodInvocation_ MethodDeclaration_getLogger ReturnStatement_ MethodDeclaration_getMBeanInfo LocalVariableDeclaration_ MethodInvocation_ StatementExpression_ MethodInvocation_ ReturnStatement_ MethodDeclaration_getNotificationInfo ReturnStatement_ MethodInvocation_ MethodDeclaration_invoke FormalParameter_operationName FormalParameter_params FormalParameter_signature IfStatement_ BlockStatement_ ThrowStatement_ IfStatement_ MethodInvocation_ BlockStatement_ ReturnStatement_ MethodInvocation_ BlockStatement_ ThrowStatement_ MethodDeclaration_getAttribute FormalParameter_attributeName IfStatement_ BlockStatement_ ThrowStatement_ StatementExpression_ MethodInvocation_ IfStatement_ MethodInvocation_ BlockStatement_ ReturnStatement_ MethodInvocation_ IfStatement_ MethodInvocation_ BlockStatement_ LocalVariableDeclaration_ MethodInvocation_ LocalVariableDeclaration_ IfStatement_ BlockStatement_ StatementExpression_ MethodInvocation_ MethodInvocation_ TryStatement_ ReturnStatement_ CatchClause_ CatchClauseParameter_e StatementExpression_ MethodInvocation_ ThrowStatement_ MethodDeclaration_addAppenderEvent FormalParameter_logger FormalParameter_appender StatementExpression_ MethodInvocation_ MethodInvocation_ MethodInvocation_ LocalVariableDeclaration_ MethodInvocation_ StatementExpression_ MethodInvocation_ StatementExpression_ MethodInvocation_ StatementExpression_ MethodInvocation_ MethodDeclaration_removeAppenderEvent FormalParameter_cat FormalParameter_appender StatementExpression_ MethodInvocation_ MethodInvocation_ MethodInvocation_ MethodDeclaration_postRegister FormalParameter_registrationDone StatementExpression_ MethodInvocation_ StatementExpression_ MethodInvocation_ LocalVariableDeclaration_ MethodInvocation_ StatementExpression_ MethodInvocation_ MethodDeclaration_removeNotificationListener FormalParameter_listener StatementExpression_ MethodInvocation_ MethodDeclaration_setAttribute FormalParameter_attribute IfStatement_ BlockStatement_ ThrowStatement_ LocalVariableDeclaration_ MethodInvocation_ LocalVariableDeclaration_ MethodInvocation_ IfStatement_ BlockStatement_ ThrowStatement_ IfStatement_ MethodInvocation_ BlockStatement_ LocalVariableDeclaration_ MethodInvocation_ MethodInvocation_ StatementExpression_ MethodInvocation_,"package org apache log4j jmx import java lang reflect Constructor import org apache log4j import org apache log4j spi HierarchyEventListener import org apache log4j spi LoggerRepository import org apache log4j helpers OptionConverter import java util Vector import javax management MBeanAttributeInfo import javax management MBeanConstructorInfo import javax management MBeanNotificationInfo import javax management MBeanOperationInfo import javax management MBeanParameterInfo import javax management ObjectName import javax management MBeanInfo import javax management Attribute import javax management MBeanException import javax management AttributeNotFoundException import javax management RuntimeOperationsException import javax management ReflectionException import javax management InvalidAttributeValueException import javax management NotificationBroadcasterSupport import javax management NotificationBroadcaster import javax management Notification import javax management NotificationListener import javax management NotificationFilter import javax management NotificationFilterSupport import javax management ListenerNotFoundException public class HierarchyDynamicMBean extends AbstractDynamicMBean implements HierarchyEventListener NotificationBroadcaster static final String ADD_APPENDER ""addAppender."" static final String THRESHOLD ""threshold"" private MBeanConstructorInfo dConstructors new MBeanConstructorInfo 1 private MBeanOperationInfo dOperations new MBeanOperationInfo 1 private Vector vAttributes new Vector private String dClassName this getClass getName private String dDescription ""This MBean acts as a management facade for org.apache.log4j.Hierarchy."" private NotificationBroadcasterSupport nbs new NotificationBroadcasterSupport private LoggerRepository hierarchy private static Logger log Logger getLogger HierarchyDynamicMBean class public HierarchyDynamicMBean hierarchy LogManager getLoggerRepository buildDynamicMBeanInfo private void buildDynamicMBeanInfo Constructor constructors this getClass getConstructors dConstructors 0 new MBeanConstructorInfo ""HierarchyDynamicMBean(): Constructs a HierarchyDynamicMBean instance"" constructors 0 vAttributes add new MBeanAttributeInfo THRESHOLD ""java.lang.String"" ""The \""threshold\"" state of the hiearchy."" true true false MBeanParameterInfo params new MBeanParameterInfo 1 params 0 new MBeanParameterInfo ""name"" ""java.lang.String"" ""Create a logger MBean"" dOperations 0 new MBeanOperationInfo ""addLoggerMBean"" ""addLoggerMBean(): add a loggerMBean"" params ""javax.management.ObjectName"" MBeanOperationInfo ACTION public ObjectName addLoggerMBean String name Logger cat Logger exists name if cat null return addLoggerMBean cat else return null ObjectName addLoggerMBean Logger logger String name logger getName ObjectName objectName null try LoggerDynamicMBean loggerMBean new LoggerDynamicMBean logger objectName new ObjectName ""log4j"" ""logger"" name server registerMBean loggerMBean objectName NotificationFilterSupport nfs new NotificationFilterSupport nfs enableType ADD_APPENDER logger getName log debug ""---Adding logger ["" name ""] as listener."" nbs addNotificationListener loggerMBean nfs null vAttributes add new MBeanAttributeInfo ""logger="" name ""javax.management.ObjectName"" ""The "" name "" logger."" true true false catch Exception e log error ""Couls not add loggerMBean for ["" name ""]."" return objectName public void addNotificationListener NotificationListener listener NotificationFilter filter java lang Object handback nbs addNotificationListener listener filter handback protected Logger getLogger return log public MBeanInfo getMBeanInfo MBeanAttributeInfo attribs new MBeanAttributeInfo vAttributes size vAttributes toArray attribs return new MBeanInfo dClassName dDescription attribs dConstructors dOperations new MBeanNotificationInfo 0 public MBeanNotificationInfo getNotificationInfo return nbs getNotificationInfo public Object invoke String operationName Object params String signature throws MBeanException ReflectionException if operationName null throw new RuntimeOperationsException new IllegalArgumentException ""Operation name cannot be null"" ""Cannot invoke a null operation in "" dClassName if operationName equals ""addLoggerMBean"" return addLoggerMBean String params 0 else throw new ReflectionException new NoSuchMethodException operationName ""Cannot find the operation "" operationName "" in "" dClassName public Object getAttribute String attributeName throws AttributeNotFoundException MBeanException ReflectionException if attributeName null throw new RuntimeOperationsException new IllegalArgumentException ""Attribute name cannot be null"" ""Cannot invoke a getter of "" dClassName "" with null attribute name"" log debug ""Called getAttribute with ["" attributeName ""]."" if attributeName equals THRESHOLD return hierarchy getThreshold else if attributeName startsWith ""logger"" int k attributeName indexOf ""%3D"" String val attributeName if k 0 val attributeName substring 0 k '=' attributeName substring k 3 try return new ObjectName ""log4j:"" val catch Exception e log error ""Could not create ObjectName"" val throw new AttributeNotFoundException ""Cannot find "" attributeName "" attribute in "" dClassName public void addAppenderEvent Category logger Appender appender log debug ""addAppenderEvent called: logger="" logger getName "", appender="" appender getName Notification n new Notification ADD_APPENDER logger getName this 0 n setUserData appender log debug ""sending notification."" nbs sendNotification n public void removeAppenderEvent Category cat Appender appender log debug ""removeAppenderCalled: logger="" cat getName "", appender="" appender getName public void postRegister java lang Boolean registrationDone log debug ""postRegister is called."" hierarchy addHierarchyEventListener this Logger root hierarchy getRootLogger addLoggerMBean root public void removeNotificationListener NotificationListener listener throws ListenerNotFoundException nbs removeNotificationListener listener public void setAttribute Attribute attribute throws AttributeNotFoundException InvalidAttributeValueException MBeanException ReflectionException if attribute null throw new RuntimeOperationsException new IllegalArgumentException ""Attribute cannot be null"" ""Cannot invoke a setter of "" dClassName "" with null attribute"" String name attribute getName Object value attribute getValue if name null throw new RuntimeOperationsException new IllegalArgumentException ""Attribute name cannot be null"" ""Cannot invoke the setter of "" dClassName "" with null attribute name"" if name equals THRESHOLD Level l OptionConverter toLevel String value hierarchy getThreshold hierarchy setThreshold l"
org.apache.log4j.chainsaw.DetailPanel,6,5,0,5,46,11,1,4,1,0.88,251,0.8,2,0.993610224,0.3,0,0,40.0,8,2.5,2,PackageDeclaration_org.apache.log4j.chainsaw ClassDeclaration_DetailPanel FieldDeclaration_ MethodInvocation_ FieldDeclaration_ FieldDeclaration_ FieldDeclaration_ ConstructorDeclaration_DetailPanel FormalParameter_aTable FormalParameter_aModel StatementExpression_ StatementExpression_ MethodInvocation_ StatementExpression_ MethodInvocation_ MethodInvocation_ StatementExpression_ StatementExpression_ MethodInvocation_ StatementExpression_ MethodInvocation_ StatementExpression_ MethodInvocation_ LocalVariableDeclaration_ MethodInvocation_ StatementExpression_ MethodInvocation_ MethodDeclaration_valueChanged FormalParameter_aEvent IfStatement_ MethodInvocation_ BlockStatement_ ReturnStatement_ LocalVariableDeclaration_ MethodInvocation_ IfStatement_ MethodInvocation_ BlockStatement_ StatementExpression_ MethodInvocation_ BlockStatement_ LocalVariableDeclaration_ MethodInvocation_ LocalVariableDeclaration_ MethodInvocation_ LocalVariableDeclaration_ MethodInvocation_ MethodInvocation_ MethodInvocation_ MethodInvocation_ MethodInvocation_ MethodInvocation_ MethodInvocation_ MethodInvocation_ MethodInvocation_ MethodInvocation_ MethodInvocation_ MethodInvocation_ MethodInvocation_ MethodInvocation_ StatementExpression_ MethodInvocation_ MethodInvocation_ StatementExpression_ MethodInvocation_ MethodDeclaration_getThrowableStrRep FormalParameter_aEvent LocalVariableDeclaration_ MethodInvocation_ IfStatement_ BlockStatement_ ReturnStatement_ LocalVariableDeclaration_ ForStatement_ VariableDeclaration_ BlockStatement_ StatementExpression_ MethodInvocation_ MethodInvocation_ ReturnStatement_ MethodInvocation_ MethodDeclaration_escape FormalParameter_aStr IfStatement_ BlockStatement_ ReturnStatement_ LocalVariableDeclaration_ ForStatement_ VariableDeclaration_ MethodInvocation_ BlockStatement_ LocalVariableDeclaration_ MethodInvocation_ SwitchStatement_ StatementExpression_ MethodInvocation_ BreakStatement_ StatementExpression_ MethodInvocation_ BreakStatement_ StatementExpression_ MethodInvocation_ BreakStatement_ StatementExpression_ MethodInvocation_ BreakStatement_ StatementExpression_ MethodInvocation_ BreakStatement_ ReturnStatement_ MethodInvocation_,"package org apache log4j chainsaw import java awt BorderLayout import java text MessageFormat import java util Date import javax swing BorderFactory import javax swing JEditorPane import javax swing JPanel import javax swing JScrollPane import javax swing JTable import javax swing ListSelectionModel import javax swing event ListSelectionEvent import javax swing event ListSelectionListener import org apache log4j Category class DetailPanel extends JPanel implements ListSelectionListener private static final Category LOG Category getInstance DetailPanel class private static final MessageFormat FORMATTER new MessageFormat ""<b>Time:</b> <code>{0,time,medium}</code>"" ""&nbsp;&nbsp;<b>Priority:</b> <code>{1}</code>"" ""&nbsp;&nbsp;<b>Thread:</b> <code>{2}</code>"" ""&nbsp;&nbsp;<b>NDC:</b> <code>{3}</code>"" ""<br><b>Category:</b> <code>{4}</code>"" ""<br><b>Location:</b> <code>{5}</code>"" ""<br><b>Message:</b>"" ""<pre>{6}</pre>"" ""<b>Throwable:</b>"" ""<pre>{7}</pre>"" private final MyTableModel mModel private final JEditorPane mDetails DetailPanel JTable aTable final MyTableModel aModel mModel aModel setLayout new BorderLayout setBorder BorderFactory createTitledBorder ""Details: "" mDetails new JEditorPane mDetails setEditable false mDetails setContentType ""text/html"" add new JScrollPane mDetails BorderLayout CENTER final ListSelectionModel rowSM aTable getSelectionModel rowSM addListSelectionListener this public void valueChanged ListSelectionEvent aEvent if aEvent getValueIsAdjusting return final ListSelectionModel lsm ListSelectionModel aEvent getSource if lsm isSelectionEmpty mDetails setText ""Nothing selected"" else final int selectedRow lsm getMinSelectionIndex final EventDetails e mModel getEventDetails selectedRow final Object args new Date e getTimeStamp e getPriority escape e getThreadName escape e getNDC escape e getCategoryName escape e getLocationDetails escape e getMessage escape getThrowableStrRep e mDetails setText FORMATTER format args mDetails setCaretPosition 0 private static String getThrowableStrRep EventDetails aEvent final String strs aEvent getThrowableStrRep if strs null return null final StringBuffer sb new StringBuffer for int i 0 i strs length i sb append strs i append ""\n"" return sb toString private String escape String aStr if aStr null return null final StringBuffer buf new StringBuffer for int i 0 i aStr length i char c aStr charAt i switch c case '<' buf append ""&lt;"" break case '>' buf append ""&gt;"" break case '\""' buf append ""&quot;"" break case '&' buf append ""&amp;"" break default buf append c break return buf toString"
org.apache.log4j.lf5.viewer.TrackingAdjustmentListener,2,1,0,2,9,0,2,0,2,0.0,42,1.0,0,0.0,0.75,0,0,19.5,3,1.5,2,PackageDeclaration_org.apache.log4j.lf5.viewer ClassDeclaration_TrackingAdjustmentListener FieldDeclaration_ MethodDeclaration_adjustmentValueChanged FormalParameter_e LocalVariableDeclaration_ MethodInvocation_ LocalVariableDeclaration_ MethodInvocation_ IfStatement_ MethodInvocation_ BlockStatement_ ReturnStatement_ LocalVariableDeclaration_ MethodInvocation_ MethodInvocation_ IfStatement_ MethodInvocation_ BlockStatement_ StatementExpression_ MethodInvocation_ MethodInvocation_ StatementExpression_,package org apache log4j lf5 viewer import java awt import java awt event AdjustmentEvent import java awt event AdjustmentListener public class TrackingAdjustmentListener implements AdjustmentListener protected int _lastMaximum 1 public void adjustmentValueChanged AdjustmentEvent e Adjustable bar e getAdjustable int currentMaximum bar getMaximum if bar getMaximum _lastMaximum return int bottom bar getValue bar getVisibleAmount if bottom bar getUnitIncrement _lastMaximum bar setValue bar getMaximum _lastMaximum currentMaximum
org.apache.log4j.test.Shallow,8,1,0,5,40,24,0,5,2,0.714285714,331,0.0,1,0.0,0.214285714,0,0,40.125,2,1.125,1,PackageDeclaration_org.apache.log4j.test ClassDeclaration_Shallow FieldDeclaration_ MethodInvocation_ MethodDeclaration_main FormalParameter_argv IfStatement_ StatementExpression_ MethodInvocation_ StatementExpression_ MethodInvocation_ StatementExpression_ MethodInvocation_ MethodDeclaration_usage FormalParameter_msg StatementExpression_ MethodInvocation_ StatementExpression_ MethodInvocation_ MethodInvocation_ StatementExpression_ MethodInvocation_ MethodDeclaration_init FormalParameter_configFile IfStatement_ MethodInvocation_ StatementExpression_ MethodInvocation_ StatementExpression_ MethodInvocation_ MethodDeclaration_test LocalVariableDeclaration_ StatementExpression_ MethodInvocation_ LocalVariableDeclaration_ MethodInvocation_ StatementExpression_ MethodInvocation_ StatementExpression_ MethodInvocation_ StatementExpression_ MethodInvocation_ StatementExpression_ MethodInvocation_ StatementExpression_ MethodInvocation_ StatementExpression_ MethodInvocation_ StatementExpression_ MethodInvocation_ StatementExpression_ MethodInvocation_ StatementExpression_ MethodInvocation_ StatementExpression_ MethodInvocation_ LocalVariableDeclaration_ StatementExpression_ MethodInvocation_ StatementExpression_ MethodInvocation_ StatementExpression_ MethodInvocation_ StatementExpression_ MethodInvocation_ StatementExpression_ MethodInvocation_ StatementExpression_ MethodInvocation_ StatementExpression_ MethodInvocation_ StatementExpression_ MethodInvocation_ StatementExpression_ MethodInvocation_ StatementExpression_ MethodInvocation_ StatementExpression_ MethodInvocation_ StatementExpression_ MethodInvocation_ MethodDeclaration_delay FormalParameter_amount TryStatement_ StatementExpression_ MethodInvocation_ MethodInvocation_ CatchClause_ CatchClauseParameter_e,"package org apache log4j test import org apache log4j PropertyConfigurator import org apache log4j xml DOMConfigurator import org apache log4j Category import org apache log4j NDC import org apache log4j Priority public class Shallow static Category cat Category getInstance Shallow class public static void main String argv if argv length 1 init argv 0 else usage ""Wrong number of arguments."" test static void usage String msg System err println msg System err println ""Usage: java "" Shallow class getName ""configFile"" System exit 1 static void init String configFile if configFile endsWith "".xml"" DOMConfigurator configure configFile else PropertyConfigurator configure configFile static void test int i 1 NDC push ""NDC"" Category root Category getRoot cat debug ""Message "" i root debug ""Message "" i cat info ""Message "" i root info ""Message "" i cat warn ""Message "" i root warn ""Message "" i cat error ""Message "" i root error ""Message "" i cat log Priority FATAL ""Message "" i root log Priority FATAL ""Message "" i Exception e new Exception ""Just testing"" cat debug ""Message "" i e root debug ""Message "" i e cat info ""Message "" i e root info ""Message "" i e cat warn ""Message "" i e root warn ""Message "" i e cat error ""Message "" i e root error ""Message "" i e cat log Priority FATAL ""Message "" i e root log Priority FATAL ""Message "" i e root setPriority Priority FATAL Category shutdown static void delay int amount try Thread currentThread sleep amount catch Exception e"
org.apache.log4j.jmx.MethodUnion,1,1,0,2,2,0,2,0,0,2.0,12,0.0,0,0.0,1.0,0,0,9.0,0,0.0,2,PackageDeclaration_org.apache.log4j.jmx ClassDeclaration_MethodUnion FieldDeclaration_ FieldDeclaration_ ConstructorDeclaration_MethodUnion FormalParameter_readMethod FormalParameter_writeMethod StatementExpression_ StatementExpression_,package org apache log4j jmx import java lang reflect Method class MethodUnion Method readMethod Method writeMethod MethodUnion Method readMethod Method writeMethod this readMethod readMethod this writeMethod writeMethod
org.apache.log4j.spi.LoggerFactory,1,1,0,8,1,0,8,1,1,2.0,1,0.0,0,0.0,1.0,0,0,0.0,1,1.0,2,PackageDeclaration_org.apache.log4j.spi InterfaceDeclaration_LoggerFactory MethodDeclaration_makeNewLoggerInstance FormalParameter_name,package org apache log4j spi import org apache log4j Logger public interface LoggerFactory public Logger makeNewLoggerInstance String name
org.apache.log4j.test.ConfigurationFileParsing,4,1,0,3,20,6,0,3,2,0.666666667,69,0.0,0,0.0,0.333333333,0,0,16.0,2,1.25,1,PackageDeclaration_org.apache.log4j.test ClassDeclaration_ConfigurationFileParsing MethodDeclaration_main FormalParameter_argv IfStatement_ BlockStatement_ StatementExpression_ MethodInvocation_ StatementExpression_ MethodInvocation_ LocalVariableDeclaration_ MethodInvocation_ StatementExpression_ MethodInvocation_ StatementExpression_ MethodInvocation_ StatementExpression_ MethodInvocation_ StatementExpression_ MethodInvocation_ BlockStatement_ StatementExpression_ MethodInvocation_ MethodDeclaration_Usage FormalParameter_msg StatementExpression_ MethodInvocation_ StatementExpression_ MethodInvocation_ MethodInvocation_ StatementExpression_ MethodInvocation_,"package org apache log4j test import org apache log4j PropertyConfigurator import org apache log4j Category import org apache log4j NDC public class ConfigurationFileParsing public static void main String argv if argv length 1 NDC push ""testing"" PropertyConfigurator configure argv 0 Category root Category getRoot root debug ""Message 1"" root debug ""Message 2"" NDC pop Category shutdown else Usage ""Wrong number of arguments."" static void Usage String msg System err println msg System err println ""Usage: java "" ConfigurationFileParsing class getName "" fileName"" System exit 1"
org.apache.log4j.config.PropertyGetter,6,1,0,3,25,11,1,2,3,0.68,154,0.6,0,0.0,0.44,0,0,23.83333333,8,2.3333,2,PackageDeclaration_org.apache.log4j.config ClassDeclaration_PropertyGetter FieldDeclaration_ FieldDeclaration_ FieldDeclaration_ InterfaceDeclaration_PropertyCallback MethodDeclaration_foundProperty FormalParameter_obj FormalParameter_prefix FormalParameter_name FormalParameter_value ConstructorDeclaration_PropertyGetter FormalParameter_obj LocalVariableDeclaration_ MethodInvocation_ MethodInvocation_ StatementExpression_ MethodInvocation_ StatementExpression_ MethodDeclaration_getProperties FormalParameter_obj FormalParameter_callback FormalParameter_prefix TryStatement_ StatementExpression_ MethodInvocation_ CatchClause_ CatchClauseParameter_ex StatementExpression_ MethodInvocation_ MethodDeclaration_getProperties FormalParameter_callback FormalParameter_prefix ForStatement_ VariableDeclaration_ BlockStatement_ LocalVariableDeclaration_ MethodInvocation_ IfStatement_ ContinueStatement_ IfStatement_ MethodInvocation_ MethodInvocation_ BlockStatement_ ContinueStatement_ LocalVariableDeclaration_ MethodInvocation_ TryStatement_ LocalVariableDeclaration_ MethodInvocation_ IfStatement_ BlockStatement_ StatementExpression_ MethodInvocation_ CatchClause_ CatchClauseParameter_ex StatementExpression_ MethodInvocation_ MethodDeclaration_isHandledType FormalParameter_type ReturnStatement_ MethodInvocation_ MethodInvocation_ MethodInvocation_ MethodInvocation_ MethodInvocation_,"package org apache log4j config import java beans import java lang reflect import org apache log4j Priority import org apache log4j helpers LogLog public class PropertyGetter protected static final Object NULL_ARG new Object protected Object obj protected PropertyDescriptor props public interface PropertyCallback void foundProperty Object obj String prefix String name Object value public PropertyGetter Object obj throws IntrospectionException BeanInfo bi Introspector getBeanInfo obj getClass props bi getPropertyDescriptors this obj obj public static void getProperties Object obj PropertyCallback callback String prefix try new PropertyGetter obj getProperties callback prefix catch IntrospectionException ex LogLog error ""Failed to introspect object "" obj ex public void getProperties PropertyCallback callback String prefix for int i 0 i props length i Method getter props i getReadMethod if getter null continue if isHandledType getter getReturnType continue String name props i getName try Object result getter invoke obj NULL_ARG if result null callback foundProperty obj prefix name result catch Exception ex LogLog warn ""Failed to get value of property "" name protected boolean isHandledType Class type return String class isAssignableFrom type Integer TYPE isAssignableFrom type Long TYPE isAssignableFrom type Boolean TYPE isAssignableFrom type Priority class isAssignableFrom type"
org.apache.log4j.spi.LocationInfo,6,1,0,14,21,0,12,2,5,0.88,286,0.2,0,0.0,0.466666667,0,0,45.0,6,3.0,6,PackageDeclaration_org.apache.log4j.spi ClassDeclaration_LocationInfo FieldDeclaration_ FieldDeclaration_ FieldDeclaration_ FieldDeclaration_ FieldDeclaration_ FieldDeclaration_ FieldDeclaration_ FieldDeclaration_ FieldDeclaration_ FieldDeclaration_ TryStatement_ LocalVariableDeclaration_ MethodInvocation_ StatementExpression_ StatementExpression_ MethodInvocation_ CatchClause_ CatchClauseParameter_e ConstructorDeclaration_LocationInfo FormalParameter_t FormalParameter_fqnOfCallingClass IfStatement_ ReturnStatement_ LocalVariableDeclaration_ SynchronizedStatement_ StatementExpression_ MethodInvocation_ StatementExpression_ MethodInvocation_ StatementExpression_ MethodInvocation_ MethodInvocation_ LocalVariableDeclaration_ StatementExpression_ MethodInvocation_ IfStatement_ ReturnStatement_ StatementExpression_ MethodInvocation_ IfStatement_ ReturnStatement_ StatementExpression_ StatementExpression_ MethodInvocation_ IfStatement_ ReturnStatement_ IfStatement_ BlockStatement_ StatementExpression_ MethodInvocation_ IfStatement_ ReturnStatement_ StatementExpression_ StatementExpression_ MethodInvocation_ MethodDeclaration_getClassName IfStatement_ ReturnStatement_ IfStatement_ BlockStatement_ LocalVariableDeclaration_ MethodInvocation_ IfStatement_ StatementExpression_ BlockStatement_ StatementExpression_ MethodInvocation_ LocalVariableDeclaration_ IfStatement_ BlockStatement_ StatementExpression_ MethodInvocation_ IfStatement_ StatementExpression_ StatementExpression_ MethodInvocation_ ReturnStatement_ MethodDeclaration_getFileName IfStatement_ ReturnStatement_ IfStatement_ BlockStatement_ LocalVariableDeclaration_ MethodInvocation_ IfStatement_ StatementExpression_ BlockStatement_ LocalVariableDeclaration_ MethodInvocation_ StatementExpression_ MethodInvocation_ ReturnStatement_ MethodDeclaration_getLineNumber IfStatement_ ReturnStatement_ IfStatement_ BlockStatement_ LocalVariableDeclaration_ MethodInvocation_ LocalVariableDeclaration_ MethodInvocation_ IfStatement_ StatementExpression_ StatementExpression_ MethodInvocation_ ReturnStatement_ MethodDeclaration_getMethodName IfStatement_ ReturnStatement_ IfStatement_ BlockStatement_ LocalVariableDeclaration_ MethodInvocation_ LocalVariableDeclaration_ MethodInvocation_ IfStatement_ StatementExpression_ StatementExpression_ MethodInvocation_ ReturnStatement_,"package org apache log4j spi import java io StringWriter import java io PrintWriter import org apache log4j helpers LogLog import org apache log4j Layout public class LocationInfo implements java io Serializable transient String lineNumber transient String fileName transient String className transient String methodName public String fullInfo private static StringWriter sw new StringWriter private static PrintWriter pw new PrintWriter sw public final static String NA ""?"" static final long serialVersionUID 1325822038990805636L static boolean inVisualAge false static try Class dummy Class forName ""com.ibm.uvm.tools.DebugSupport"" inVisualAge true LogLog debug ""Detected IBM VisualAge environment."" catch Throwable e public LocationInfo Throwable t String fqnOfCallingClass if t null return String s synchronized sw t printStackTrace pw s sw toString sw getBuffer setLength 0 int ibegin iend ibegin s lastIndexOf fqnOfCallingClass if ibegin 1 return ibegin s indexOf Layout LINE_SEP ibegin if ibegin 1 return ibegin Layout LINE_SEP_LEN iend s indexOf Layout LINE_SEP ibegin if iend 1 return if inVisualAge ibegin s lastIndexOf ""at "" iend if ibegin 1 return ibegin 3 this fullInfo s substring ibegin iend public String getClassName if fullInfo null return NA if className null int iend fullInfo lastIndexOf '(' if iend 1 className NA else iend fullInfo lastIndexOf '.' iend int ibegin 0 if inVisualAge ibegin fullInfo lastIndexOf ' ' iend 1 if iend 1 className NA else className this fullInfo substring ibegin iend return className public String getFileName if fullInfo null return NA if fileName null int iend fullInfo lastIndexOf ':' if iend 1 fileName NA else int ibegin fullInfo lastIndexOf '(' iend 1 fileName this fullInfo substring ibegin 1 iend return fileName public String getLineNumber if fullInfo null return NA if lineNumber null int iend fullInfo lastIndexOf ')' int ibegin fullInfo lastIndexOf ':' iend 1 if ibegin 1 lineNumber NA else lineNumber this fullInfo substring ibegin 1 iend return lineNumber public String getMethodName if fullInfo null return NA if methodName null int iend fullInfo lastIndexOf '(' int ibegin fullInfo lastIndexOf '.' iend if ibegin 1 methodName NA else methodName this fullInfo substring ibegin 1 iend return methodName"
org.apache.log4j.helpers.LogLog,10,1,0,43,19,0,43,1,9,0.920634921,146,0.714285714,0,0.0,0.333333333,0,0,12.9,4,1.9,2,PackageDeclaration_org.apache.log4j.helpers ClassDeclaration_LogLog FieldDeclaration_ FieldDeclaration_ FieldDeclaration_ FieldDeclaration_ FieldDeclaration_ FieldDeclaration_ FieldDeclaration_ LocalVariableDeclaration_ MethodInvocation_ IfStatement_ BlockStatement_ StatementExpression_ MethodInvocation_ IfStatement_ BlockStatement_ StatementExpression_ MethodInvocation_ MethodDeclaration_setInternalDebugging FormalParameter_enabled StatementExpression_ MethodDeclaration_debug FormalParameter_msg IfStatement_ BlockStatement_ StatementExpression_ MethodInvocation_ MethodDeclaration_debug FormalParameter_msg FormalParameter_t IfStatement_ BlockStatement_ StatementExpression_ MethodInvocation_ IfStatement_ StatementExpression_ MethodInvocation_ MethodDeclaration_error FormalParameter_msg IfStatement_ ReturnStatement_ StatementExpression_ MethodInvocation_ MethodDeclaration_error FormalParameter_msg FormalParameter_t IfStatement_ ReturnStatement_ StatementExpression_ MethodInvocation_ IfStatement_ BlockStatement_ StatementExpression_ MethodInvocation_ MethodDeclaration_setQuietMode FormalParameter_quietMode StatementExpression_ MethodDeclaration_warn FormalParameter_msg IfStatement_ ReturnStatement_ StatementExpression_ MethodInvocation_ MethodDeclaration_warn FormalParameter_msg FormalParameter_t IfStatement_ ReturnStatement_ StatementExpression_ MethodInvocation_ IfStatement_ BlockStatement_ StatementExpression_ MethodInvocation_,"package org apache log4j helpers public class LogLog public static final String DEBUG_KEY ""log4j.debug"" public static final String CONFIG_DEBUG_KEY ""log4j.configDebug"" protected static boolean debugEnabled false private static boolean quietMode false private static final String PREFIX ""log4j: "" private static final String ERR_PREFIX ""log4j:ERROR "" private static final String WARN_PREFIX ""log4j:WARN "" static String key OptionConverter getSystemProperty DEBUG_KEY null if key null key OptionConverter getSystemProperty CONFIG_DEBUG_KEY null if key null debugEnabled OptionConverter toBoolean key true static public void setInternalDebugging boolean enabled debugEnabled enabled public static void debug String msg if debugEnabled quietMode System out println PREFIX msg public static void debug String msg Throwable t if debugEnabled quietMode System out println PREFIX msg if t null t printStackTrace System out public static void error String msg if quietMode return System err println ERR_PREFIX msg public static void error String msg Throwable t if quietMode return System err println ERR_PREFIX msg if t null t printStackTrace public static void setQuietMode boolean quietMode LogLog quietMode quietMode public static void warn String msg if quietMode return System err println WARN_PREFIX msg public static void warn String msg Throwable t if quietMode return System err println WARN_PREFIX msg if t null t printStackTrace"
org.apache.log4j.performance.Logging,8,1,0,3,30,12,0,3,2,0.666666667,228,0.0,1,0.0,0.321428571,0,0,26.75,4,1.75,0,PackageDeclaration_org.apache.log4j.performance ClassDeclaration_Logging FieldDeclaration_ FieldDeclaration_ FieldDeclaration_ FieldDeclaration_ FieldDeclaration_ MethodInvocation_ MethodDeclaration_Usage FormalParameter_msg StatementExpression_ MethodInvocation_ StatementExpression_ MethodInvocation_ MethodInvocation_ StatementExpression_ MethodInvocation_ MethodDeclaration_main FormalParameter_argv IfStatement_ StatementExpression_ MethodInvocation_ IfStatement_ StatementExpression_ MethodInvocation_ StatementExpression_ MethodInvocation_ StatementExpression_ MethodInvocation_ LocalVariableDeclaration_ LocalVariableDeclaration_ IfStatement_ StatementExpression_ MethodInvocation_ StatementExpression_ MethodInvocation_ StatementExpression_ MethodInvocation_ StatementExpression_ MethodInvocation_ MethodDeclaration_init FormalParameter_configFile FormalParameter_runLengthStr FormalParameter_delayStr FormalParameter_burstLenStr TryStatement_ StatementExpression_ MethodInvocation_ IfStatement_ BlockStatement_ StatementExpression_ MethodInvocation_ IfStatement_ BlockStatement_ StatementExpression_ MethodInvocation_ StatementExpression_ CatchClause_ CatchClauseParameter_e StatementExpression_ MethodInvocation_ StatementExpression_ MethodInvocation_ MethodDeclaration_NoDelayLoop FormalParameter_category FormalParameter_msg LocalVariableDeclaration_ MethodInvocation_ ForStatement_ VariableDeclaration_ BlockStatement_ StatementExpression_ MethodInvocation_ ReturnStatement_ MethodInvocation_ MethodDeclaration_DelayedLoop FormalParameter_category FormalParameter_msg LocalVariableDeclaration_ MethodInvocation_ LocalVariableDeclaration_ LocalVariableDeclaration_ MethodInvocation_ ForStatement_ VariableDeclaration_ BlockStatement_ StatementExpression_ MethodInvocation_ IfStatement_ BlockStatement_ StatementExpression_ TryStatement_ StatementExpression_ MethodInvocation_ CatchClause_ CatchClauseParameter_e LocalVariableDeclaration_ MethodInvocation_ StatementExpression_ MethodInvocation_ ReturnStatement_,"package org apache log4j performance import org apache log4j Category import org apache log4j xml DOMConfigurator import org apache log4j NDC import org apache log4j performance NOPWriter public class Logging static int runLength static int delay 1 static int burstLen 100 static int DELAY_MULT 1000 burstLen static Category cat Category getInstance ""A0123456789.B0123456789.C0123456789"" static void Usage String msg System err println msg System err println ""Usage: java "" Logging class getName "" confFile runLength [delay] [burstLen]\n"" ""        confFile is an XML configuration file and\n"" ""        runLength (integer) is the length of test loop.\n"" ""        delay is the time in millisecs to wait every bustLen log requests."" System exit 1 public static void main String argv if argv length 2 init argv 0 argv 1 null null else if argv length 4 init argv 0 argv 1 argv 2 argv 3 else Usage ""Wrong number of arguments."" NDC push ""some context"" double delta String msg ""ABCDEGHIJKLMNOPQRSTUVWXYZabcdeghijklmnopqrstuvwxyz1234567890"" if delay 0 delta NoDelayLoop cat msg else delta DelayedLoop cat msg System out print int delta Category shutdown static void init String configFile String runLengthStr String delayStr String burstLenStr try runLength Integer parseInt runLengthStr if delayStr null delay Integer parseInt delayStr if delayStr null burstLen Integer parseInt burstLenStr DELAY_MULT 1000 burstLen catch java lang NumberFormatException e e printStackTrace DOMConfigurator configure configFile static double NoDelayLoop Category category String msg long before System currentTimeMillis for int i 0 i runLength i category info msg return System currentTimeMillis before 1000.0 runLength static double DelayedLoop Category category String msg long before System currentTimeMillis int j 0 Thread currentThread Thread currentThread for int i 0 i runLength i category info msg if j burstLen j 0 try currentThread sleep delay catch Exception e double actualTime System currentTimeMillis before 1000.0 runLength System out println ""actual time: "" actualTime return actualTime delay DELAY_MULT"
org.apache.log4j.lf5.viewer.categoryexplorer.CategoryExplorerTree,7,5,0,12,28,0,7,6,4,0.416666667,120,1.0,1,0.993506494,0.428571429,1,1,15.85714286,2,0.8571,3,PackageDeclaration_org.apache.log4j.lf5.viewer.categoryexplorer ClassDeclaration_CategoryExplorerTree FieldDeclaration_ FieldDeclaration_ ConstructorDeclaration_CategoryExplorerTree FormalParameter_model StatementExpression_ StatementExpression_ StatementExpression_ MethodInvocation_ ConstructorDeclaration_CategoryExplorerTree StatementExpression_ LocalVariableDeclaration_ StatementExpression_ StatementExpression_ MethodInvocation_ StatementExpression_ MethodInvocation_ MethodDeclaration_getExplorerModel ReturnStatement_ MethodDeclaration_getToolTipText FormalParameter_e TryStatement_ ReturnStatement_ CatchClause_ CatchClauseParameter_ex ReturnStatement_ MethodDeclaration_init StatementExpression_ MethodInvocation_ LocalVariableDeclaration_ StatementExpression_ MethodInvocation_ StatementExpression_ MethodInvocation_ LocalVariableDeclaration_ StatementExpression_ MethodInvocation_ StatementExpression_ MethodInvocation_ StatementExpression_ MethodInvocation_ StatementExpression_ MethodInvocation_ MethodDeclaration_expandRootNode IfStatement_ BlockStatement_ ReturnStatement_ StatementExpression_ LocalVariableDeclaration_ MethodInvocation_ MethodInvocation_ StatementExpression_ MethodInvocation_ MethodDeclaration_ensureRootExpansion StatementExpression_ MethodInvocation_ MethodDeclaration_treeNodesInserted FormalParameter_e StatementExpression_ MethodInvocation_,"package org apache log4j lf5 viewer categoryexplorer import javax swing import javax swing event TreeModelEvent import javax swing tree TreePath import java awt event MouseEvent public class CategoryExplorerTree extends JTree protected CategoryExplorerModel _model protected boolean _rootAlreadyExpanded false public CategoryExplorerTree CategoryExplorerModel model super model _model model init public CategoryExplorerTree super CategoryNode rootNode new CategoryNode ""Categories"" _model new CategoryExplorerModel rootNode setModel _model init public CategoryExplorerModel getExplorerModel return _model public String getToolTipText MouseEvent e try return super getToolTipText e catch Exception ex return """" protected void init putClientProperty ""JTree.lineStyle"" ""Angled"" CategoryNodeRenderer renderer new CategoryNodeRenderer setEditable true setCellRenderer renderer CategoryNodeEditor editor new CategoryNodeEditor _model setCellEditor new CategoryImmediateEditor this new CategoryNodeRenderer editor setShowsRootHandles true setToolTipText """" ensureRootExpansion protected void expandRootNode if _rootAlreadyExpanded return _rootAlreadyExpanded true TreePath path new TreePath _model getRootCategoryNode getPath expandPath path protected void ensureRootExpansion _model addTreeModelListener new TreeModelAdapter public void treeNodesInserted TreeModelEvent e expandRootNode"
org.apache.log4j.helpers.Loader,6,1,0,4,25,9,2,2,4,0.933333333,142,0.333333333,0,0.0,0.266666667,0,0,22.16666667,6,1.5,3,PackageDeclaration_org.apache.log4j.helpers ClassDeclaration_Loader FieldDeclaration_ FieldDeclaration_ LocalVariableDeclaration_ MethodInvocation_ IfStatement_ BlockStatement_ LocalVariableDeclaration_ MethodInvocation_ IfStatement_ BlockStatement_ IfStatement_ MethodInvocation_ StatementExpression_ MethodDeclaration_getResource FormalParameter_resource LocalVariableDeclaration_ LocalVariableDeclaration_ TryStatement_ IfStatement_ BlockStatement_ StatementExpression_ MethodInvocation_ MethodInvocation_ IfStatement_ BlockStatement_ StatementExpression_ MethodInvocation_ StatementExpression_ MethodInvocation_ IfStatement_ BlockStatement_ ReturnStatement_ StatementExpression_ MethodInvocation_ IfStatement_ BlockStatement_ StatementExpression_ MethodInvocation_ BlockStatement_ StatementExpression_ MethodInvocation_ StatementExpression_ MethodInvocation_ IfStatement_ BlockStatement_ ReturnStatement_ CatchClause_ CatchClauseParameter_t StatementExpression_ MethodInvocation_ StatementExpression_ MethodInvocation_ ReturnStatement_ MethodInvocation_ MethodDeclaration_isJava1 ReturnStatement_ MethodDeclaration_loadClass FormalParameter_clazz ReturnStatement_,"package org apache log4j helpers import java net URL public class Loader static final String TSTR ""Caught Exception while in Loader.getResource. This may be innocuous."" static private boolean java1 true static String prop OptionConverter getSystemProperty ""java.version"" null if prop null int i prop indexOf '.' if i 1 if prop charAt i 1 '1' java1 false static public URL getResource String resource ClassLoader classLoader null URL url null try if java1 classLoader Thread currentThread getContextClassLoader if classLoader null LogLog debug ""Trying to find ["" resource ""] using context classloader "" classLoader ""."" url classLoader getResource resource if url null return url classLoader Loader class getClassLoader if classLoader null LogLog warn ""Loader.class.getClassLoader returned null!"" else LogLog debug ""Trying to find ["" resource ""] using "" classLoader "" class loader."" url classLoader getResource resource if url null return url catch Throwable t LogLog warn TSTR t LogLog debug ""Trying to find ["" resource ""] using ClassLoader.getSystemResource()."" return ClassLoader getSystemResource resource public static boolean isJava1 return java1 static public Class loadClass Double clazz throws ClassNotFoundException return null"
org.apache.log4j.config.PropertyPrinter,10,1,0,8,42,39,1,7,6,0.644444444,328,1.0,0,0.0,0.314285714,0,0,31.3,9,2.8,4,PackageDeclaration_org.apache.log4j.config ClassDeclaration_PropertyPrinter FieldDeclaration_ FieldDeclaration_ FieldDeclaration_ FieldDeclaration_ FieldDeclaration_ ConstructorDeclaration_PropertyPrinter FormalParameter_out StatementExpression_ ConstructorDeclaration_PropertyPrinter FormalParameter_out FormalParameter_doCapitalize StatementExpression_ StatementExpression_ StatementExpression_ MethodInvocation_ StatementExpression_ MethodInvocation_ MethodDeclaration_genAppName ReturnStatement_ MethodDeclaration_isGenAppName FormalParameter_name IfStatement_ MethodInvocation_ MethodInvocation_ ReturnStatement_ ForStatement_ VariableDeclaration_ MethodInvocation_ BlockStatement_ IfStatement_ MethodInvocation_ MethodInvocation_ ReturnStatement_ ReturnStatement_ MethodDeclaration_print FormalParameter_out StatementExpression_ MethodInvocation_ MethodInvocation_ LocalVariableDeclaration_ MethodInvocation_ WhileStatement_ MethodInvocation_ BlockStatement_ StatementExpression_ MethodInvocation_ MethodInvocation_ MethodDeclaration_printOptions FormalParameter_out FormalParameter_cat LocalVariableDeclaration_ MethodInvocation_ LocalVariableDeclaration_ MethodInvocation_ LocalVariableDeclaration_ MethodInvocation_ WhileStatement_ MethodInvocation_ BlockStatement_ LocalVariableDeclaration_ MethodInvocation_ LocalVariableDeclaration_ IfStatement_ MethodInvocation_ BlockStatement_ IfStatement_ MethodInvocation_ MethodInvocation_ BlockStatement_ StatementExpression_ MethodInvocation_ StatementExpression_ MethodInvocation_ StatementExpression_ MethodInvocation_ IfStatement_ MethodInvocation_ BlockStatement_ StatementExpression_ MethodInvocation_ MethodInvocation_ StatementExpression_ LocalVariableDeclaration_ MethodInvocation_ MethodInvocation_ IfStatement_ BlockStatement_ StatementExpression_ MethodInvocation_ MethodDeclaration_printOptions FormalParameter_out FormalParameter_obj FormalParameter_fullname StatementExpression_ MethodInvocation_ MethodInvocation_ MethodInvocation_ StatementExpression_ MethodInvocation_ MethodDeclaration_foundProperty FormalParameter_obj FormalParameter_prefix FormalParameter_name FormalParameter_value IfStatement_ MethodInvocation_ BlockStatement_ ReturnStatement_ IfStatement_ BlockStatement_ StatementExpression_ MethodInvocation_ StatementExpression_ MethodInvocation_ MethodInvocation_ MethodDeclaration_capitalize FormalParameter_name IfStatement_ MethodInvocation_ MethodInvocation_ BlockStatement_ IfStatement_ MethodInvocation_ MethodInvocation_ MethodInvocation_ BlockStatement_ LocalVariableDeclaration_ StatementExpression_ MethodInvocation_ MethodInvocation_ MethodInvocation_ ReturnStatement_ MethodInvocation_ ReturnStatement_ MethodDeclaration_main FormalParameter_args StatementExpression_,"package org apache log4j config import java io import java util import org apache log4j public class PropertyPrinter implements PropertyGetter PropertyCallback protected int numAppenders 0 protected Hashtable appenderNames new Hashtable protected Hashtable layoutNames new Hashtable protected PrintWriter out protected boolean doCapitalize public PropertyPrinter PrintWriter out this out false public PropertyPrinter PrintWriter out boolean doCapitalize this out out this doCapitalize doCapitalize print out out flush protected String genAppName return ""A"" numAppenders protected boolean isGenAppName String name if name length 2 name charAt 0 'A' return false for int i 0 i name length i if name charAt i '0' name charAt i '9' return false return true public void print PrintWriter out printOptions out Category getRoot Enumeration cats Category getCurrentCategories while cats hasMoreElements printOptions out Category cats nextElement protected void printOptions PrintWriter out Category cat Enumeration appenders cat getAllAppenders Level prio cat getLevel String appenderString prio null """" prio toString while appenders hasMoreElements Appender app Appender appenders nextElement String name if name String appenderNames get app null if name app getName null isGenAppName name name genAppName appenderNames put app name printOptions out app ""log4j.appender."" name if app getLayout null printOptions out app getLayout ""log4j.appender."" name "".layout"" appenderString "", "" name String catKey cat Category getRoot ""log4j.rootCategory"" ""log4j.category."" cat getName if appenderString """" out println catKey ""="" appenderString protected void printOptions PrintWriter out Object obj String fullname out println fullname ""="" obj getClass getName PropertyGetter getProperties obj this fullname ""."" public void foundProperty Object obj String prefix String name Object value if obj instanceof Appender ""name"" equals name return if doCapitalize name capitalize name out println prefix name ""="" value toString public static String capitalize String name if Character isLowerCase name charAt 0 if name length 1 Character isLowerCase name charAt 1 StringBuffer newname new StringBuffer name newname setCharAt 0 Character toUpperCase name charAt 0 return newname toString return name public static void main String args new PropertyPrinter new PrintWriter System out"
org.apache.log4j.test.SpacePad,4,1,0,0,10,4,0,0,3,0.333333333,114,0.0,0,0.0,0.333333333,0,0,27.25,4,1.5,1,PackageDeclaration_org.apache.log4j.test ClassDeclaration_SpacePad FieldDeclaration_ MethodDeclaration_main FormalParameter_args LocalVariableDeclaration_ ForStatement_ VariableDeclaration_ BlockStatement_ StatementExpression_ MethodInvocation_ StatementExpression_ MethodInvocation_ StatementExpression_ MethodInvocation_ StatementExpression_ MethodInvocation_ StatementExpression_ MethodInvocation_ MethodInvocation_ StatementExpression_ MethodInvocation_ StatementExpression_ MethodInvocation_ StatementExpression_ MethodInvocation_ StatementExpression_ MethodInvocation_ StatementExpression_ MethodInvocation_ MethodInvocation_ MethodDeclaration_spacePad FormalParameter_sbuf FormalParameter_length WhileStatement_ BlockStatement_ StatementExpression_ MethodInvocation_ StatementExpression_ ForStatement_ VariableDeclaration_ BlockStatement_ IfStatement_ BlockStatement_ StatementExpression_ MethodInvocation_,"package org apache log4j test public class SpacePad static String SPACES "" "" ""  "" ""    "" ""        "" ""                "" ""                                "" static public void main String args StringBuffer sbuf new StringBuffer for int i 0 i 35 i sbuf setLength 0 sbuf append ""\"""" spacePad sbuf i sbuf append ""\"""" System out println sbuf toString sbuf setLength 0 sbuf append ""\"""" spacePad sbuf 67 sbuf append ""\"""" System out println sbuf toString static public void spacePad StringBuffer sbuf int length while length 32 sbuf append SPACES 5 length 32 for int i 4 i 0 i if length 1 i 0 sbuf append SPACES i"
org.apache.log4j.jmx.LayoutDynamicMBean,10,2,0,9,54,1,1,8,5,0.777777778,470,0.666666667,2,0.578947368,0.253968254,2,2,44.8,6,1.3,2,PackageDeclaration_org.apache.log4j.jmx ClassDeclaration_LayoutDynamicMBean FieldDeclaration_ FieldDeclaration_ FieldDeclaration_ MethodInvocation_ MethodInvocation_ FieldDeclaration_ FieldDeclaration_ FieldDeclaration_ FieldDeclaration_ MethodInvocation_ FieldDeclaration_ ConstructorDeclaration_LayoutDynamicMBean FormalParameter_layout StatementExpression_ StatementExpression_ MethodInvocation_ MethodDeclaration_buildDynamicMBeanInfo LocalVariableDeclaration_ MethodInvocation_ MethodInvocation_ StatementExpression_ LocalVariableDeclaration_ MethodInvocation_ MethodInvocation_ LocalVariableDeclaration_ MethodInvocation_ LocalVariableDeclaration_ ForStatement_ VariableDeclaration_ BlockStatement_ LocalVariableDeclaration_ MethodInvocation_ LocalVariableDeclaration_ MethodInvocation_ LocalVariableDeclaration_ MethodInvocation_ IfStatement_ BlockStatement_ LocalVariableDeclaration_ MethodInvocation_ IfStatement_ MethodInvocation_ BlockStatement_ LocalVariableDeclaration_ IfStatement_ MethodInvocation_ BlockStatement_ StatementExpression_ BlockStatement_ StatementExpression_ MethodInvocation_ StatementExpression_ MethodInvocation_ StatementExpression_ MethodInvocation_ LocalVariableDeclaration_ StatementExpression_ MethodDeclaration_isSupportedType FormalParameter_clazz IfStatement_ MethodInvocation_ BlockStatement_ ReturnStatement_ IfStatement_ BlockStatement_ ReturnStatement_ IfStatement_ MethodInvocation_ BlockStatement_ ReturnStatement_ ReturnStatement_ MethodDeclaration_getMBeanInfo StatementExpression_ MethodInvocation_ LocalVariableDeclaration_ MethodInvocation_ StatementExpression_ MethodInvocation_ ReturnStatement_ MethodDeclaration_invoke FormalParameter_operationName FormalParameter_params FormalParameter_signature IfStatement_ MethodInvocation_ BlockStatement_ LocalVariableDeclaration_ StatementExpression_ MethodInvocation_ ReturnStatement_ ReturnStatement_ MethodDeclaration_getLogger ReturnStatement_ MethodDeclaration_getAttribute FormalParameter_attributeName IfStatement_ BlockStatement_ ThrowStatement_ LocalVariableDeclaration_ MethodInvocation_ StatementExpression_ MethodInvocation_ IfStatement_ BlockStatement_ TryStatement_ ReturnStatement_ MethodInvocation_ CatchClause_ CatchClauseParameter_e ReturnStatement_ ThrowStatement_ MethodDeclaration_setAttribute FormalParameter_attribute IfStatement_ BlockStatement_ ThrowStatement_ LocalVariableDeclaration_ MethodInvocation_ LocalVariableDeclaration_ MethodInvocation_ IfStatement_ BlockStatement_ ThrowStatement_ LocalVariableDeclaration_ MethodInvocation_ IfStatement_ BlockStatement_ LocalVariableDeclaration_ LocalVariableDeclaration_ MethodInvocation_ IfStatement_ BlockStatement_ StatementExpression_ MethodInvocation_ MethodInvocation_ StatementExpression_ TryStatement_ StatementExpression_ MethodInvocation_ CatchClause_ CatchClauseParameter_e StatementExpression_ MethodInvocation_ BlockStatement_ ThrowStatement_ MethodInvocation_ MethodInvocation_,"package org apache log4j jmx import java lang reflect Constructor import org apache log4j Logger import org apache log4j Level import org apache log4j Layout import org apache log4j helpers OptionConverter import org apache log4j spi OptionHandler import java util Vector import java util Hashtable import java lang reflect Method import javax management MBeanAttributeInfo import javax management MBeanConstructorInfo import javax management MBeanNotificationInfo import javax management MBeanInfo import javax management Attribute import javax management MBeanException import javax management AttributeNotFoundException import javax management RuntimeOperationsException import javax management ReflectionException import javax management InvalidAttributeValueException import javax management MBeanOperationInfo import javax management MBeanParameterInfo import java beans Introspector import java beans BeanInfo import java beans PropertyDescriptor import java beans IntrospectionException public class LayoutDynamicMBean extends AbstractDynamicMBean private MBeanConstructorInfo dConstructors new MBeanConstructorInfo 1 private Vector dAttributes new Vector private String dClassName this getClass getName private Hashtable dynamicProps new Hashtable 5 private MBeanOperationInfo dOperations new MBeanOperationInfo 1 private String dDescription ""This MBean acts as a management facade for log4j layouts."" private static Logger cat Logger getLogger LayoutDynamicMBean class private Layout layout public LayoutDynamicMBean Layout layout throws IntrospectionException this layout layout buildDynamicMBeanInfo private void buildDynamicMBeanInfo throws IntrospectionException Constructor constructors this getClass getConstructors dConstructors 0 new MBeanConstructorInfo ""LayoutDynamicMBean(): Constructs a LayoutDynamicMBean instance"" constructors 0 BeanInfo bi Introspector getBeanInfo layout getClass PropertyDescriptor pd bi getPropertyDescriptors int size pd length for int i 0 i size i String name pd i getName Method readMethod pd i getReadMethod Method writeMethod pd i getWriteMethod if readMethod null Class returnClass readMethod getReturnType if isSupportedType returnClass String returnClassName if returnClass isAssignableFrom Level class returnClassName ""java.lang.String"" else returnClassName returnClass getName dAttributes add new MBeanAttributeInfo name returnClassName ""Dynamic"" true writeMethod null false dynamicProps put name new MethodUnion readMethod writeMethod MBeanParameterInfo params new MBeanParameterInfo 0 dOperations 0 new MBeanOperationInfo ""activateOptions"" ""activateOptions(): add an layout"" params ""void"" MBeanOperationInfo ACTION private boolean isSupportedType Class clazz if clazz isPrimitive return true if clazz String class return true if clazz isAssignableFrom Level class return true return false public MBeanInfo getMBeanInfo cat debug ""getMBeanInfo called."" MBeanAttributeInfo attribs new MBeanAttributeInfo dAttributes size dAttributes toArray attribs return new MBeanInfo dClassName dDescription attribs dConstructors dOperations new MBeanNotificationInfo 0 public Object invoke String operationName Object params String signature throws MBeanException ReflectionException if operationName equals ""activateOptions"" layout instanceof OptionHandler OptionHandler oh OptionHandler layout oh activateOptions return ""Options activated."" return null protected Logger getLogger return cat public Object getAttribute String attributeName throws AttributeNotFoundException MBeanException ReflectionException if attributeName null throw new RuntimeOperationsException new IllegalArgumentException ""Attribute name cannot be null"" ""Cannot invoke a getter of "" dClassName "" with null attribute name"" MethodUnion mu MethodUnion dynamicProps get attributeName cat debug ""----name="" attributeName "", mu="" mu if mu null mu readMethod null try return mu readMethod invoke layout null catch Exception e return null throw new AttributeNotFoundException ""Cannot find "" attributeName "" attribute in "" dClassName public void setAttribute Attribute attribute throws AttributeNotFoundException InvalidAttributeValueException MBeanException ReflectionException if attribute null throw new RuntimeOperationsException new IllegalArgumentException ""Attribute cannot be null"" ""Cannot invoke a setter of "" dClassName "" with null attribute"" String name attribute getName Object value attribute getValue if name null throw new RuntimeOperationsException new IllegalArgumentException ""Attribute name cannot be null"" ""Cannot invoke the setter of "" dClassName "" with null attribute name"" MethodUnion mu MethodUnion dynamicProps get name if mu null mu writeMethod null Object o new Object 1 Class params mu writeMethod getParameterTypes if params 0 org apache log4j Priority class value OptionConverter toLevel String value Level getAttribute name o 0 value try mu writeMethod invoke layout o catch Exception e cat error ""FIXME"" e else throw new AttributeNotFoundException ""Attribute "" name "" not found in "" this getClass getName"
org.apache.log4j.net.TelnetAppender,7,2,0,4,16,3,1,4,6,0.583333333,81,1.0,1,0.75,0.428571429,1,1,10.28571429,4,1.2857,2,PackageDeclaration_org.apache.log4j.net ClassDeclaration_TelnetAppender FieldDeclaration_ FieldDeclaration_ MethodDeclaration_requiresLayout ReturnStatement_ MethodDeclaration_activateOptions TryStatement_ StatementExpression_ StatementExpression_ MethodInvocation_ CatchClause_ CatchClauseParameter_e StatementExpression_ MethodInvocation_ MethodDeclaration_getPort ReturnStatement_ MethodDeclaration_setPort FormalParameter_port StatementExpression_ MethodDeclaration_close StatementExpression_ MethodInvocation_ MethodDeclaration_append FormalParameter_event StatementExpression_ MethodInvocation_ MethodInvocation_ IfStatement_ MethodInvocation_ BlockStatement_ LocalVariableDeclaration_ MethodInvocation_ IfStatement_ BlockStatement_ LocalVariableDeclaration_ ForStatement_ VariableDeclaration_ BlockStatement_ StatementExpression_ MethodInvocation_ StatementExpression_ MethodInvocation_ ClassDeclaration_SocketHandler FieldDeclaration_ FieldDeclaration_ FieldDeclaration_ FieldDeclaration_ FieldDeclaration_ MethodDeclaration_finalize ForStatement_ VariableDeclaration_ MethodInvocation_ MethodInvocation_ BlockStatement_ TryStatement_ StatementExpression_ MethodInvocation_ CatchClause_ CatchClauseParameter_ex TryStatement_ StatementExpression_ MethodInvocation_ CatchClause_ CatchClauseParameter_ex StatementExpression_ MethodDeclaration_send FormalParameter_message LocalVariableDeclaration_ MethodInvocation_ ForStatement_ VariableDeclaration_ MethodInvocation_ MethodInvocation_ BlockStatement_ LocalVariableDeclaration_ MethodInvocation_ LocalVariableDeclaration_ MethodInvocation_ StatementExpression_ MethodInvocation_ IfStatement_ MethodInvocation_ BlockStatement_ StatementExpression_ MethodInvocation_ StatementExpression_ MethodInvocation_ MethodDeclaration_run WhileStatement_ BlockStatement_ TryStatement_ LocalVariableDeclaration_ MethodInvocation_ LocalVariableDeclaration_ MethodInvocation_ IfStatement_ MethodInvocation_ BlockStatement_ StatementExpression_ MethodInvocation_ StatementExpression_ MethodInvocation_ StatementExpression_ MethodInvocation_ MethodInvocation_ StatementExpression_ MethodInvocation_ BlockStatement_ StatementExpression_ MethodInvocation_ StatementExpression_ MethodInvocation_ StatementExpression_ MethodInvocation_ CatchClause_ CatchClauseParameter_e StatementExpression_ MethodInvocation_ ConstructorDeclaration_SocketHandler FormalParameter_port StatementExpression_,"package org apache log4j net import java io import java net import java util import org apache log4j Layout import org apache log4j spi LoggingEvent import org apache log4j AppenderSkeleton import org apache log4j helpers LogLog public class TelnetAppender extends AppenderSkeleton private SocketHandler sh private int port 23 public boolean requiresLayout return true public void activateOptions try sh new SocketHandler port sh start catch Exception e e printStackTrace public int getPort return port public void setPort int port this port port public void close sh finalize protected void append LoggingEvent event sh send this layout format event if layout ignoresThrowable String s event getThrowableStrRep if s null int len s length for int i 0 i len i sh send s i sh send Layout LINE_SEP protected class SocketHandler extends Thread private boolean done false private Vector writers new Vector private Vector connections new Vector private ServerSocket serverSocket private int MAX_CONNECTIONS 20 public void finalize for Enumeration e connections elements e hasMoreElements try Socket e nextElement close catch Exception ex try serverSocket close catch Exception ex done true public void send String message Enumeration ce connections elements for Enumeration e writers elements e hasMoreElements Socket sock Socket ce nextElement PrintWriter writer PrintWriter e nextElement writer print message if writer checkError connections remove sock writers remove writer public void run while done try Socket newClient serverSocket accept PrintWriter pw new PrintWriter newClient getOutputStream if connections size MAX_CONNECTIONS connections addElement newClient writers addElement pw pw print ""TelnetAppender v1.0 ("" connections size "" active connections)\r\n\r\n"" pw flush else pw print ""Too many connections.\r\n"" pw flush newClient close catch Exception e LogLog error ""Encountered error while in SocketHandler loop."" e public SocketHandler int port throws IOException serverSocket new ServerSocket port"
org.apache.log4j.test.SysoutConfigurator,2,1,0,7,7,1,0,7,2,2.0,15,0.0,0,0.0,0.666666667,0,0,6.5,1,0.5,1,PackageDeclaration_org.apache.log4j.test ClassDeclaration_SysoutConfigurator MethodDeclaration_doConfigure FormalParameter_url FormalParameter_hierarchy StatementExpression_ MethodInvocation_ MethodInvocation_,package org apache log4j test import org apache log4j spi import org apache log4j public class SysoutConfigurator implements Configurator public void doConfigure java net URL url LoggerRepository hierarchy Category getRoot addAppender new ConsoleAppender new SimpleLayout ConsoleAppender SYSTEM_OUT
org.apache.log4j.FileAppender,17,3,2,9,36,14,3,6,14,0.546875,272,1.0,0,0.723404255,0.333333333,1,11,14.76470588,2,0.9412,4,PackageDeclaration_org.apache.log4j ClassDeclaration_FileAppender FieldDeclaration_ FieldDeclaration_ FieldDeclaration_ FieldDeclaration_ ConstructorDeclaration_FileAppender ConstructorDeclaration_FileAppender FormalParameter_layout FormalParameter_filename FormalParameter_append FormalParameter_bufferedIO FormalParameter_bufferSize StatementExpression_ StatementExpression_ MethodInvocation_ ConstructorDeclaration_FileAppender FormalParameter_layout FormalParameter_filename FormalParameter_append StatementExpression_ StatementExpression_ MethodInvocation_ ConstructorDeclaration_FileAppender FormalParameter_layout FormalParameter_filename StatementExpression_ MethodDeclaration_setFile FormalParameter_file LocalVariableDeclaration_ MethodInvocation_ StatementExpression_ MethodDeclaration_getAppend ReturnStatement_ MethodDeclaration_getFile ReturnStatement_ MethodDeclaration_activateOptions IfStatement_ BlockStatement_ TryStatement_ StatementExpression_ MethodInvocation_ CatchClause_ CatchClauseParameter_e StatementExpression_ MethodInvocation_ BlockStatement_ StatementExpression_ MethodInvocation_ StatementExpression_ MethodInvocation_ MethodDeclaration_closeFile IfStatement_ BlockStatement_ TryStatement_ StatementExpression_ MethodInvocation_ CatchClause_ CatchClauseParameter_e StatementExpression_ MethodInvocation_ MethodDeclaration_getBufferedIO ReturnStatement_ MethodDeclaration_getBufferSize ReturnStatement_ MethodDeclaration_setAppend FormalParameter_flag StatementExpression_ MethodDeclaration_setBufferedIO FormalParameter_bufferedIO StatementExpression_ IfStatement_ BlockStatement_ StatementExpression_ MethodDeclaration_setBufferSize FormalParameter_bufferSize StatementExpression_ MethodDeclaration_setFile FormalParameter_fileName FormalParameter_append FormalParameter_bufferedIO FormalParameter_bufferSize StatementExpression_ MethodInvocation_ IfStatement_ BlockStatement_ StatementExpression_ MethodInvocation_ StatementExpression_ MethodInvocation_ LocalVariableDeclaration_ MethodInvocation_ IfStatement_ BlockStatement_ StatementExpression_ StatementExpression_ MethodInvocation_ StatementExpression_ StatementExpression_ StatementExpression_ StatementExpression_ StatementExpression_ MethodInvocation_ StatementExpression_ MethodInvocation_ MethodDeclaration_setQWForFiles FormalParameter_writer StatementExpression_ MethodDeclaration_reset StatementExpression_ MethodInvocation_ StatementExpression_ StatementExpression_,"package org apache log4j import java io IOException import java io Writer import java io FileOutputStream import java io BufferedWriter import org apache log4j spi ErrorCode import org apache log4j helpers QuietWriter import org apache log4j helpers LogLog public class FileAppender extends WriterAppender protected boolean fileAppend true protected String fileName null protected boolean bufferedIO false protected int bufferSize 8 1024 public FileAppender public FileAppender Layout layout String filename boolean append boolean bufferedIO int bufferSize throws IOException this layout layout this setFile filename append bufferedIO bufferSize public FileAppender Layout layout String filename boolean append throws IOException this layout layout this setFile filename append false bufferSize public FileAppender Layout layout String filename throws IOException this layout filename true public void setFile String file String val file trim fileName val public boolean getAppend return fileAppend public String getFile return fileName public void activateOptions if fileName null try setFile fileName fileAppend bufferedIO bufferSize catch java io IOException e errorHandler error ""setFile("" fileName "","" fileAppend "") call failed."" e ErrorCode FILE_OPEN_FAILURE else LogLog warn ""File option not set for appender ["" name ""]."" LogLog warn ""Are you using FileAppender instead of ConsoleAppender?"" protected void closeFile if this qw null try this qw close catch java io IOException e LogLog error ""Could not close "" qw e public boolean getBufferedIO return this bufferedIO public int getBufferSize return this bufferSize public void setAppend boolean flag fileAppend flag public void setBufferedIO boolean bufferedIO this bufferedIO bufferedIO if bufferedIO immediateFlush false public void setBufferSize int bufferSize this bufferSize bufferSize public synchronized void setFile String fileName boolean append boolean bufferedIO int bufferSize throws IOException LogLog debug ""setFile called: "" fileName "", "" append if bufferedIO setImmediateFlush false reset Writer fw createWriter new FileOutputStream fileName append if bufferedIO fw new BufferedWriter fw bufferSize this setQWForFiles fw this fileName fileName this fileAppend append this bufferedIO bufferedIO this bufferSize bufferSize writeHeader LogLog debug ""setFile ended"" protected void setQWForFiles Writer writer this qw new QuietWriter writer errorHandler protected void reset closeFile this fileName null super reset"
org.apache.log4j.DefaultCategoryFactory,2,1,0,4,4,1,2,2,1,2.0,10,0.0,0,0.0,0.75,0,0,4.0,1,0.5,2,PackageDeclaration_org.apache.log4j ClassDeclaration_DefaultCategoryFactory ConstructorDeclaration_DefaultCategoryFactory MethodDeclaration_makeNewLoggerInstance FormalParameter_name ReturnStatement_,package org apache log4j import org apache log4j spi LoggerFactory class DefaultCategoryFactory implements LoggerFactory DefaultCategoryFactory public Logger makeNewLoggerInstance String name return new Logger name
org.apache.log4j.HTMLLayout,13,2,0,6,35,46,0,6,11,0.916666667,758,0.375,0,0.421052632,0.236111111,1,1,56.69230769,7,1.6154,3,PackageDeclaration_org.apache.log4j ClassDeclaration_HTMLLayout FieldDeclaration_ FieldDeclaration_ FieldDeclaration_ FieldDeclaration_ FieldDeclaration_ FieldDeclaration_ FieldDeclaration_ FieldDeclaration_ MethodDeclaration_setLocationInfo FormalParameter_flag StatementExpression_ MethodDeclaration_getLocationInfo ReturnStatement_ MethodDeclaration_setTitle FormalParameter_title StatementExpression_ MethodDeclaration_getTitle ReturnStatement_ MethodDeclaration_getContentType ReturnStatement_ MethodDeclaration_activateOptions MethodDeclaration_format FormalParameter_event IfStatement_ MethodInvocation_ BlockStatement_ StatementExpression_ BlockStatement_ StatementExpression_ MethodInvocation_ StatementExpression_ MethodInvocation_ StatementExpression_ MethodInvocation_ StatementExpression_ MethodInvocation_ MethodInvocation_ StatementExpression_ MethodInvocation_ StatementExpression_ MethodInvocation_ MethodInvocation_ StatementExpression_ MethodInvocation_ MethodInvocation_ MethodInvocation_ StatementExpression_ MethodInvocation_ StatementExpression_ MethodInvocation_ IfStatement_ MethodInvocation_ BlockStatement_ StatementExpression_ MethodInvocation_ StatementExpression_ MethodInvocation_ StatementExpression_ MethodInvocation_ IfStatement_ MethodInvocation_ BlockStatement_ StatementExpression_ MethodInvocation_ StatementExpression_ MethodInvocation_ StatementExpression_ MethodInvocation_ BlockStatement_ StatementExpression_ MethodInvocation_ StatementExpression_ MethodInvocation_ StatementExpression_ MethodInvocation_ StatementExpression_ MethodInvocation_ MethodInvocation_ StatementExpression_ MethodInvocation_ IfStatement_ BlockStatement_ LocalVariableDeclaration_ MethodInvocation_ StatementExpression_ MethodInvocation_ StatementExpression_ MethodInvocation_ MethodInvocation_ MethodInvocation_ StatementExpression_ MethodInvocation_ StatementExpression_ MethodInvocation_ MethodInvocation_ StatementExpression_ MethodInvocation_ StatementExpression_ MethodInvocation_ StatementExpression_ MethodInvocation_ MethodInvocation_ MethodInvocation_ StatementExpression_ MethodInvocation_ StatementExpression_ MethodInvocation_ IfStatement_ MethodInvocation_ BlockStatement_ StatementExpression_ MethodInvocation_ StatementExpression_ MethodInvocation_ MethodInvocation_ MethodInvocation_ StatementExpression_ MethodInvocation_ LocalVariableDeclaration_ MethodInvocation_ IfStatement_ BlockStatement_ StatementExpression_ MethodInvocation_ StatementExpression_ MethodInvocation_ StatementExpression_ MethodInvocation_ ReturnStatement_ MethodInvocation_ MethodDeclaration_appendThrowableAsHTML FormalParameter_s FormalParameter_sbuf IfStatement_ BlockStatement_ LocalVariableDeclaration_ IfStatement_ ReturnStatement_ StatementExpression_ MethodInvocation_ MethodInvocation_ StatementExpression_ MethodInvocation_ ForStatement_ VariableDeclaration_ BlockStatement_ StatementExpression_ MethodInvocation_ StatementExpression_ MethodInvocation_ MethodInvocation_ StatementExpression_ MethodInvocation_ MethodDeclaration_getHeader LocalVariableDeclaration_ StatementExpression_ MethodInvocation_ StatementExpression_ MethodInvocation_ StatementExpression_ MethodInvocation_ StatementExpression_ MethodInvocation_ StatementExpression_ MethodInvocation_ StatementExpression_ MethodInvocation_ StatementExpression_ MethodInvocation_ StatementExpression_ MethodInvocation_ StatementExpression_ MethodInvocation_ StatementExpression_ MethodInvocation_ StatementExpression_ MethodInvocation_ StatementExpression_ MethodInvocation_ StatementExpression_ MethodInvocation_ StatementExpression_ MethodInvocation_ StatementExpression_ MethodInvocation_ StatementExpression_ MethodInvocation_ StatementExpression_ MethodInvocation_ StatementExpression_ MethodInvocation_ StatementExpression_ MethodInvocation_ StatementExpression_ MethodInvocation_ StatementExpression_ MethodInvocation_ IfStatement_ BlockStatement_ StatementExpression_ MethodInvocation_ StatementExpression_ MethodInvocation_ StatementExpression_ MethodInvocation_ ReturnStatement_ MethodInvocation_ MethodDeclaration_getFooter LocalVariableDeclaration_ StatementExpression_ MethodInvocation_ StatementExpression_ MethodInvocation_ StatementExpression_ MethodInvocation_ ReturnStatement_ MethodInvocation_ MethodDeclaration_ignoresThrowable ReturnStatement_,"package org apache log4j import org apache log4j spi LoggingEvent import org apache log4j spi LocationInfo import org apache log4j helpers Transform public class HTMLLayout extends Layout protected final int BUF_SIZE 256 protected final int MAX_CAPACITY 1024 static String TRACE_PREFIX ""<br>&nbsp;&nbsp;&nbsp;&nbsp;"" private StringBuffer sbuf new StringBuffer BUF_SIZE public static final String LOCATION_INFO_OPTION ""LocationInfo"" public static final String TITLE_OPTION ""Title"" boolean locationInfo false String title ""Log4J Log Messages"" public void setLocationInfo boolean flag locationInfo flag public boolean getLocationInfo return locationInfo public void setTitle String title this title title public String getTitle return title public String getContentType return ""text/html"" public void activateOptions public String format LoggingEvent event if sbuf capacity MAX_CAPACITY sbuf new StringBuffer BUF_SIZE else sbuf setLength 0 sbuf append Layout LINE_SEP ""<tr>"" Layout LINE_SEP sbuf append ""<td>"" sbuf append event timeStamp event getStartTime sbuf append ""</td>"" Layout LINE_SEP sbuf append ""<td title=\"""" event getThreadName "" thread\"">"" sbuf append Transform escapeTags event getThreadName sbuf append ""</td>"" Layout LINE_SEP sbuf append ""<td title=\""Level\"">"" if event level equals Level DEBUG sbuf append ""<font color=\""#339933\"">"" sbuf append event level sbuf append ""</font>"" else if event level isGreaterOrEqual Level WARN sbuf append ""<font color=\""#993300\""><strong>"" sbuf append event level sbuf append ""</strong></font>"" else sbuf append event level sbuf append ""</td>"" Layout LINE_SEP sbuf append ""<td title=\"""" event categoryName "" category\"">"" sbuf append Transform escapeTags event categoryName sbuf append ""</td>"" Layout LINE_SEP if locationInfo LocationInfo locInfo event getLocationInformation sbuf append ""<td>"" sbuf append Transform escapeTags locInfo getFileName sbuf append ':' sbuf append locInfo getLineNumber sbuf append ""</td>"" Layout LINE_SEP sbuf append ""<td title=\""Message\"">"" sbuf append Transform escapeTags event getRenderedMessage sbuf append ""</td>"" Layout LINE_SEP sbuf append ""</tr>"" Layout LINE_SEP if event getNDC null sbuf append ""<tr><td bgcolor=\""#EEEEEE\"" style=\""font-size : xx-small;\"" colspan=\""6\"" title=\""Nested Diagnostic Context\"">"" sbuf append ""NDC: "" Transform escapeTags event getNDC sbuf append ""</td></tr>"" Layout LINE_SEP String s event getThrowableStrRep if s null sbuf append ""<tr><td bgcolor=\""#993300\"" style=\""color:White; font-size : xx-small;\"" colspan=\""6\"">"" appendThrowableAsHTML s sbuf sbuf append ""</td></tr>"" Layout LINE_SEP return sbuf toString void appendThrowableAsHTML String s StringBuffer sbuf if s null int len s length if len 0 return sbuf append Transform escapeTags s 0 sbuf append Layout LINE_SEP for int i 1 i len i sbuf append TRACE_PREFIX sbuf append Transform escapeTags s i sbuf append Layout LINE_SEP public String getHeader StringBuffer sbuf new StringBuffer sbuf append ""<!DOCTYPE HTML PUBLIC \""-//W3C//DTD HTML 4.01 Transitional//EN\"" \""http://www.w3.org/TR/html4/loose.dtd\"">"" Layout LINE_SEP sbuf append ""<html>"" Layout LINE_SEP sbuf append ""<head>"" Layout LINE_SEP sbuf append ""<title>"" title ""</title>"" Layout LINE_SEP sbuf append ""<style type=\""text/css\"">"" Layout LINE_SEP sbuf append ""<!--"" Layout LINE_SEP sbuf append ""body, table {font-family: arial,sans-serif; font-size: x-small;}"" Layout LINE_SEP sbuf append ""th {background: #336699; color: #FFFFFF; text-align: left;}"" Layout LINE_SEP sbuf append ""-->"" Layout LINE_SEP sbuf append ""</style>"" Layout LINE_SEP sbuf append ""</head>"" Layout LINE_SEP sbuf append ""<body bgcolor=\""#FFFFFF\"" topmargin=\""6\"" leftmargin=\""6\"">"" Layout LINE_SEP sbuf append ""<hr size=\""1\"" noshade>"" Layout LINE_SEP sbuf append ""Log session start time "" new java util Date ""<br>"" Layout LINE_SEP sbuf append ""<br>"" Layout LINE_SEP sbuf append ""<table cellspacing=\""0\"" cellpadding=\""4\"" border=\""1\"" bordercolor=\""#224466\"" width=\""100%\"">"" Layout LINE_SEP sbuf append ""<tr>"" Layout LINE_SEP sbuf append ""<th>Time</th>"" Layout LINE_SEP sbuf append ""<th>Thread</th>"" Layout LINE_SEP sbuf append ""<th>Level</th>"" Layout LINE_SEP sbuf append ""<th>Category</th>"" Layout LINE_SEP if locationInfo sbuf append ""<th>File:Line</th>"" Layout LINE_SEP sbuf append ""<th>Message</th>"" Layout LINE_SEP sbuf append ""</tr>"" Layout LINE_SEP return sbuf toString public String getFooter StringBuffer sbuf new StringBuffer sbuf append ""</table>"" Layout LINE_SEP sbuf append ""<br>"" Layout LINE_SEP sbuf append ""</body></html>"" return sbuf toString public boolean ignoresThrowable return false"
org.apache.log4j.lf5.viewer.LogBrokerMonitor,105,1,0,55,321,4900,40,51,22,0.959880637,2443,0.965517241,5,0.0,0.072380952,0,0,21.99047619,6,1.5238,2,PackageDeclaration_org.apache.log4j.lf5.viewer ClassDeclaration_LogBrokerMonitor FieldDeclaration_ FieldDeclaration_ FieldDeclaration_ FieldDeclaration_ FieldDeclaration_ FieldDeclaration_ FieldDeclaration_ FieldDeclaration_ FieldDeclaration_ FieldDeclaration_ FieldDeclaration_ FieldDeclaration_ FieldDeclaration_ FieldDeclaration_ FieldDeclaration_ FieldDeclaration_ FieldDeclaration_ FieldDeclaration_ FieldDeclaration_ FieldDeclaration_ FieldDeclaration_ FieldDeclaration_ FieldDeclaration_ FieldDeclaration_ FieldDeclaration_ FieldDeclaration_ FieldDeclaration_ FieldDeclaration_ FieldDeclaration_ ConstructorDeclaration_LogBrokerMonitor FormalParameter_logLevels StatementExpression_ StatementExpression_ MethodInvocation_ LocalVariableDeclaration_ MethodInvocation_ IfStatement_ BlockStatement_ StatementExpression_ StatementExpression_ MethodInvocation_ MethodInvocation_ IfStatement_ MethodInvocation_ BlockStatement_ StatementExpression_ StatementExpression_ MethodInvocation_ StatementExpression_ MethodInvocation_ MethodDeclaration_show FormalParameter_delay IfStatement_ MethodInvocation_ BlockStatement_ ReturnStatement_ StatementExpression_ MethodInvocation_ MethodDeclaration_run StatementExpression_ MethodInvocation_ StatementExpression_ MethodInvocation_ StatementExpression_ MethodInvocation_ MethodDeclaration_show StatementExpression_ MethodInvocation_ MethodDeclaration_dispose StatementExpression_ MethodInvocation_ StatementExpression_ IfStatement_ BlockStatement_ StatementExpression_ MethodInvocation_ MethodDeclaration_hide StatementExpression_ MethodInvocation_ MethodDeclaration_getDateFormatManager ReturnStatement_ MethodInvocation_ MethodDeclaration_setDateFormatManager FormalParameter_dfm StatementExpression_ MethodInvocation_ MethodDeclaration_getCallSystemExitOnClose ReturnStatement_ MethodDeclaration_setCallSystemExitOnClose FormalParameter_callSystemExitOnClose StatementExpression_ MethodDeclaration_addMessage FormalParameter_lr IfStatement_ BlockStatement_ ReturnStatement_ StatementExpression_ MethodInvocation_ MethodDeclaration_run StatementExpression_ MethodInvocation_ MethodInvocation_ StatementExpression_ MethodInvocation_ MethodInvocation_ StatementExpression_ MethodInvocation_ MethodDeclaration_setMaxNumberOfLogRecords FormalParameter_maxNumberOfLogRecords StatementExpression_ MethodInvocation_ MethodInvocation_ MethodDeclaration_getBaseFrame ReturnStatement_ MethodDeclaration_setTitle FormalParameter_title StatementExpression_ MethodInvocation_ MethodDeclaration_setFrameSize FormalParameter_width FormalParameter_height LocalVariableDeclaration_ MethodInvocation_ MethodInvocation_ IfStatement_ BlockStatement_ StatementExpression_ IfStatement_ BlockStatement_ StatementExpression_ StatementExpression_ MethodInvocation_ MethodDeclaration_setFontSize FormalParameter_fontSize StatementExpression_ MethodInvocation_ MethodDeclaration_addDisplayedProperty FormalParameter_messageLine StatementExpression_ MethodInvocation_ MethodDeclaration_getLogLevelMenuItems ReturnStatement_ MethodDeclaration_getLogTableColumnMenuItems ReturnStatement_ MethodDeclaration_getTableColumnMenuItem FormalParameter_column ReturnStatement_ MethodInvocation_ MethodDeclaration_getCategoryExplorerTree ReturnStatement_ MethodDeclaration_getNDCTextFilter ReturnStatement_ MethodDeclaration_setNDCLogRecordFilter FormalParameter_textFilter StatementExpression_ MethodInvocation_ MethodInvocation_ MethodInvocation_ MethodDeclaration_setSearchText FormalParameter_text StatementExpression_ MethodDeclaration_setNDCTextFilter FormalParameter_text IfStatement_ BlockStatement_ StatementExpression_ BlockStatement_ StatementExpression_ MethodDeclaration_sortByNDC LocalVariableDeclaration_ IfStatement_ MethodInvocation_ BlockStatement_ ReturnStatement_ StatementExpression_ MethodInvocation_ MethodInvocation_ MethodInvocation_ MethodDeclaration_findSearchText LocalVariableDeclaration_ IfStatement_ MethodInvocation_ BlockStatement_ ReturnStatement_ LocalVariableDeclaration_ MethodInvocation_ LocalVariableDeclaration_ MethodInvocation_ MethodInvocation_ MethodInvocation_ StatementExpression_ MethodInvocation_ MethodDeclaration_getFirstSelectedRow ReturnStatement_ MethodInvocation_ MethodInvocation_ MethodDeclaration_selectRow FormalParameter_foundRow IfStatement_ BlockStatement_ LocalVariableDeclaration_ StatementExpression_ MethodInvocation_ ReturnStatement_ StatementExpression_ MethodInvocation_ MethodDeclaration_findRecord FormalParameter_startRow FormalParameter_searchText FormalParameter_records IfStatement_ BlockStatement_ StatementExpression_ BlockStatement_ StatementExpression_ LocalVariableDeclaration_ MethodInvocation_ ForStatement_ VariableDeclaration_ BlockStatement_ IfStatement_ MethodInvocation_ MethodInvocation_ BlockStatement_ ReturnStatement_ StatementExpression_ ForStatement_ VariableDeclaration_ BlockStatement_ IfStatement_ MethodInvocation_ MethodInvocation_ BlockStatement_ ReturnStatement_ ReturnStatement_ MethodDeclaration_matches FormalParameter_record FormalParameter_text LocalVariableDeclaration_ MethodInvocation_ LocalVariableDeclaration_ MethodInvocation_ IfStatement_ BlockStatement_ ReturnStatement_ IfStatement_ MethodInvocation_ MethodInvocation_ MethodInvocation_ MethodInvocation_ MethodInvocation_ MethodInvocation_ BlockStatement_ ReturnStatement_ ReturnStatement_ MethodDeclaration_refresh FormalParameter_textArea LocalVariableDeclaration_ MethodInvocation_ StatementExpression_ MethodInvocation_ StatementExpression_ MethodInvocation_ MethodDeclaration_refreshDetailTextArea StatementExpression_ MethodInvocation_ MethodDeclaration_clearDetailTextArea StatementExpression_ MethodInvocation_ MethodDeclaration_changeFontSizeCombo FormalParameter_box FormalParameter_requestedSize LocalVariableDeclaration_ MethodInvocation_ LocalVariableDeclaration_ LocalVariableDeclaration_ LocalVariableDeclaration_ MethodInvocation_ LocalVariableDeclaration_ MethodInvocation_ MethodInvocation_ ForStatement_ VariableDeclaration_ BlockStatement_ StatementExpression_ MethodInvocation_ StatementExpression_ MethodInvocation_ MethodInvocation_ IfStatement_ BlockStatement_ StatementExpression_ StatementExpression_ StatementExpression_ MethodInvocation_ ReturnStatement_ MethodDeclaration_setFontSizeSilently FormalParameter_fontSize StatementExpression_ StatementExpression_ MethodInvocation_ StatementExpression_ MethodInvocation_ StatementExpression_ MethodInvocation_ MethodDeclaration_setFontSize FormalParameter_component FormalParameter_fontSize LocalVariableDeclaration_ MethodInvocation_ LocalVariableDeclaration_ MethodInvocation_ MethodInvocation_ StatementExpression_ MethodInvocation_ MethodDeclaration_updateFrameSize StatementExpression_ MethodInvocation_ StatementExpression_ MethodInvocation_ MethodDeclaration_pause FormalParameter_millis TryStatement_ StatementExpression_ MethodInvocation_ CatchClause_ CatchClauseParameter_e MethodDeclaration_initComponents LocalVariableDeclaration_ MethodInvocation_ StatementExpression_ StatementExpression_ MethodInvocation_ LocalVariableDeclaration_ LocalVariableDeclaration_ MethodInvocation_ MethodInvocation_ IfStatement_ BlockStatement_ StatementExpression_ MethodInvocation_ MethodInvocation_ StatementExpression_ MethodInvocation_ LocalVariableDeclaration_ MethodInvocation_ LocalVariableDeclaration_ StatementExpression_ StatementExpression_ MethodInvocation_ StatementExpression_ MethodInvocation_ StatementExpression_ IfStatement_ BlockStatement_ StatementExpression_ MethodInvocation_ MethodInvocation_ LocalVariableDeclaration_ StatementExpression_ MethodInvocation_ StatementExpression_ MethodInvocation_ StatementExpression_ MethodInvocation_ StatementExpression_ MethodInvocation_ StatementExpression_ MethodInvocation_ StatementExpression_ StatementExpression_ MethodInvocation_ MethodInvocation_ MethodInvocation_ LocalVariableDeclaration_ StatementExpression_ MethodInvocation_ StatementExpression_ LocalVariableDeclaration_ StatementExpression_ MethodInvocation_ StatementExpression_ MethodInvocation_ StatementExpression_ MethodInvocation_ StatementExpression_ MethodInvocation_ StatementExpression_ MethodInvocation_ MethodInvocation_ MethodInvocation_ StatementExpression_ MethodInvocation_ MethodInvocation_ StatementExpression_ MethodInvocation_ MethodInvocation_ MethodInvocation_ StatementExpression_ MethodInvocation_ MethodInvocation_ MethodInvocation_ StatementExpression_ MethodInvocation_ StatementExpression_ MethodInvocation_ StatementExpression_ MethodDeclaration_createLogRecordFilter LocalVariableDeclaration_ MethodDeclaration_passes FormalParameter_record LocalVariableDeclaration_ MethodInvocation_ ReturnStatement_ MethodInvocation_ MethodInvocation_ MethodInvocation_ MethodInvocation_ MethodInvocation_ ReturnStatement_ MethodDeclaration_createNDCLogRecordFilter FormalParameter_text StatementExpression_ LocalVariableDeclaration_ MethodDeclaration_passes FormalParameter_record LocalVariableDeclaration_ MethodInvocation_ LocalVariableDeclaration_ MethodInvocation_ IfStatement_ BlockStatement_ ReturnStatement_ IfStatement_ MethodInvocation_ MethodInvocation_ MethodInvocation_ BlockStatement_ ReturnStatement_ BlockStatement_ ReturnStatement_ MethodInvocation_ MethodInvocation_ MethodInvocation_ MethodInvocation_ MethodInvocation_ ReturnStatement_ MethodDeclaration_updateStatusLabel StatementExpression_ MethodInvocation_ MethodInvocation_ MethodDeclaration_getRecordsDisplayedMessage LocalVariableDeclaration_ MethodInvocation_ ReturnStatement_ MethodInvocation_ MethodInvocation_ MethodInvocation_ MethodDeclaration_addTableModelProperties LocalVariableDeclaration_ MethodInvocation_ StatementExpression_ MethodInvocation_ MethodDeclaration_toString ReturnStatement_ MethodInvocation_ StatementExpression_ MethodInvocation_ MethodDeclaration_toString ReturnStatement_ MethodDeclaration_getStatusText FormalParameter_displayedRows FormalParameter_totalRows LocalVariableDeclaration_ StatementExpression_ MethodInvocation_ StatementExpression_ MethodInvocation_ StatementExpression_ MethodInvocation_ StatementExpression_ MethodInvocation_ StatementExpression_ MethodInvocation_ ReturnStatement_ MethodInvocation_ MethodDeclaration_makeLogTableListenToCategoryExplorer LocalVariableDeclaration_ MethodDeclaration_actionPerformed FormalParameter_e StatementExpression_ MethodInvocation_ MethodInvocation_ StatementExpression_ MethodInvocation_ StatementExpression_ MethodInvocation_ MethodInvocation_ MethodDeclaration_createStatusArea LocalVariableDeclaration_ LocalVariableDeclaration_ StatementExpression_ StatementExpression_ MethodInvocation_ StatementExpression_ MethodInvocation_ MethodInvocation_ StatementExpression_ MethodInvocation_ StatementExpression_ MethodInvocation_ ReturnStatement_ MethodDeclaration_createDetailTextArea LocalVariableDeclaration_ StatementExpression_ MethodInvocation_ StatementExpression_ MethodInvocation_ StatementExpression_ MethodInvocation_ StatementExpression_ MethodInvocation_ ReturnStatement_ MethodDeclaration_createMenuBar LocalVariableDeclaration_ StatementExpression_ MethodInvocation_ MethodInvocation_ StatementExpression_ MethodInvocation_ MethodInvocation_ StatementExpression_ MethodInvocation_ MethodInvocation_ StatementExpression_ MethodInvocation_ MethodInvocation_ StatementExpression_ MethodInvocation_ MethodInvocation_ StatementExpression_ MethodInvocation_ MethodInvocation_ ReturnStatement_ MethodDeclaration_createLogLevelMenu LocalVariableDeclaration_ StatementExpression_ MethodInvocation_ LocalVariableDeclaration_ MethodInvocation_ WhileStatement_ MethodInvocation_ BlockStatement_ StatementExpression_ MethodInvocation_ MethodInvocation_ MethodInvocation_ StatementExpression_ MethodInvocation_ StatementExpression_ MethodInvocation_ MethodInvocation_ StatementExpression_ MethodInvocation_ MethodInvocation_ StatementExpression_ MethodInvocation_ StatementExpression_ MethodInvocation_ MethodInvocation_ StatementExpression_ MethodInvocation_ MethodInvocation_ ReturnStatement_ MethodDeclaration_createAllLogLevelsMenuItem LocalVariableDeclaration_ StatementExpression_ MethodInvocation_ StatementExpression_ MethodInvocation_ MethodDeclaration_actionPerformed FormalParameter_e StatementExpression_ MethodInvocation_ StatementExpression_ MethodInvocation_ MethodInvocation_ StatementExpression_ MethodInvocation_ ReturnStatement_ MethodDeclaration_createNoLogLevelsMenuItem LocalVariableDeclaration_ StatementExpression_ MethodInvocation_ StatementExpression_ MethodInvocation_ MethodDeclaration_actionPerformed FormalParameter_e StatementExpression_ MethodInvocation_ StatementExpression_ MethodInvocation_ MethodInvocation_ StatementExpression_ MethodInvocation_ ReturnStatement_ MethodDeclaration_createLogLevelColorMenu LocalVariableDeclaration_ StatementExpression_ MethodInvocation_ LocalVariableDeclaration_ MethodInvocation_ WhileStatement_ MethodInvocation_ BlockStatement_ StatementExpression_ MethodInvocation_ MethodInvocation_ MethodInvocation_ ReturnStatement_ MethodDeclaration_createResetLogLevelColorMenuItem LocalVariableDeclaration_ StatementExpression_ MethodInvocation_ StatementExpression_ MethodInvocation_ MethodDeclaration_actionPerformed FormalParameter_e StatementExpression_ MethodInvocation_ StatementExpression_ MethodInvocation_ MethodInvocation_ ReturnStatement_ MethodDeclaration_selectAllLogLevels FormalParameter_selected LocalVariableDeclaration_ MethodInvocation_ WhileStatement_ MethodInvocation_ BlockStatement_ StatementExpression_ MethodInvocation_ MethodInvocation_ MethodInvocation_ MethodDeclaration_getMenuItem FormalParameter_level LocalVariableDeclaration_ MethodInvocation_ IfStatement_ BlockStatement_ StatementExpression_ MethodInvocation_ StatementExpression_ MethodInvocation_ ReturnStatement_ MethodDeclaration_createSubMenuItem FormalParameter_level LocalVariableDeclaration_ MethodInvocation_ LocalVariableDeclaration_ StatementExpression_ MethodInvocation_ MethodInvocation_ MethodInvocation_ StatementExpression_ MethodInvocation_ MethodDeclaration_actionPerformed FormalParameter_e StatementExpression_ MethodInvocation_ ReturnStatement_ MethodDeclaration_showLogLevelColorChangeDialog FormalParameter_result FormalParameter_level LocalVariableDeclaration_ LocalVariableDeclaration_ MethodInvocation_ MethodInvocation_ IfStatement_ BlockStatement_ StatementExpression_ MethodInvocation_ StatementExpression_ MethodInvocation_ MethodInvocation_ MethodDeclaration_createMenuItem FormalParameter_level LocalVariableDeclaration_ MethodInvocation_ StatementExpression_ MethodInvocation_ StatementExpression_ MethodInvocation_ MethodInvocation_ MethodInvocation_ StatementExpression_ MethodInvocation_ MethodDeclaration_actionPerformed FormalParameter_e StatementExpression_ MethodInvocation_ MethodInvocation_ StatementExpression_ MethodInvocation_ ReturnStatement_ MethodDeclaration_createViewMenu LocalVariableDeclaration_ StatementExpression_ MethodInvocation_ LocalVariableDeclaration_ MethodInvocation_ WhileStatement_ MethodInvocation_ BlockStatement_ StatementExpression_ MethodInvocation_ MethodInvocation_ MethodInvocation_ StatementExpression_ MethodInvocation_ StatementExpression_ MethodInvocation_ MethodInvocation_ StatementExpression_ MethodInvocation_ MethodInvocation_ ReturnStatement_ MethodDeclaration_getLogTableColumnMenuItem FormalParameter_column LocalVariableDeclaration_ MethodInvocation_ IfStatement_ BlockStatement_ StatementExpression_ MethodInvocation_ StatementExpression_ MethodInvocation_ ReturnStatement_ MethodDeclaration_createLogTableColumnMenuItem FormalParameter_column LocalVariableDeclaration_ MethodInvocation_ StatementExpression_ MethodInvocation_ StatementExpression_ MethodInvocation_ MethodInvocation_ MethodInvocation_ StatementExpression_ MethodInvocation_ MethodDeclaration_actionPerformed FormalParameter_e LocalVariableDeclaration_ MethodInvocation_ StatementExpression_ MethodInvocation_ ReturnStatement_ MethodDeclaration_updateView LocalVariableDeclaration_ LocalVariableDeclaration_ MethodInvocation_ WhileStatement_ MethodInvocation_ BlockStatement_ LocalVariableDeclaration_ MethodInvocation_ LocalVariableDeclaration_ MethodInvocation_ IfStatement_ MethodInvocation_ BlockStatement_ StatementExpression_ MethodInvocation_ ReturnStatement_ MethodDeclaration_createAllLogTableColumnsMenuItem LocalVariableDeclaration_ StatementExpression_ MethodInvocation_ StatementExpression_ MethodInvocation_ MethodDeclaration_actionPerformed FormalParameter_e StatementExpression_ MethodInvocation_ LocalVariableDeclaration_ MethodInvocation_ StatementExpression_ MethodInvocation_ ReturnStatement_ MethodDeclaration_createNoLogTableColumnsMenuItem LocalVariableDeclaration_ StatementExpression_ MethodInvocation_ StatementExpression_ MethodInvocation_ MethodDeclaration_actionPerformed FormalParameter_e StatementExpression_ MethodInvocation_ LocalVariableDeclaration_ MethodInvocation_ StatementExpression_ MethodInvocation_ ReturnStatement_ MethodDeclaration_selectAllLogTableColumns FormalParameter_selected LocalVariableDeclaration_ MethodInvocation_ WhileStatement_ MethodInvocation_ BlockStatement_ StatementExpression_ MethodInvocation_ MethodInvocation_ MethodInvocation_ MethodDeclaration_createFileMenu LocalVariableDeclaration_ StatementExpression_ MethodInvocation_ LocalVariableDeclaration_ StatementExpression_ MethodInvocation_ MethodInvocation_ StatementExpression_ MethodInvocation_ MethodInvocation_ StatementExpression_ MethodInvocation_ StatementExpression_ MethodInvocation_ MethodInvocation_ StatementExpression_ MethodInvocation_ StatementExpression_ MethodInvocation_ StatementExpression_ MethodInvocation_ MethodInvocation_ ReturnStatement_ MethodDeclaration_createOpenMI LocalVariableDeclaration_ StatementExpression_ MethodInvocation_ StatementExpression_ MethodInvocation_ MethodDeclaration_actionPerformed FormalParameter_e StatementExpression_ MethodInvocation_ ReturnStatement_ MethodDeclaration_createOpenURLMI LocalVariableDeclaration_ StatementExpression_ MethodInvocation_ StatementExpression_ MethodInvocation_ MethodDeclaration_actionPerformed FormalParameter_e StatementExpression_ MethodInvocation_ ReturnStatement_ MethodDeclaration_createCloseMI LocalVariableDeclaration_ StatementExpression_ MethodInvocation_ StatementExpression_ MethodInvocation_ MethodInvocation_ StatementExpression_ MethodInvocation_ MethodDeclaration_actionPerformed FormalParameter_e StatementExpression_ MethodInvocation_ ReturnStatement_ MethodDeclaration_createMRUFileListMI FormalParameter_menu LocalVariableDeclaration_ MethodInvocation_ IfStatement_ BlockStatement_ StatementExpression_ MethodInvocation_ ForStatement_ VariableDeclaration_ BlockStatement_ LocalVariableDeclaration_ StatementExpression_ MethodInvocation_ StatementExpression_ MethodInvocation_ MethodDeclaration_actionPerformed FormalParameter_e StatementExpression_ MethodInvocation_ StatementExpression_ MethodInvocation_ MethodDeclaration_createExitMI LocalVariableDeclaration_ StatementExpression_ MethodInvocation_ StatementExpression_ MethodInvocation_ MethodDeclaration_actionPerformed FormalParameter_e StatementExpression_ MethodInvocation_ ReturnStatement_ MethodDeclaration_createConfigureMenu LocalVariableDeclaration_ StatementExpression_ MethodInvocation_ StatementExpression_ MethodInvocation_ MethodInvocation_ StatementExpression_ MethodInvocation_ MethodInvocation_ StatementExpression_ MethodInvocation_ MethodInvocation_ ReturnStatement_ MethodDeclaration_createConfigureSave LocalVariableDeclaration_ StatementExpression_ MethodInvocation_ StatementExpression_ MethodInvocation_ MethodDeclaration_actionPerformed FormalParameter_e StatementExpression_ MethodInvocation_ ReturnStatement_ MethodDeclaration_createConfigureReset LocalVariableDeclaration_ StatementExpression_ MethodInvocation_ StatementExpression_ MethodInvocation_ MethodDeclaration_actionPerformed FormalParameter_e StatementExpression_ MethodInvocation_ ReturnStatement_ MethodDeclaration_createConfigureMaxRecords LocalVariableDeclaration_ StatementExpression_ MethodInvocation_ StatementExpression_ MethodInvocation_ MethodDeclaration_actionPerformed FormalParameter_e StatementExpression_ MethodInvocation_ ReturnStatement_ MethodDeclaration_saveConfiguration StatementExpression_ MethodInvocation_ MethodDeclaration_resetConfiguration StatementExpression_ MethodInvocation_ MethodDeclaration_setMaxRecordConfiguration LocalVariableDeclaration_ MethodInvocation_ LocalVariableDeclaration_ MethodInvocation_ IfStatement_ BlockStatement_ TryStatement_ StatementExpression_ MethodInvocation_ MethodInvocation_ CatchClause_ CatchClauseParameter_e LocalVariableDeclaration_ MethodInvocation_ StatementExpression_ MethodInvocation_ MethodDeclaration_createHelpMenu LocalVariableDeclaration_ StatementExpression_ MethodInvocation_ StatementExpression_ MethodInvocation_ MethodInvocation_ StatementExpression_ MethodInvocation_ StatementExpression_ MethodInvocation_ MethodInvocation_ ReturnStatement_ MethodDeclaration_createHelpProperties LocalVariableDeclaration_ LocalVariableDeclaration_ StatementExpression_ MethodInvocation_ StatementExpression_ MethodInvocation_ MethodDeclaration_actionPerformed FormalParameter_e StatementExpression_ MethodInvocation_ ReturnStatement_ MethodDeclaration_showPropertiesDialog FormalParameter_title StatementExpression_ MethodInvocation_ MethodInvocation_ MethodDeclaration_createHelpAbout LocalVariableDeclaration_ StatementExpression_ MethodInvocation_ StatementExpression_ MethodInvocation_ FieldDeclaration_ MethodDeclaration_actionPerformed FormalParameter_e StatementExpression_ MethodInvocation_ ReturnStatement_ MethodDeclaration_createEditMenu LocalVariableDeclaration_ StatementExpression_ MethodInvocation_ StatementExpression_ MethodInvocation_ MethodInvocation_ StatementExpression_ MethodInvocation_ MethodInvocation_ StatementExpression_ MethodInvocation_ StatementExpression_ MethodInvocation_ MethodInvocation_ StatementExpression_ MethodInvocation_ MethodInvocation_ ReturnStatement_ MethodDeclaration_createEditFindNextMI LocalVariableDeclaration_ StatementExpression_ MethodInvocation_ StatementExpression_ MethodInvocation_ MethodInvocation_ StatementExpression_ MethodInvocation_ MethodDeclaration_actionPerformed FormalParameter_e StatementExpression_ MethodInvocation_ ReturnStatement_ MethodDeclaration_createEditFindMI LocalVariableDeclaration_ StatementExpression_ MethodInvocation_ StatementExpression_ MethodInvocation_ MethodInvocation_ StatementExpression_ MethodInvocation_ MethodDeclaration_actionPerformed FormalParameter_e LocalVariableDeclaration_ MethodInvocation_ StatementExpression_ MethodInvocation_ StatementExpression_ MethodInvocation_ ReturnStatement_ MethodDeclaration_createEditSortNDCMI LocalVariableDeclaration_ StatementExpression_ MethodInvocation_ StatementExpression_ MethodInvocation_ MethodDeclaration_actionPerformed FormalParameter_e LocalVariableDeclaration_ MethodInvocation_ StatementExpression_ MethodInvocation_ StatementExpression_ MethodInvocation_ StatementExpression_ MethodInvocation_ MethodInvocation_ StatementExpression_ MethodInvocation_ ReturnStatement_ MethodDeclaration_createEditRestoreAllNDCMI LocalVariableDeclaration_ StatementExpression_ MethodInvocation_ StatementExpression_ MethodInvocation_ MethodDeclaration_actionPerformed FormalParameter_e StatementExpression_ MethodInvocation_ MethodInvocation_ MethodInvocation_ StatementExpression_ MethodInvocation_ StatementExpression_ MethodInvocation_ MethodInvocation_ StatementExpression_ MethodInvocation_ ReturnStatement_ MethodDeclaration_createToolBar LocalVariableDeclaration_ StatementExpression_ MethodInvocation_ LocalVariableDeclaration_ LocalVariableDeclaration_ StatementExpression_ LocalVariableDeclaration_ MethodInvocation_ MethodInvocation_ LocalVariableDeclaration_ MethodInvocation_ LocalVariableDeclaration_ IfStatement_ BlockStatement_ StatementExpression_ LocalVariableDeclaration_ IfStatement_ BlockStatement_ StatementExpression_ MethodInvocation_ StatementExpression_ MethodInvocation_ StatementExpression_ MethodInvocation_ MethodDeclaration_actionPerformed FormalParameter_e StatementExpression_ MethodInvocation_ StatementExpression_ MethodInvocation_ MethodInvocation_ StatementExpression_ MethodInvocation_ StatementExpression_ MethodInvocation_ StatementExpression_ MethodInvocation_ LocalVariableDeclaration_ MethodInvocation_ LocalVariableDeclaration_ IfStatement_ BlockStatement_ StatementExpression_ MethodInvocation_ MethodInvocation_ BlockStatement_ StatementExpression_ MethodInvocation_ ForStatement_ VariableDeclaration_ BlockStatement_ StatementExpression_ MethodInvocation_ StatementExpression_ MethodInvocation_ StatementExpression_ MethodInvocation_ MethodDeclaration_actionPerformed FormalParameter_e LocalVariableDeclaration_ MethodInvocation_ LocalVariableDeclaration_ MethodInvocation_ StatementExpression_ MethodInvocation_ StatementExpression_ StatementExpression_ MethodInvocation_ StatementExpression_ MethodInvocation_ StatementExpression_ MethodInvocation_ StatementExpression_ MethodInvocation_ StatementExpression_ MethodInvocation_ StatementExpression_ MethodInvocation_ StatementExpression_ MethodInvocation_ StatementExpression_ MethodInvocation_ StatementExpression_ MethodInvocation_ MethodInvocation_ StatementExpression_ MethodInvocation_ MethodDeclaration_actionPerformed FormalParameter_e LocalVariableDeclaration_ MethodInvocation_ LocalVariableDeclaration_ MethodInvocation_ LocalVariableDeclaration_ MethodInvocation_ MethodInvocation_ StatementExpression_ MethodInvocation_ StatementExpression_ MethodInvocation_ StatementExpression_ StatementExpression_ MethodInvocation_ StatementExpression_ MethodInvocation_ StatementExpression_ MethodInvocation_ StatementExpression_ MethodInvocation_ StatementExpression_ MethodInvocation_ StatementExpression_ MethodInvocation_ StatementExpression_ MethodInvocation_ StatementExpression_ MethodInvocation_ StatementExpression_ MethodInvocation_ MethodInvocation_ StatementExpression_ MethodInvocation_ MethodInvocation_ ReturnStatement_ MethodDeclaration_setView FormalParameter_viewString FormalParameter_table IfStatement_ MethodInvocation_ BlockStatement_ StatementExpression_ MethodInvocation_ BlockStatement_ LocalVariableDeclaration_ ThrowStatement_ StatementExpression_ MethodDeclaration_createLogLevelCombo LocalVariableDeclaration_ LocalVariableDeclaration_ MethodInvocation_ WhileStatement_ MethodInvocation_ BlockStatement_ StatementExpression_ MethodInvocation_ MethodInvocation_ StatementExpression_ MethodInvocation_ StatementExpression_ MethodInvocation_ MethodDeclaration_actionPerformed FormalParameter_e LocalVariableDeclaration_ MethodInvocation_ LocalVariableDeclaration_ MethodInvocation_ StatementExpression_ MethodInvocation_ StatementExpression_ MethodInvocation_ MethodInvocation_ ReturnStatement_ MethodDeclaration_setLeastSevereDisplayedLogLevel FormalParameter_level IfStatement_ BlockStatement_ ReturnStatement_ StatementExpression_ StatementExpression_ MethodInvocation_ MethodInvocation_ StatementExpression_ MethodInvocation_ MethodDeclaration_trackTableScrollPane MethodDeclaration_centerFrame FormalParameter_frame LocalVariableDeclaration_ MethodInvocation_ MethodInvocation_ LocalVariableDeclaration_ MethodInvocation_ StatementExpression_ MethodInvocation_ MethodDeclaration_requestOpen LocalVariableDeclaration_ IfStatement_ BlockStatement_ StatementExpression_ BlockStatement_ StatementExpression_ LocalVariableDeclaration_ MethodInvocation_ IfStatement_ BlockStatement_ LocalVariableDeclaration_ MethodInvocation_ IfStatement_ MethodInvocation_ BlockStatement_ StatementExpression_ MethodInvocation_ StatementExpression_ MethodInvocation_ StatementExpression_ MethodInvocation_ MethodDeclaration_requestOpenURL LocalVariableDeclaration_ MethodInvocation_ LocalVariableDeclaration_ MethodInvocation_ IfStatement_ BlockStatement_ IfStatement_ MethodInvocation_ BlockStatement_ StatementExpression_ TryStatement_ LocalVariableDeclaration_ IfStatement_ MethodInvocation_ BlockStatement_ StatementExpression_ MethodInvocation_ StatementExpression_ MethodInvocation_ CatchClause_ CatchClauseParameter_e LocalVariableDeclaration_ MethodInvocation_ MethodDeclaration_updateMRUList LocalVariableDeclaration_ MethodInvocation_ MethodInvocation_ StatementExpression_ MethodInvocation_ StatementExpression_ MethodInvocation_ MethodInvocation_ StatementExpression_ MethodInvocation_ MethodInvocation_ StatementExpression_ MethodInvocation_ StatementExpression_ MethodInvocation_ MethodInvocation_ StatementExpression_ MethodInvocation_ StatementExpression_ MethodInvocation_ StatementExpression_ MethodInvocation_ MethodInvocation_ MethodDeclaration_requestClose StatementExpression_ MethodInvocation_ StatementExpression_ MethodInvocation_ MethodDeclaration_requestOpenMRU FormalParameter_e LocalVariableDeclaration_ MethodInvocation_ LocalVariableDeclaration_ LocalVariableDeclaration_ MethodInvocation_ MethodInvocation_ StatementExpression_ MethodInvocation_ TryStatement_ LocalVariableDeclaration_ MethodInvocation_ LocalVariableDeclaration_ MethodInvocation_ LocalVariableDeclaration_ StatementExpression_ MethodInvocation_ StatementExpression_ MethodInvocation_ StatementExpression_ MethodInvocation_ CatchClause_ CatchClauseParameter_me LocalVariableDeclaration_ MethodInvocation_ MethodDeclaration_requestExit StatementExpression_ MethodInvocation_ StatementExpression_ MethodInvocation_ StatementExpression_ MethodInvocation_ MethodDeclaration_closeAfterConfirm LocalVariableDeclaration_ IfStatement_ BlockStatement_ StatementExpression_ MethodInvocation_ StatementExpression_ MethodInvocation_ StatementExpression_ MethodInvocation_ StatementExpression_ MethodInvocation_ BlockStatement_ StatementExpression_ MethodInvocation_ StatementExpression_ MethodInvocation_ LocalVariableDeclaration_ IfStatement_ BlockStatement_ StatementExpression_ LocalVariableDeclaration_ MethodInvocation_ MethodInvocation_ IfStatement_ BlockStatement_ StatementExpression_ MethodInvocation_ MethodDeclaration_getLogLevels ReturnStatement_ MethodInvocation_ MethodDeclaration_getLogTableColumns ReturnStatement_ MethodInvocation_ MethodDeclaration_loadLogFile FormalParameter_file LocalVariableDeclaration_ TryStatement_ LocalVariableDeclaration_ StatementExpression_ MethodInvocation_ StatementExpression_ CatchClause_ CatchClauseParameter_e LocalVariableDeclaration_ MethodInvocation_ MethodInvocation_ ReturnStatement_ MethodDeclaration_loadLogFile FormalParameter_url LocalVariableDeclaration_ TryStatement_ LocalVariableDeclaration_ MethodInvocation_ StatementExpression_ MethodInvocation_ StatementExpression_ CatchClause_ CatchClauseParameter_e LocalVariableDeclaration_ MethodInvocation_ MethodInvocation_ ReturnStatement_ ClassDeclaration_LogBrokerMonitorWindowAdaptor FieldDeclaration_ ConstructorDeclaration_LogBrokerMonitorWindowAdaptor FormalParameter_monitor StatementExpression_ MethodDeclaration_windowClosing FormalParameter_ev StatementExpression_ MethodInvocation_,"package org apache log4j lf5 viewer import org apache log4j lf5 LogLevel import org apache log4j lf5 LogRecord import org apache log4j lf5 LogRecordFilter import org apache log4j lf5 util DateFormatManager import org apache log4j lf5 util LogFileParser import org apache log4j lf5 util ProductProperties import org apache log4j lf5 util StreamUtils import org apache log4j lf5 viewer categoryexplorer CategoryExplorerTree import org apache log4j lf5 viewer categoryexplorer CategoryPath import org apache log4j lf5 viewer configure ConfigurationManager import org apache log4j lf5 viewer configure MRUFileManager import javax swing import java awt import java awt event ActionEvent import java awt event ActionListener import java awt event WindowAdapter import java awt event WindowEvent import java io File import java io IOException import java io InputStream import java net MalformedURLException import java net URL import java util import java util List public class LogBrokerMonitor public static final String DETAILED_VIEW ""Detailed"" protected JFrame _logMonitorFrame protected int _logMonitorFrameWidth 550 protected int _logMonitorFrameHeight 500 protected LogTable _table protected CategoryExplorerTree _categoryExplorerTree protected String _searchText protected String _NDCTextFilter """" protected LogLevel _leastSevereDisplayedLogLevel LogLevel DEBUG protected JScrollPane _logTableScrollPane protected JLabel _statusLabel protected Object _lock new Object protected JComboBox _fontSizeCombo protected int _fontSize 10 protected String _fontName ""Dialog"" protected String _currentView DETAILED_VIEW protected boolean _loadSystemFonts false protected boolean _trackTableScrollPane true protected Dimension _lastTableViewportSize protected boolean _callSystemExitOnClose false protected List _displayedLogBrokerProperties new Vector protected Map _logLevelMenuItems new HashMap protected Map _logTableColumnMenuItems new HashMap protected List _levels null protected List _columns null protected boolean _isDisposed false protected ConfigurationManager _configurationManager null protected MRUFileManager _mruFileManager null protected File _fileLocation null public LogBrokerMonitor List logLevels _levels logLevels _columns LogTableColumn getLogTableColumns String callSystemExitOnClose System getProperty ""monitor.exit"" if callSystemExitOnClose null callSystemExitOnClose ""false"" callSystemExitOnClose callSystemExitOnClose trim toLowerCase if callSystemExitOnClose equals ""true"" _callSystemExitOnClose true initComponents _logMonitorFrame addWindowListener new LogBrokerMonitorWindowAdaptor this public void show final int delay if _logMonitorFrame isVisible return SwingUtilities invokeLater new Runnable public void run Thread yield pause delay _logMonitorFrame setVisible true public void show show 0 public void dispose _logMonitorFrame dispose _isDisposed true if _callSystemExitOnClose true System exit 0 public void hide _logMonitorFrame setVisible false public DateFormatManager getDateFormatManager return _table getDateFormatManager public void setDateFormatManager DateFormatManager dfm _table setDateFormatManager dfm public boolean getCallSystemExitOnClose return _callSystemExitOnClose public void setCallSystemExitOnClose boolean callSystemExitOnClose _callSystemExitOnClose callSystemExitOnClose public void addMessage final LogRecord lr if _isDisposed true return SwingUtilities invokeLater new Runnable public void run _categoryExplorerTree getExplorerModel addLogRecord lr _table getFilteredLogTableModel addLogRecord lr updateStatusLabel public void setMaxNumberOfLogRecords int maxNumberOfLogRecords _table getFilteredLogTableModel setMaxNumberOfLogRecords maxNumberOfLogRecords public JFrame getBaseFrame return _logMonitorFrame public void setTitle String title _logMonitorFrame setTitle title "" - LogFactor5"" public void setFrameSize int width int height Dimension screen Toolkit getDefaultToolkit getScreenSize if 0 width width screen width _logMonitorFrameWidth width if 0 height height screen height _logMonitorFrameHeight height updateFrameSize public void setFontSize int fontSize changeFontSizeCombo _fontSizeCombo fontSize public void addDisplayedProperty Object messageLine _displayedLogBrokerProperties add messageLine public Map getLogLevelMenuItems return _logLevelMenuItems public Map getLogTableColumnMenuItems return _logTableColumnMenuItems public JCheckBoxMenuItem getTableColumnMenuItem LogTableColumn column return getLogTableColumnMenuItem column public CategoryExplorerTree getCategoryExplorerTree return _categoryExplorerTree public String getNDCTextFilter return _NDCTextFilter public void setNDCLogRecordFilter String textFilter _table getFilteredLogTableModel setLogRecordFilter createNDCLogRecordFilter textFilter protected void setSearchText String text _searchText text protected void setNDCTextFilter String text if text null _NDCTextFilter """" else _NDCTextFilter text protected void sortByNDC String text _NDCTextFilter if text null text length 0 return _table getFilteredLogTableModel setLogRecordFilter createNDCLogRecordFilter text protected void findSearchText String text _searchText if text null text length 0 return int startRow getFirstSelectedRow int foundRow findRecord startRow text _table getFilteredLogTableModel getFilteredRecords selectRow foundRow protected int getFirstSelectedRow return _table getSelectionModel getMinSelectionIndex protected void selectRow int foundRow if foundRow 1 String message _searchText "" not found."" JOptionPane showMessageDialog _logMonitorFrame message ""Text not found"" JOptionPane INFORMATION_MESSAGE return LF5SwingUtils selectRow foundRow _table _logTableScrollPane protected int findRecord int startRow String searchText List records if startRow 0 startRow 0 else startRow int len records size for int i startRow i len i if matches LogRecord records get i searchText return i len startRow for int i 0 i len i if matches LogRecord records get i searchText return i return 1 protected boolean matches LogRecord record String text String message record getMessage String NDC record getNDC if message null NDC null text null return false if message toLowerCase indexOf text toLowerCase 1 NDC toLowerCase indexOf text toLowerCase 1 return false return true protected void refresh JTextArea textArea String text textArea getText textArea setText """" textArea setText text protected void refreshDetailTextArea refresh _table _detailTextArea protected void clearDetailTextArea _table _detailTextArea setText """" protected int changeFontSizeCombo JComboBox box int requestedSize int len box getItemCount int currentValue Object currentObject Object selectedObject box getItemAt 0 int selectedValue Integer parseInt String valueOf selectedObject for int i 0 i len i currentObject box getItemAt i currentValue Integer parseInt String valueOf currentObject if selectedValue currentValue currentValue requestedSize selectedValue currentValue selectedObject currentObject box setSelectedItem selectedObject return selectedValue protected void setFontSizeSilently int fontSize _fontSize fontSize setFontSize _table _detailTextArea fontSize selectRow 0 setFontSize _table fontSize protected void setFontSize Component component int fontSize Font oldFont component getFont Font newFont new Font oldFont getFontName oldFont getStyle fontSize component setFont newFont protected void updateFrameSize _logMonitorFrame setSize _logMonitorFrameWidth _logMonitorFrameHeight centerFrame _logMonitorFrame protected void pause int millis try Thread sleep millis catch InterruptedException e protected void initComponents ProductProperties props ProductProperties getInstance _logMonitorFrame new JFrame ""LogFactor5"" _logMonitorFrame setDefaultCloseOperation JFrame DO_NOTHING_ON_CLOSE String resource ""/org/apache/log4j/lf5/viewer/images/lf5_small_icon.gif"" URL lf5IconURL getClass getResource resource if lf5IconURL null _logMonitorFrame setIconImage new ImageIcon lf5IconURL getImage updateFrameSize JTextArea detailTA createDetailTextArea JScrollPane detailTAScrollPane new JScrollPane detailTA _table new LogTable detailTA setView _currentView _table _table setFont new Font _fontName Font PLAIN _fontSize _logTableScrollPane new JScrollPane _table if _trackTableScrollPane _logTableScrollPane getVerticalScrollBar addAdjustmentListener new TrackingAdjustmentListener JSplitPane tableViewerSplitPane new JSplitPane tableViewerSplitPane setOneTouchExpandable true tableViewerSplitPane setOrientation JSplitPane VERTICAL_SPLIT tableViewerSplitPane setLeftComponent _logTableScrollPane tableViewerSplitPane setRightComponent detailTAScrollPane tableViewerSplitPane setDividerLocation 350 _categoryExplorerTree new CategoryExplorerTree _table getFilteredLogTableModel setLogRecordFilter createLogRecordFilter JScrollPane categoryExplorerTreeScrollPane new JScrollPane _categoryExplorerTree categoryExplorerTreeScrollPane setPreferredSize new Dimension 130 400 _mruFileManager new MRUFileManager JSplitPane splitPane new JSplitPane splitPane setOneTouchExpandable true splitPane setRightComponent tableViewerSplitPane splitPane setLeftComponent categoryExplorerTreeScrollPane splitPane setDividerLocation 130 _logMonitorFrame getRootPane setJMenuBar createMenuBar _logMonitorFrame getContentPane add splitPane BorderLayout CENTER _logMonitorFrame getContentPane add createToolBar BorderLayout NORTH _logMonitorFrame getContentPane add createStatusArea BorderLayout SOUTH makeLogTableListenToCategoryExplorer addTableModelProperties _configurationManager new ConfigurationManager this _table protected LogRecordFilter createLogRecordFilter LogRecordFilter result new LogRecordFilter public boolean passes LogRecord record CategoryPath path new CategoryPath record getCategory return getMenuItem record getLevel isSelected _categoryExplorerTree getExplorerModel isCategoryPathActive path return result protected LogRecordFilter createNDCLogRecordFilter String text _NDCTextFilter text LogRecordFilter result new LogRecordFilter public boolean passes LogRecord record String NDC record getNDC CategoryPath path new CategoryPath record getCategory if NDC null _NDCTextFilter null return false else if NDC toLowerCase indexOf _NDCTextFilter toLowerCase 1 return false else return getMenuItem record getLevel isSelected _categoryExplorerTree getExplorerModel isCategoryPathActive path return result protected void updateStatusLabel _statusLabel setText getRecordsDisplayedMessage protected String getRecordsDisplayedMessage FilteredLogTableModel model _table getFilteredLogTableModel return getStatusText model getRowCount model getTotalRowCount protected void addTableModelProperties final FilteredLogTableModel model _table getFilteredLogTableModel addDisplayedProperty new Object public String toString return getRecordsDisplayedMessage addDisplayedProperty new Object public String toString return ""Maximum number of displayed LogRecords: "" model _maxNumberOfLogRecords protected String getStatusText int displayedRows int totalRows StringBuffer result new StringBuffer result append ""Displaying: "" result append displayedRows result append "" records out of a total of: "" result append totalRows result append "" records."" return result toString protected void makeLogTableListenToCategoryExplorer ActionListener listener new ActionListener public void actionPerformed ActionEvent e _table getFilteredLogTableModel refresh updateStatusLabel _categoryExplorerTree getExplorerModel addActionListener listener protected JPanel createStatusArea JPanel statusArea new JPanel JLabel status new JLabel ""No log records to display."" _statusLabel status status setHorizontalAlignment JLabel LEFT statusArea setBorder BorderFactory createEtchedBorder statusArea setLayout new FlowLayout FlowLayout LEFT 0 0 statusArea add status return statusArea protected JTextArea createDetailTextArea JTextArea detailTA new JTextArea detailTA setFont new Font ""Monospaced"" Font PLAIN 14 detailTA setTabSize 3 detailTA setLineWrap true detailTA setWrapStyleWord false return detailTA protected JMenuBar createMenuBar JMenuBar menuBar new JMenuBar menuBar add createFileMenu menuBar add createEditMenu menuBar add createLogLevelMenu menuBar add createViewMenu menuBar add createConfigureMenu menuBar add createHelpMenu return menuBar protected JMenu createLogLevelMenu JMenu result new JMenu ""Log Level"" result setMnemonic 'l' Iterator levels getLogLevels while levels hasNext result add getMenuItem LogLevel levels next result addSeparator result add createAllLogLevelsMenuItem result add createNoLogLevelsMenuItem result addSeparator result add createLogLevelColorMenu result add createResetLogLevelColorMenuItem return result protected JMenuItem createAllLogLevelsMenuItem JMenuItem result new JMenuItem ""Show all LogLevels"" result setMnemonic 's' result addActionListener new ActionListener public void actionPerformed ActionEvent e selectAllLogLevels true _table getFilteredLogTableModel refresh updateStatusLabel return result protected JMenuItem createNoLogLevelsMenuItem JMenuItem result new JMenuItem ""Hide all LogLevels"" result setMnemonic 'h' result addActionListener new ActionListener public void actionPerformed ActionEvent e selectAllLogLevels false _table getFilteredLogTableModel refresh updateStatusLabel return result protected JMenu createLogLevelColorMenu JMenu colorMenu new JMenu ""Configure LogLevel Colors"" colorMenu setMnemonic 'c' Iterator levels getLogLevels while levels hasNext colorMenu add createSubMenuItem LogLevel levels next return colorMenu protected JMenuItem createResetLogLevelColorMenuItem JMenuItem result new JMenuItem ""Reset LogLevel Colors"" result setMnemonic 'r' result addActionListener new ActionListener public void actionPerformed ActionEvent e LogLevel resetLogLevelColorMap _table getFilteredLogTableModel refresh return result protected void selectAllLogLevels boolean selected Iterator levels getLogLevels while levels hasNext getMenuItem LogLevel levels next setSelected selected protected JCheckBoxMenuItem getMenuItem LogLevel level JCheckBoxMenuItem result JCheckBoxMenuItem _logLevelMenuItems get level if result null result createMenuItem level _logLevelMenuItems put level result return result protected JMenuItem createSubMenuItem LogLevel level final JMenuItem result new JMenuItem level toString final LogLevel logLevel level result setMnemonic level toString charAt 0 result addActionListener new ActionListener public void actionPerformed ActionEvent e showLogLevelColorChangeDialog result logLevel return result protected void showLogLevelColorChangeDialog JMenuItem result LogLevel level JMenuItem menuItem result Color newColor JColorChooser showDialog _logMonitorFrame ""Choose LogLevel Color"" result getForeground if newColor null level setLogLevelColorMap level newColor _table getFilteredLogTableModel refresh protected JCheckBoxMenuItem createMenuItem LogLevel level JCheckBoxMenuItem result new JCheckBoxMenuItem level toString result setSelected true result setMnemonic level toString charAt 0 result addActionListener new ActionListener public void actionPerformed ActionEvent e _table getFilteredLogTableModel refresh updateStatusLabel return result protected JMenu createViewMenu JMenu result new JMenu ""View"" result setMnemonic 'v' Iterator columns getLogTableColumns while columns hasNext result add getLogTableColumnMenuItem LogTableColumn columns next result addSeparator result add createAllLogTableColumnsMenuItem result add createNoLogTableColumnsMenuItem return result protected JCheckBoxMenuItem getLogTableColumnMenuItem LogTableColumn column JCheckBoxMenuItem result JCheckBoxMenuItem _logTableColumnMenuItems get column if result null result createLogTableColumnMenuItem column _logTableColumnMenuItems put column result return result protected JCheckBoxMenuItem createLogTableColumnMenuItem LogTableColumn column JCheckBoxMenuItem result new JCheckBoxMenuItem column toString result setSelected true result setMnemonic column toString charAt 0 result addActionListener new ActionListener public void actionPerformed ActionEvent e List selectedColumns updateView _table setView selectedColumns return result protected List updateView ArrayList updatedList new ArrayList Iterator columnIterator _columns iterator while columnIterator hasNext LogTableColumn column LogTableColumn columnIterator next JCheckBoxMenuItem result getLogTableColumnMenuItem column if result isSelected updatedList add column return updatedList protected JMenuItem createAllLogTableColumnsMenuItem JMenuItem result new JMenuItem ""Show all Columns"" result setMnemonic 's' result addActionListener new ActionListener public void actionPerformed ActionEvent e selectAllLogTableColumns true List selectedColumns updateView _table setView selectedColumns return result protected JMenuItem createNoLogTableColumnsMenuItem JMenuItem result new JMenuItem ""Hide all Columns"" result setMnemonic 'h' result addActionListener new ActionListener public void actionPerformed ActionEvent e selectAllLogTableColumns false List selectedColumns updateView _table setView selectedColumns return result protected void selectAllLogTableColumns boolean selected Iterator columns getLogTableColumns while columns hasNext getLogTableColumnMenuItem LogTableColumn columns next setSelected selected protected JMenu createFileMenu JMenu fileMenu new JMenu ""File"" fileMenu setMnemonic 'f' JMenuItem exitMI fileMenu add createOpenMI fileMenu add createOpenURLMI fileMenu addSeparator fileMenu add createCloseMI createMRUFileListMI fileMenu fileMenu addSeparator fileMenu add createExitMI return fileMenu protected JMenuItem createOpenMI JMenuItem result new JMenuItem ""Open..."" result setMnemonic 'o' result addActionListener new ActionListener public void actionPerformed ActionEvent e requestOpen return result protected JMenuItem createOpenURLMI JMenuItem result new JMenuItem ""Open URL..."" result setMnemonic 'u' result addActionListener new ActionListener public void actionPerformed ActionEvent e requestOpenURL return result protected JMenuItem createCloseMI JMenuItem result new JMenuItem ""Close"" result setMnemonic 'c' result setAccelerator KeyStroke getKeyStroke ""control Q"" result addActionListener new ActionListener public void actionPerformed ActionEvent e requestClose return result protected void createMRUFileListMI JMenu menu String files _mruFileManager getMRUFileList if files null menu addSeparator for int i 0 i files length i JMenuItem result new JMenuItem i 1 "" "" files i result setMnemonic i 1 result addActionListener new ActionListener public void actionPerformed ActionEvent e requestOpenMRU e menu add result protected JMenuItem createExitMI JMenuItem result new JMenuItem ""Exit"" result setMnemonic 'x' result addActionListener new ActionListener public void actionPerformed ActionEvent e requestExit return result protected JMenu createConfigureMenu JMenu configureMenu new JMenu ""Configure"" configureMenu setMnemonic 'c' configureMenu add createConfigureSave configureMenu add createConfigureReset configureMenu add createConfigureMaxRecords return configureMenu protected JMenuItem createConfigureSave JMenuItem result new JMenuItem ""Save"" result setMnemonic 's' result addActionListener new ActionListener public void actionPerformed ActionEvent e saveConfiguration return result protected JMenuItem createConfigureReset JMenuItem result new JMenuItem ""Reset"" result setMnemonic 'r' result addActionListener new ActionListener public void actionPerformed ActionEvent e resetConfiguration return result protected JMenuItem createConfigureMaxRecords JMenuItem result new JMenuItem ""Set Max Number of Records"" result setMnemonic 'm' result addActionListener new ActionListener public void actionPerformed ActionEvent e setMaxRecordConfiguration return result protected void saveConfiguration _configurationManager save protected void resetConfiguration _configurationManager reset protected void setMaxRecordConfiguration LogFactor5InputDialog inputDialog new LogFactor5InputDialog getBaseFrame ""Set Max Number of Records"" """" 10 String temp inputDialog getText if temp null try setMaxNumberOfLogRecords Integer parseInt temp catch NumberFormatException e LogFactor5ErrorDialog error new LogFactor5ErrorDialog getBaseFrame ""'"" temp ""' is an invalid parameter.\nPlease try again."" setMaxRecordConfiguration protected JMenu createHelpMenu JMenu helpMenu new JMenu ""Help"" helpMenu setMnemonic 'h' helpMenu add createHelpProperties helpMenu addSeparator helpMenu add createHelpAbout return helpMenu protected JMenuItem createHelpProperties final String title ""LogFactor5 Properties"" final JMenuItem result new JMenuItem title result setMnemonic 'l' result addActionListener new ActionListener public void actionPerformed ActionEvent e showPropertiesDialog title return result protected void showPropertiesDialog String title JOptionPane showMessageDialog _logMonitorFrame _displayedLogBrokerProperties toArray title JOptionPane PLAIN_MESSAGE protected JMenuItem createHelpAbout JMenuItem aboutMI new JMenuItem ""About LogFactor5..."" aboutMI setMnemonic 'a' aboutMI addActionListener new ActionListener protected LogFactor5AboutDialog dialog new LogFactor5AboutDialog _logMonitorFrame public void actionPerformed ActionEvent e dialog show return aboutMI protected JMenu createEditMenu JMenu editMenu new JMenu ""Edit"" editMenu setMnemonic 'e' editMenu add createEditFindMI editMenu add createEditFindNextMI editMenu addSeparator editMenu add createEditSortNDCMI editMenu add createEditRestoreAllNDCMI return editMenu protected JMenuItem createEditFindNextMI JMenuItem editFindNextMI new JMenuItem ""Find Next"" editFindNextMI setMnemonic 'n' editFindNextMI setAccelerator KeyStroke getKeyStroke ""F3"" editFindNextMI addActionListener new ActionListener public void actionPerformed ActionEvent e findSearchText return editFindNextMI protected JMenuItem createEditFindMI JMenuItem editFindMI new JMenuItem ""Find"" editFindMI setMnemonic 'f' editFindMI setAccelerator KeyStroke getKeyStroke ""control F"" editFindMI addActionListener new ActionListener public void actionPerformed ActionEvent e String inputValue JOptionPane showInputDialog _logMonitorFrame ""Find text: "" ""Search Record Messages"" JOptionPane QUESTION_MESSAGE setSearchText inputValue findSearchText return editFindMI protected JMenuItem createEditSortNDCMI JMenuItem editSortNDCMI new JMenuItem ""Sort by NDC"" editSortNDCMI setMnemonic 's' editSortNDCMI addActionListener new ActionListener public void actionPerformed ActionEvent e String inputValue JOptionPane showInputDialog _logMonitorFrame ""Sort by this NDC: "" ""Sort Log Records by NDC"" JOptionPane QUESTION_MESSAGE setNDCTextFilter inputValue sortByNDC _table getFilteredLogTableModel refresh updateStatusLabel return editSortNDCMI protected JMenuItem createEditRestoreAllNDCMI JMenuItem editRestoreAllNDCMI new JMenuItem ""Restore all NDCs"" editRestoreAllNDCMI setMnemonic 'r' editRestoreAllNDCMI addActionListener new ActionListener public void actionPerformed ActionEvent e _table getFilteredLogTableModel setLogRecordFilter createLogRecordFilter setNDCTextFilter """" _table getFilteredLogTableModel refresh updateStatusLabel return editRestoreAllNDCMI protected JToolBar createToolBar JToolBar tb new JToolBar tb putClientProperty ""JToolBar.isRollover"" Boolean TRUE JComboBox fontCombo new JComboBox JComboBox fontSizeCombo new JComboBox _fontSizeCombo fontSizeCombo ClassLoader cl this getClass getClassLoader URL newIconURL cl getResource ""org/apache/log4j/viewer/"" ""images/channelexplorer_new.gif"" ImageIcon newIcon null if newIconURL null newIcon new ImageIcon newIconURL JButton newButton new JButton ""Clear Log Table"" if newIcon null newButton setIcon newIcon newButton setToolTipText ""Clear Log Table."" newButton addActionListener new ActionListener public void actionPerformed ActionEvent e _table clearLogRecords _categoryExplorerTree getExplorerModel resetAllNodeCounts updateStatusLabel clearDetailTextArea LogRecord resetSequenceNumber Toolkit tk Toolkit getDefaultToolkit String fonts if _loadSystemFonts fonts GraphicsEnvironment getLocalGraphicsEnvironment getAvailableFontFamilyNames else fonts tk getFontList for int j 0 j fonts length j fontCombo addItem fonts j fontCombo setSelectedItem _fontName fontCombo addActionListener new ActionListener public void actionPerformed ActionEvent e JComboBox box JComboBox e getSource String font String box getSelectedItem _table setFont new Font font Font PLAIN _fontSize _fontName font fontSizeCombo addItem ""8"" fontSizeCombo addItem ""9"" fontSizeCombo addItem ""10"" fontSizeCombo addItem ""12"" fontSizeCombo addItem ""14"" fontSizeCombo addItem ""16"" fontSizeCombo addItem ""18"" fontSizeCombo addItem ""24"" fontSizeCombo setSelectedItem String valueOf _fontSize fontSizeCombo addActionListener new ActionListener public void actionPerformed ActionEvent e JComboBox box JComboBox e getSource String size String box getSelectedItem int s Integer valueOf size intValue setFontSizeSilently s refreshDetailTextArea _fontSize s tb add new JLabel "" Font: "" tb add fontCombo tb add fontSizeCombo tb addSeparator tb addSeparator tb add newButton newButton setAlignmentY 0.5f newButton setAlignmentX 0.5f fontCombo setMaximumSize fontCombo getPreferredSize fontSizeCombo setMaximumSize fontSizeCombo getPreferredSize return tb protected void setView String viewString LogTable table if DETAILED_VIEW equals viewString table setDetailedView else String message viewString ""does not match a supported view."" throw new IllegalArgumentException message _currentView viewString protected JComboBox createLogLevelCombo JComboBox result new JComboBox Iterator levels getLogLevels while levels hasNext result addItem levels next result setSelectedItem _leastSevereDisplayedLogLevel result addActionListener new ActionListener public void actionPerformed ActionEvent e JComboBox box JComboBox e getSource LogLevel level LogLevel box getSelectedItem setLeastSevereDisplayedLogLevel level result setMaximumSize result getPreferredSize return result protected void setLeastSevereDisplayedLogLevel LogLevel level if level null _leastSevereDisplayedLogLevel level return _leastSevereDisplayedLogLevel level _table getFilteredLogTableModel refresh updateStatusLabel protected void trackTableScrollPane protected void centerFrame JFrame frame Dimension screen Toolkit getDefaultToolkit getScreenSize Dimension comp frame getSize frame setLocation screen width comp width 2 screen height comp height 2 protected void requestOpen JFileChooser chooser if _fileLocation null chooser new JFileChooser else chooser new JFileChooser _fileLocation int returnVal chooser showOpenDialog _logMonitorFrame if returnVal JFileChooser APPROVE_OPTION File f chooser getSelectedFile if loadLogFile f _fileLocation chooser getSelectedFile _mruFileManager set f updateMRUList protected void requestOpenURL LogFactor5InputDialog inputDialog new LogFactor5InputDialog getBaseFrame ""Open URL"" ""URL:"" String temp inputDialog getText if temp null if temp indexOf ""://"" 1 temp ""http://"" temp try URL url new URL temp if loadLogFile url _mruFileManager set url updateMRUList catch MalformedURLException e LogFactor5ErrorDialog error new LogFactor5ErrorDialog getBaseFrame ""Error reading URL."" protected void updateMRUList JMenu menu _logMonitorFrame getJMenuBar getMenu 0 menu removeAll menu add createOpenMI menu add createOpenURLMI menu addSeparator menu add createCloseMI createMRUFileListMI menu menu addSeparator menu add createExitMI protected void requestClose setCallSystemExitOnClose false closeAfterConfirm protected void requestOpenMRU ActionEvent e String file e getActionCommand StringTokenizer st new StringTokenizer file String num st nextToken trim file st nextToken ""\n"" try int index Integer parseInt num 1 InputStream in _mruFileManager getInputStream index LogFileParser lfp new LogFileParser in lfp parse this _mruFileManager moveToTop index updateMRUList catch Exception me LogFactor5ErrorDialog error new LogFactor5ErrorDialog getBaseFrame ""Unable to load file "" file protected void requestExit _mruFileManager save setCallSystemExitOnClose true closeAfterConfirm protected void closeAfterConfirm StringBuffer message new StringBuffer if _callSystemExitOnClose false message append ""Are you sure you want to close the logging "" message append ""console?\n"" message append ""(Note: This will not shut down the Virtual Machine,\n"" message append ""or the Swing event thread.)"" else message append ""Are you sure you want to exit?\n"" message append ""This will shut down the Virtual Machine.\n"" String title ""Are you sure you want to dispose of the Logging Console?"" if _callSystemExitOnClose true title ""Are you sure you want to exit?"" int value JOptionPane showConfirmDialog _logMonitorFrame message toString title JOptionPane OK_CANCEL_OPTION JOptionPane QUESTION_MESSAGE null if value JOptionPane OK_OPTION dispose protected Iterator getLogLevels return _levels iterator protected Iterator getLogTableColumns return _columns iterator protected boolean loadLogFile File file boolean ok false try LogFileParser lfp new LogFileParser file lfp parse this ok true catch IOException e LogFactor5ErrorDialog error new LogFactor5ErrorDialog getBaseFrame ""Error reading "" file getName return ok protected boolean loadLogFile URL url boolean ok false try LogFileParser lfp new LogFileParser url openStream lfp parse this ok true catch IOException e LogFactor5ErrorDialog error new LogFactor5ErrorDialog getBaseFrame ""Error reading URL:"" url getFile return ok class LogBrokerMonitorWindowAdaptor extends WindowAdapter protected LogBrokerMonitor _monitor public LogBrokerMonitorWindowAdaptor LogBrokerMonitor monitor _monitor monitor public void windowClosing WindowEvent ev _monitor requestClose"
org.apache.log4j.lf5.viewer.LogFactor5LoadingDialog,1,7,0,2,10,0,1,1,1,2.0,41,0.0,0,1.0,1.0,0,0,40.0,0,0.0,2,PackageDeclaration_org.apache.log4j.lf5.viewer ClassDeclaration_LogFactor5LoadingDialog ConstructorDeclaration_LogFactor5LoadingDialog FormalParameter_jframe FormalParameter_message StatementExpression_ LocalVariableDeclaration_ StatementExpression_ MethodInvocation_ LocalVariableDeclaration_ StatementExpression_ MethodInvocation_ StatementExpression_ MethodInvocation_ StatementExpression_ MethodInvocation_ MethodInvocation_ StatementExpression_ MethodInvocation_ MethodInvocation_ StatementExpression_ MethodInvocation_,"package org apache log4j lf5 viewer import javax swing import java awt public class LogFactor5LoadingDialog extends LogFactor5Dialog public LogFactor5LoadingDialog JFrame jframe String message super jframe ""LogFactor5"" false JPanel bottom new JPanel bottom setLayout new FlowLayout JPanel main new JPanel main setLayout new GridBagLayout wrapStringOnPanel message main getContentPane add main BorderLayout CENTER getContentPane add bottom BorderLayout SOUTH show"
org.apache.log4j.LogManager,12,1,0,21,36,0,11,11,11,0.893939394,159,0.333333333,1,0.0,0.121212121,0,0,11.75,1,0.8333,2,PackageDeclaration_org.apache.log4j ClassDeclaration_LogManager FieldDeclaration_ FieldDeclaration_ FieldDeclaration_ FieldDeclaration_ FieldDeclaration_ FieldDeclaration_ LocalVariableDeclaration_ StatementExpression_ LocalVariableDeclaration_ MethodInvocation_ IfStatement_ MethodInvocation_ BlockStatement_ LocalVariableDeclaration_ MethodInvocation_ LocalVariableDeclaration_ MethodInvocation_ LocalVariableDeclaration_ TryStatement_ StatementExpression_ CatchClause_ CatchClauseParameter_ex StatementExpression_ MethodInvocation_ IfStatement_ BlockStatement_ StatementExpression_ MethodInvocation_ StatementExpression_ MethodInvocation_ MethodInvocation_ BlockStatement_ StatementExpression_ MethodInvocation_ MethodDeclaration_setRepositorySelector FormalParameter_selector FormalParameter_guard IfStatement_ BlockStatement_ ThrowStatement_ IfStatement_ BlockStatement_ ThrowStatement_ StatementExpression_ StatementExpression_ MethodDeclaration_getLoggerRepository ReturnStatement_ MethodInvocation_ MethodDeclaration_getRootLogger ReturnStatement_ MethodInvocation_ MethodInvocation_ MethodDeclaration_getLogger FormalParameter_name ReturnStatement_ MethodInvocation_ MethodInvocation_ MethodDeclaration_getLogger FormalParameter_clazz ReturnStatement_ MethodInvocation_ MethodInvocation_ MethodInvocation_ MethodDeclaration_getLogger FormalParameter_name FormalParameter_factory ReturnStatement_ MethodInvocation_ MethodInvocation_ MethodDeclaration_exists FormalParameter_name ReturnStatement_ MethodInvocation_ MethodInvocation_ MethodDeclaration_getCurrentLoggers ReturnStatement_ MethodInvocation_ MethodInvocation_ MethodDeclaration_shutdown StatementExpression_ MethodInvocation_ MethodInvocation_ MethodDeclaration_resetConfiguration StatementExpression_ MethodInvocation_ MethodInvocation_,"package org apache log4j import org apache log4j spi LoggerRepository import org apache log4j spi LoggerFactory import org apache log4j spi RepositorySelector import org apache log4j spi DefaultRepositorySelector import org apache log4j spi RootCategory import org apache log4j helpers Loader import org apache log4j helpers OptionConverter import org apache log4j helpers LogLog import java net URL import java net MalformedURLException import java util Enumeration public class LogManager static public final String DEFAULT_CONFIGURATION_FILE ""log4j.properties"" static final public String DEFAULT_CONFIGURATION_KEY ""log4j.configuration"" static final public String CONFIGURATOR_CLASS_KEY ""log4j.configuratorClass"" public static final String DEFAULT_INIT_OVERRIDE_KEY ""log4j.defaultInitOverride"" static private Object guard null static private RepositorySelector repositorySelector static Hierarchy h new Hierarchy new RootCategory Level Level DEBUG repositorySelector new DefaultRepositorySelector h String override OptionConverter getSystemProperty DEFAULT_INIT_OVERRIDE_KEY null if override null ""false"" equalsIgnoreCase override String resource OptionConverter getSystemProperty DEFAULT_CONFIGURATION_KEY DEFAULT_CONFIGURATION_FILE String configuratorClassName OptionConverter getSystemProperty CONFIGURATOR_CLASS_KEY null URL url null try url new URL resource catch MalformedURLException ex url Loader getResource resource if url null LogLog debug ""Using URL ["" url ""] for automatic log4j configuration."" OptionConverter selectAndConfigure url configuratorClassName LogManager getLoggerRepository else LogLog debug ""Could not find resource: ["" resource ""]."" static public void setRepositorySelector RepositorySelector selector Object guard throws IllegalArgumentException if LogManager guard null LogManager guard guard throw new IllegalArgumentException ""Attempted to reset the LoggerFactory without possessing the guard."" if selector null throw new IllegalArgumentException ""RepositorySelector must be non-null."" LogManager guard guard LogManager repositorySelector selector static public LoggerRepository getLoggerRepository return repositorySelector getLoggerRepository public static Logger getRootLogger return repositorySelector getLoggerRepository getRootLogger public static Logger getLogger String name return repositorySelector getLoggerRepository getLogger name public static Logger getLogger Class clazz return repositorySelector getLoggerRepository getLogger clazz getName public static Logger getLogger String name LoggerFactory factory return repositorySelector getLoggerRepository getLogger name factory public static Logger exists String name return repositorySelector getLoggerRepository exists name public static Enumeration getCurrentLoggers return repositorySelector getLoggerRepository getCurrentLoggers public static void shutdown repositorySelector getLoggerRepository shutdown public static void resetConfiguration repositorySelector getLoggerRepository resetConfiguration"
org.apache.log4j.net.test.SyslogMin,7,1,0,4,29,17,0,4,2,0.666666667,154,0.0,1,0.0,0.333333333,0,0,20.71428571,2,1.0,2,PackageDeclaration_org.apache.log4j.net.test ClassDeclaration_SyslogMin FieldDeclaration_ MethodInvocation_ MethodInvocation_ MethodDeclaration_main FormalParameter_argv IfStatement_ BlockStatement_ StatementExpression_ MethodInvocation_ BlockStatement_ StatementExpression_ MethodInvocation_ StatementExpression_ MethodInvocation_ MethodDeclaration_Usage FormalParameter_msg StatementExpression_ MethodInvocation_ StatementExpression_ MethodInvocation_ StatementExpression_ MethodInvocation_ MethodDeclaration_ProgramInit FormalParameter_configFile LocalVariableDeclaration_ StatementExpression_ MethodInvocation_ MethodDeclaration_test FormalParameter_host StatementExpression_ MethodInvocation_ LocalVariableDeclaration_ StatementExpression_ MethodInvocation_ StatementExpression_ MethodInvocation_ StatementExpression_ MethodInvocation_ StatementExpression_ MethodInvocation_ StatementExpression_ MethodInvocation_ StatementExpression_ MethodInvocation_,"package org apache log4j net test import org apache log4j Category import org apache log4j PropertyConfigurator import org apache log4j Priority import org apache log4j NDC public class SyslogMin static Category CAT Category getInstance SyslogMin class getName public static void main String argv if argv length 1 ProgramInit argv 0 else Usage ""Wrong number of arguments."" test ""someHost"" static void Usage String msg System err println msg System err println ""Usage: java "" SyslogMin class "" configFile"" System exit 1 static void ProgramInit String configFile int port 0 PropertyConfigurator configure configFile static void test String host NDC push host int i 0 CAT debug ""Message "" i CAT info ""Message "" i CAT warn ""Message "" i CAT error ""Message "" i CAT log Priority FATAL ""Message "" i CAT debug ""Message "" i new Exception ""Just testing."""
org.apache.log4j.varia.test.Loop,7,1,0,2,24,15,0,2,2,0.611111111,117,0.0,1,0.0,0.277777778,0,0,15.28571429,2,1.1429,2,PackageDeclaration_org.apache.log4j.net.test ClassDeclaration_Loop MethodDeclaration_main FormalParameter_args LocalVariableDeclaration_ MethodInvocation_ LocalVariableDeclaration_ MethodInvocation_ MethodInvocation_ IfStatement_ StatementExpression_ MethodInvocation_ LocalVariableDeclaration_ LocalVariableDeclaration_ TryStatement_ StatementExpression_ MethodInvocation_ MethodInvocation_ CatchClause_ CatchClauseParameter_e StatementExpression_ MethodInvocation_ LocalVariableDeclaration_ LocalVariableDeclaration_ LocalVariableDeclaration_ StatementExpression_ MethodInvocation_ StatementExpression_ MethodInvocation_ LocalVariableDeclaration_ WhileStatement_ BlockStatement_ StatementExpression_ MethodInvocation_ StatementExpression_ MethodInvocation_ StatementExpression_ MethodInvocation_ StatementExpression_ MethodInvocation_ MethodDeclaration_usage FormalParameter_msg StatementExpression_ MethodInvocation_ StatementExpression_ MethodInvocation_ MethodInvocation_ StatementExpression_ MethodInvocation_,"package org apache log4j net test import org apache log4j import org apache log4j net SocketAppender public class Loop public static void main String args Category root Category getRoot Category cat Category getInstance Loop class getName if args length 2 usage ""Wrong number of arguments."" String host args 0 int port 0 try port Integer valueOf args 1 intValue catch NumberFormatException e usage ""Argument ["" args 1 ""] is not in proper int form."" SocketAppender sa new SocketAppender host port Layout layout new PatternLayout ""%5p [%t] %x %c - %m\n"" Appender so new ConsoleAppender layout ""System.out"" root addAppender sa root addAppender so int i 0 while true NDC push """" i cat debug ""Debug message."" root info ""Info message."" NDC pop static void usage String msg System err println msg System err println ""Usage: java "" Loop class getName "" host port"" System exit 1"
org.apache.log4j.lf5.LF5Appender,15,2,0,12,43,83,1,11,10,0.738095238,187,1.0,3,0.580645161,0.142857143,1,1,11.26666667,4,1.2,2,PackageDeclaration_org.apache.log4j.lf5 ClassDeclaration_LF5Appender FieldDeclaration_ FieldDeclaration_ FieldDeclaration_ ConstructorDeclaration_LF5Appender StatementExpression_ MethodInvocation_ ConstructorDeclaration_LF5Appender FormalParameter_monitor IfStatement_ BlockStatement_ StatementExpression_ MethodDeclaration_append FormalParameter_event LocalVariableDeclaration_ LocalVariableDeclaration_ MethodInvocation_ LocalVariableDeclaration_ MethodInvocation_ LocalVariableDeclaration_ MethodInvocation_ LocalVariableDeclaration_ MethodInvocation_ LocalVariableDeclaration_ LocalVariableDeclaration_ MethodInvocation_ LocalVariableDeclaration_ StatementExpression_ MethodInvocation_ StatementExpression_ MethodInvocation_ StatementExpression_ MethodInvocation_ StatementExpression_ MethodInvocation_ StatementExpression_ MethodInvocation_ IfStatement_ BlockStatement_ StatementExpression_ MethodInvocation_ BlockStatement_ StatementExpression_ MethodInvocation_ IfStatement_ MethodInvocation_ BlockStatement_ StatementExpression_ MethodInvocation_ MethodInvocation_ TryStatement_ StatementExpression_ MethodInvocation_ MethodInvocation_ CatchClause_ CatchClauseParameter_e StatementExpression_ MethodInvocation_ IfStatement_ BlockStatement_ StatementExpression_ MethodInvocation_ MethodDeclaration_close MethodDeclaration_requiresLayout ReturnStatement_ MethodDeclaration_setCallSystemExitOnClose FormalParameter_callSystemExitOnClose StatementExpression_ MethodInvocation_ MethodDeclaration_equals FormalParameter_compareTo ReturnStatement_ MethodInvocation_ MethodDeclaration_getLogBrokerMonitor ReturnStatement_ MethodDeclaration_main FormalParameter_args StatementExpression_ MethodDeclaration_setMaxNumberOfRecords FormalParameter_maxNumberOfRecords StatementExpression_ MethodInvocation_ MethodDeclaration_getDefaultInstance IfStatement_ BlockStatement_ TryStatement_ StatementExpression_ MethodInvocation_ StatementExpression_ StatementExpression_ MethodInvocation_ MethodInvocation_ MethodInvocation_ StatementExpression_ MethodInvocation_ StatementExpression_ MethodInvocation_ CatchClause_ CatchClauseParameter_e StatementExpression_ ReturnStatement_ MethodDeclaration_getScreenWidth TryStatement_ ReturnStatement_ MethodInvocation_ MethodInvocation_ CatchClause_ CatchClauseParameter_t ReturnStatement_ MethodDeclaration_getScreenHeight TryStatement_ ReturnStatement_ MethodInvocation_ MethodInvocation_ CatchClause_ CatchClauseParameter_t ReturnStatement_ MethodDeclaration_getDefaultMonitorWidth ReturnStatement_ MethodInvocation_ MethodDeclaration_getDefaultMonitorHeight ReturnStatement_ MethodInvocation_,"package org apache log4j lf5 import org apache log4j lf5 util Resource import org apache log4j lf5 viewer LogBrokerMonitor import org apache log4j AppenderSkeleton import org apache log4j spi LocationInfo import org apache log4j spi LoggingEvent import java awt public class LF5Appender extends AppenderSkeleton protected LogBrokerMonitor _logMonitor protected static LogBrokerMonitor _defaultLogMonitor protected static AppenderFinalizer _finalizer public LF5Appender this getDefaultInstance public LF5Appender LogBrokerMonitor monitor if monitor null _logMonitor monitor public void append LoggingEvent event String category event categoryName String logMessage event getRenderedMessage String nestedDiagnosticContext event getNDC String threadDescription event getThreadName String level event level toString long time event timeStamp LocationInfo locationInfo event getLocationInformation Log4JLogRecord record new Log4JLogRecord record setCategory category record setMessage logMessage record setLocation locationInfo fullInfo record setMillis time record setThreadDescription threadDescription if nestedDiagnosticContext null record setNDC nestedDiagnosticContext else record setNDC """" if event getThrowableInformation null record setThrownStackTrace event getThrowableInformation try record setLevel LogLevel valueOf level catch LogLevelFormatException e record setLevel LogLevel WARN if _logMonitor null _logMonitor addMessage record public void close public boolean requiresLayout return false public void setCallSystemExitOnClose boolean callSystemExitOnClose _logMonitor setCallSystemExitOnClose callSystemExitOnClose public boolean equals LF5Appender compareTo return _logMonitor compareTo getLogBrokerMonitor public LogBrokerMonitor getLogBrokerMonitor return _logMonitor public static void main String args new LF5Appender public void setMaxNumberOfRecords int maxNumberOfRecords _defaultLogMonitor setMaxNumberOfLogRecords maxNumberOfRecords protected static synchronized LogBrokerMonitor getDefaultInstance if _defaultLogMonitor null try _defaultLogMonitor new LogBrokerMonitor LogLevel getLog4JLevels _finalizer new AppenderFinalizer _defaultLogMonitor _defaultLogMonitor setFrameSize getDefaultMonitorWidth getDefaultMonitorHeight _defaultLogMonitor setFontSize 12 _defaultLogMonitor show catch SecurityException e _defaultLogMonitor null return _defaultLogMonitor protected static int getScreenWidth try return Toolkit getDefaultToolkit getScreenSize width catch Throwable t return 800 protected static int getScreenHeight try return Toolkit getDefaultToolkit getScreenSize height catch Throwable t return 600 protected static int getDefaultMonitorWidth return 3 getScreenWidth 4 protected static int getDefaultMonitorHeight return 3 getScreenHeight 4"
org.apache.log4j.Appender,12,1,0,32,12,66,29,4,12,2.0,12,0.0,0,0.0,0.236111111,0,0,0.0,1,1.0,2,PackageDeclaration_org.apache.log4j InterfaceDeclaration_Appender MethodDeclaration_addFilter FormalParameter_newFilter MethodDeclaration_getFilter MethodDeclaration_clearFilters MethodDeclaration_close MethodDeclaration_doAppend FormalParameter_event MethodDeclaration_getName MethodDeclaration_setErrorHandler FormalParameter_errorHandler MethodDeclaration_getErrorHandler MethodDeclaration_setLayout FormalParameter_layout MethodDeclaration_getLayout MethodDeclaration_setName FormalParameter_name MethodDeclaration_requiresLayout,package org apache log4j import org apache log4j spi Filter import org apache log4j spi ErrorHandler import org apache log4j spi LoggingEvent public interface Appender void addFilter Filter newFilter public Filter getFilter public void clearFilters public void close public void doAppend LoggingEvent event public String getName public void setErrorHandler ErrorHandler errorHandler public ErrorHandler getErrorHandler public void setLayout Layout layout public Layout getLayout public void setName String name public boolean requiresLayout
org.apache.log4j.spi.RendererSupport,2,1,0,7,2,1,6,2,2,2.0,2,0.0,0,0.0,0.666666667,0,0,0.0,1,1.0,3,PackageDeclaration_org.apache.log4j.spi InterfaceDeclaration_RendererSupport MethodDeclaration_getRendererMap MethodDeclaration_setRenderer FormalParameter_renderedClass FormalParameter_renderer,package org apache log4j spi import org apache log4j import org apache log4j or RendererMap import org apache log4j or ObjectRenderer public interface RendererSupport public RendererMap getRendererMap public void setRenderer Class renderedClass ObjectRenderer renderer
org.apache.log4j.spi.Filter,3,1,3,8,4,3,6,2,3,1.5,11,0.0,1,0.0,0.666666667,0,0,1.333333333,1,0.6667,4,PackageDeclaration_org.apache.log4j.spi ClassDeclaration_Filter FieldDeclaration_ FieldDeclaration_ FieldDeclaration_ FieldDeclaration_ MethodDeclaration_activateOptions MethodDeclaration_decide FormalParameter_event,package org apache log4j spi import org apache log4j spi LoggingEvent public abstract class Filter implements OptionHandler public Filter next public static final int DENY 1 public static final int NEUTRAL 0 public static final int ACCEPT 1 public void activateOptions abstract public int decide LoggingEvent event
org.apache.log4j.lf5.viewer.LogTableModel,2,3,0,0,3,1,0,0,2,2.0,9,0.0,0,0.98,0.833333333,0,0,3.5,1,0.5,3,PackageDeclaration_org.apache.log4j.lf5.viewer ClassDeclaration_LogTableModel ConstructorDeclaration_LogTableModel FormalParameter_colNames FormalParameter_numRows StatementExpression_ MethodDeclaration_isCellEditable FormalParameter_row FormalParameter_column ReturnStatement_,package org apache log4j lf5 viewer import javax swing table DefaultTableModel public class LogTableModel extends DefaultTableModel public LogTableModel Object colNames int numRows super colNames numRows public boolean isCellEditable int row int column return false
org.apache.log4j.helpers.FormattingInfo,3,1,0,10,10,0,9,1,1,0.0,49,0.0,0,0.0,1.0,0,0,14.33333333,1,0.6667,2,PackageDeclaration_org.apache.log4j.helpers ClassDeclaration_FormattingInfo FieldDeclaration_ FieldDeclaration_ FieldDeclaration_ MethodDeclaration_reset StatementExpression_ StatementExpression_ StatementExpression_ MethodDeclaration_dump StatementExpression_ MethodInvocation_,"package org apache log4j helpers public class FormattingInfo int min 1 int max 0x7FFFFFFF boolean leftAlign false void reset min 1 max 0x7FFFFFFF leftAlign false void dump LogLog debug ""min="" min "", max="" max "", leftAlign="" leftAlign"
org.apache.log4j.net.SocketAppender,20,2,0,8,43,82,3,6,16,0.837320574,334,0.181818182,1,0.514285714,0.2,1,2,15.15,6,1.35,7,PackageDeclaration_org.apache.log4j.net ClassDeclaration_SocketAppender FieldDeclaration_ FieldDeclaration_ FieldDeclaration_ FieldDeclaration_ FieldDeclaration_ FieldDeclaration_ FieldDeclaration_ FieldDeclaration_ FieldDeclaration_ FieldDeclaration_ FieldDeclaration_ ConstructorDeclaration_SocketAppender ConstructorDeclaration_SocketAppender FormalParameter_address FormalParameter_port StatementExpression_ StatementExpression_ MethodInvocation_ StatementExpression_ StatementExpression_ MethodInvocation_ ConstructorDeclaration_SocketAppender FormalParameter_host FormalParameter_port StatementExpression_ StatementExpression_ MethodInvocation_ StatementExpression_ StatementExpression_ MethodInvocation_ MethodDeclaration_activateOptions StatementExpression_ MethodInvocation_ MethodDeclaration_close IfStatement_ ReturnStatement_ StatementExpression_ StatementExpression_ MethodInvocation_ MethodDeclaration_cleanUp IfStatement_ BlockStatement_ TryStatement_ StatementExpression_ MethodInvocation_ CatchClause_ CatchClauseParameter_e StatementExpression_ MethodInvocation_ StatementExpression_ IfStatement_ BlockStatement_ StatementExpression_ StatementExpression_ MethodDeclaration_connect FormalParameter_address FormalParameter_port IfStatement_ ReturnStatement_ TryStatement_ StatementExpression_ MethodInvocation_ StatementExpression_ MethodInvocation_ CatchClause_ CatchClauseParameter_e StatementExpression_ MethodInvocation_ MethodInvocation_ StatementExpression_ MethodInvocation_ MethodDeclaration_append FormalParameter_event IfStatement_ ReturnStatement_ IfStatement_ BlockStatement_ StatementExpression_ MethodInvocation_ ReturnStatement_ IfStatement_ BlockStatement_ TryStatement_ IfStatement_ BlockStatement_ StatementExpression_ MethodInvocation_ StatementExpression_ MethodInvocation_ StatementExpression_ MethodInvocation_ IfStatement_ BlockStatement_ StatementExpression_ StatementExpression_ MethodInvocation_ CatchClause_ CatchClauseParameter_e StatementExpression_ StatementExpression_ MethodInvocation_ IfStatement_ BlockStatement_ StatementExpression_ MethodInvocation_ MethodDeclaration_fireConnector IfStatement_ BlockStatement_ StatementExpression_ MethodInvocation_ StatementExpression_ StatementExpression_ MethodInvocation_ StatementExpression_ MethodInvocation_ StatementExpression_ MethodInvocation_ MethodDeclaration_getAddressByName FormalParameter_host TryStatement_ ReturnStatement_ MethodInvocation_ CatchClause_ CatchClauseParameter_e StatementExpression_ MethodInvocation_ ReturnStatement_ MethodDeclaration_requiresLayout ReturnStatement_ MethodDeclaration_setRemoteHost FormalParameter_host StatementExpression_ MethodInvocation_ StatementExpression_ MethodDeclaration_getRemoteHost ReturnStatement_ MethodDeclaration_setPort FormalParameter_port StatementExpression_ MethodDeclaration_getPort ReturnStatement_ MethodDeclaration_setLocationInfo FormalParameter_locationInfo StatementExpression_ MethodDeclaration_getLocationInfo ReturnStatement_ MethodDeclaration_setReconnectionDelay FormalParameter_delay StatementExpression_ MethodDeclaration_getReconnectionDelay ReturnStatement_ ClassDeclaration_Connector FieldDeclaration_ MethodDeclaration_run LocalVariableDeclaration_ WhileStatement_ BlockStatement_ TryStatement_ StatementExpression_ MethodInvocation_ StatementExpression_ MethodInvocation_ MethodInvocation_ StatementExpression_ SynchronizedStatement_ StatementExpression_ MethodInvocation_ StatementExpression_ BreakStatement_ CatchClause_ CatchClauseParameter_e StatementExpression_ MethodInvocation_ ReturnStatement_ CatchClause_ CatchClauseParameter_e StatementExpression_ MethodInvocation_ MethodInvocation_ CatchClause_ CatchClauseParameter_e StatementExpression_ MethodInvocation_ MethodInvocation_,"package org apache log4j net import java net InetAddress import java net Socket import java io IOException import java io ObjectOutputStream import java io ObjectOutputStream import org apache log4j helpers LogLog import org apache log4j spi LoggingEvent import org apache log4j AppenderSkeleton public class SocketAppender extends AppenderSkeleton static final int DEFAULT_PORT 4560 static final int DEFAULT_RECONNECTION_DELAY 30000 String remoteHost InetAddress address int port DEFAULT_PORT ObjectOutputStream oos int reconnectionDelay DEFAULT_RECONNECTION_DELAY boolean locationInfo false private Connector connector int counter 0 private static final int RESET_FREQUENCY 1 public SocketAppender public SocketAppender InetAddress address int port this address address this remoteHost address getHostName this port port connect address port public SocketAppender String host int port this port port this address getAddressByName host this remoteHost host connect address port public void activateOptions connect address port synchronized public void close if closed return this closed true cleanUp public void cleanUp if oos null try oos close catch IOException e LogLog error ""Could not close oos."" e oos null if connector null connector interrupted true connector null void connect InetAddress address int port if this address null return try cleanUp oos new ObjectOutputStream new Socket address port getOutputStream catch IOException e LogLog error ""Could not connect to remote log4j server at ["" address getHostName ""]. We will try again later."" e fireConnector public void append LoggingEvent event if event null return if address null errorHandler error ""No remote host is set for SocketAppender named \"""" this name ""\""."" return if oos null try if locationInfo event getLocationInformation oos writeObject event oos flush if counter RESET_FREQUENCY counter 0 oos reset catch IOException e oos null LogLog warn ""Detected problem with connection: "" e if reconnectionDelay 0 fireConnector void fireConnector if connector null LogLog debug ""Starting a new connector thread."" connector new Connector connector setDaemon true connector setPriority Thread MIN_PRIORITY connector start static InetAddress getAddressByName String host try return InetAddress getByName host catch Exception e LogLog error ""Could not find address of ["" host ""]."" e return null public boolean requiresLayout return false public void setRemoteHost String host address getAddressByName host remoteHost host public String getRemoteHost return remoteHost public void setPort int port this port port public int getPort return port public void setLocationInfo boolean locationInfo this locationInfo locationInfo public boolean getLocationInfo return locationInfo public void setReconnectionDelay int delay this reconnectionDelay delay public int getReconnectionDelay return reconnectionDelay class Connector extends Thread boolean interrupted false public void run Socket socket while interrupted try sleep reconnectionDelay LogLog debug ""Attempting connection to "" address getHostName socket new Socket address port synchronized this oos new ObjectOutputStream socket getOutputStream connector null break catch InterruptedException e LogLog debug ""Connector interrupted. Leaving loop."" return catch java net ConnectException e LogLog debug ""Remote host "" address getHostName "" refused connection."" catch IOException e LogLog debug ""Could not connect to "" address getHostName "". Exception is "" e"
org.apache.log4j.test.DelayedLoop,7,1,0,3,25,17,0,3,2,0.833333333,105,0.0,1,0.0,0.277777778,0,0,13.57142857,2,1.1429,1,PackageDeclaration_org.apache.log4j.test ClassDeclaration_DelayedLoop FieldDeclaration_ MethodInvocation_ FieldDeclaration_ MethodDeclaration_main FormalParameter_argv IfStatement_ StatementExpression_ MethodInvocation_ StatementExpression_ MethodInvocation_ StatementExpression_ MethodInvocation_ MethodDeclaration_usage FormalParameter_msg StatementExpression_ MethodInvocation_ StatementExpression_ MethodInvocation_ MethodInvocation_ StatementExpression_ MethodInvocation_ MethodDeclaration_init FormalParameter_configFile IfStatement_ MethodInvocation_ BlockStatement_ StatementExpression_ MethodInvocation_ BlockStatement_ StatementExpression_ MethodInvocation_ MethodDeclaration_test LocalVariableDeclaration_ WhileStatement_ BlockStatement_ StatementExpression_ MethodInvocation_ TryStatement_ StatementExpression_ MethodInvocation_ MethodInvocation_ CatchClause_ CatchClauseParameter_e,"package org apache log4j test import org apache log4j Category import org apache log4j PropertyConfigurator import org apache log4j xml DOMConfigurator public class DelayedLoop static Category cat Category getInstance DelayedLoop class static int loopLength public static void main String argv if argv length 1 init argv 0 else usage ""Wrong number of arguments."" test static void usage String msg System err println msg System err println ""Usage: java "" DelayedLoop class getName ""configFile"" System exit 1 static void init String configFile if configFile endsWith ""xml"" DOMConfigurator configureAndWatch configFile 3000 else PropertyConfigurator configureAndWatch configFile 3000 static void test int i 0 while true cat debug ""MSG "" i try Thread currentThread sleep 1000 catch Exception e"
org.apache.log4j.net.SimpleSocketServer,6,1,0,5,30,9,0,5,2,0.666666667,144,0.0,1,0.0,0.333333333,0,0,22.5,2,1.0,3,PackageDeclaration_org.apache.log4j.net ClassDeclaration_SimpleSocketServer FieldDeclaration_ MethodInvocation_ MethodInvocation_ FieldDeclaration_ MethodDeclaration_main FormalParameter_argv IfStatement_ StatementExpression_ MethodInvocation_ StatementExpression_ MethodInvocation_ TryStatement_ StatementExpression_ MethodInvocation_ LocalVariableDeclaration_ WhileStatement_ BlockStatement_ StatementExpression_ MethodInvocation_ LocalVariableDeclaration_ MethodInvocation_ StatementExpression_ MethodInvocation_ MethodInvocation_ StatementExpression_ MethodInvocation_ StatementExpression_ MethodInvocation_ MethodInvocation_ CatchClause_ CatchClauseParameter_e StatementExpression_ MethodInvocation_ MethodDeclaration_usage FormalParameter_msg StatementExpression_ MethodInvocation_ StatementExpression_ MethodInvocation_ MethodInvocation_ StatementExpression_ MethodInvocation_ MethodDeclaration_init FormalParameter_portStr FormalParameter_configFile TryStatement_ StatementExpression_ MethodInvocation_ CatchClause_ CatchClauseParameter_e StatementExpression_ MethodInvocation_ StatementExpression_ MethodInvocation_ StatementExpression_ MethodInvocation_,"package org apache log4j net import java net Socket import java net ServerSocket import org apache log4j Category import org apache log4j LogManager import org apache log4j PropertyConfigurator public class SimpleSocketServer static Category cat Category getInstance SimpleSocketServer class getName static int port public static void main String argv if argv length 2 init argv 0 argv 1 else usage ""Wrong number of arguments."" try cat info ""Listening on port "" port ServerSocket serverSocket new ServerSocket port while true cat info ""Waiting to accept a new client."" Socket socket serverSocket accept cat info ""Connected to client at "" socket getInetAddress cat info ""Starting new socket node."" new Thread new SocketNode socket LogManager getLoggerRepository start catch Exception e e printStackTrace static void usage String msg System err println msg System err println ""Usage: java "" SimpleSocketServer class getName "" port configFile"" System exit 1 static void init String portStr String configFile try port Integer parseInt portStr catch java lang NumberFormatException e e printStackTrace usage ""Could not interpret port number ["" portStr ""]."" PropertyConfigurator configure configFile"
org.apache.log4j.test.L7D,6,1,0,3,25,13,0,3,2,0.7,202,0.0,0,0.0,0.277777778,0,0,32.33333333,2,1.3333,0,PackageDeclaration_org.apache.log4j.test ClassDeclaration_L7D FieldDeclaration_ MethodDeclaration_main FormalParameter_args IfStatement_ StatementExpression_ MethodInvocation_ StatementExpression_ MethodInvocation_ StatementExpression_ MethodInvocation_ MethodDeclaration_Usage FormalParameter_msg StatementExpression_ MethodInvocation_ StatementExpression_ MethodInvocation_ MethodInvocation_ StatementExpression_ MethodInvocation_ MethodDeclaration_init FormalParameter_configFile FormalParameter_lanCode FormalParameter_countryCode StatementExpression_ MethodInvocation_ StatementExpression_ TryStatement_ StatementExpression_ MethodInvocation_ StatementExpression_ MethodInvocation_ StatementExpression_ MethodInvocation_ CatchClause_ CatchClauseParameter_e StatementExpression_ MethodInvocation_ MethodDeclaration_test LocalVariableDeclaration_ MethodInvocation_ ForStatement_ VariableDeclaration_ BlockStatement_ StatementExpression_ MethodInvocation_ StatementExpression_ MethodInvocation_ StatementExpression_ MethodInvocation_ StatementExpression_ MethodInvocation_ StatementExpression_ MethodInvocation_ StatementExpression_ MethodInvocation_ StatementExpression_ MethodInvocation_ StatementExpression_ MethodInvocation_,"package org apache log4j test import org apache log4j import java util import java text public class L7D static ResourceBundle bundles public static void main String args if args length 3 init args 0 args 1 args 2 else Usage ""Wrong number of arguments."" test static void Usage String msg System err println msg System err println ""Usage: java "" L7D class getName ""configFile ISO639LanguageCode ISO2166CountryCode"" System exit 1 static void init String configFile String lanCode String countryCode PropertyConfigurator configure configFile bundles new ResourceBundle 3 try bundles 0 ResourceBundle getBundle ""L7D"" new Locale ""en"" ""US"" bundles 1 ResourceBundle getBundle ""L7D"" new Locale ""fr"" ""FR"" bundles 2 ResourceBundle getBundle ""L7D"" new Locale ""fr"" ""CH"" catch MissingResourceException e e printStackTrace static void test Category root Category getRoot for int i 0 i bundles length i root setResourceBundle bundles i root l7dlog Priority DEBUG ""bogus1"" null root l7dlog Priority INFO ""test"" null root l7dlog Priority WARN ""hello_world"" null root l7dlog Priority DEBUG ""msg1"" new Object new Integer i 1 ""log4j"" null root l7dlog Priority ERROR ""bogusMsg"" new Object new Integer i 1 ""log4j"" null root l7dlog Priority ERROR ""msg1"" new Object new Integer i 1 ""log4j"" null root l7dlog Priority INFO ""bogus2"" null"
org.apache.log4j.net.JMSAppender,13,2,0,5,35,48,0,5,11,0.791666667,259,0.0,0,0.6,0.292307692,1,2,18.46153846,5,1.5385,3,PackageDeclaration_org.apache.log4j.net ClassDeclaration_JMSAppender FieldDeclaration_ FieldDeclaration_ FieldDeclaration_ FieldDeclaration_ FieldDeclaration_ FieldDeclaration_ ConstructorDeclaration_JMSAppender MethodDeclaration_setTopicConnectionFactoryBindingName FormalParameter_tcfBindingName StatementExpression_ MethodDeclaration_getTopicConnectionFactoryBindingName ReturnStatement_ MethodDeclaration_setTopicBindingName FormalParameter_topicBindingName StatementExpression_ MethodDeclaration_getTopicBindingName ReturnStatement_ MethodDeclaration_getLocationInfo ReturnStatement_ MethodDeclaration_activateOptions LocalVariableDeclaration_ TryStatement_ LocalVariableDeclaration_ StatementExpression_ MethodInvocation_ StatementExpression_ MethodInvocation_ StatementExpression_ MethodInvocation_ StatementExpression_ MethodInvocation_ LocalVariableDeclaration_ MethodInvocation_ StatementExpression_ MethodInvocation_ StatementExpression_ MethodInvocation_ CatchClause_ CatchClauseParameter_e StatementExpression_ MethodInvocation_ MethodDeclaration_lookup FormalParameter_ctx FormalParameter_name TryStatement_ ReturnStatement_ MethodInvocation_ CatchClause_ CatchClauseParameter_e StatementExpression_ MethodInvocation_ ThrowStatement_ MethodDeclaration_checkEntryConditions LocalVariableDeclaration_ IfStatement_ BlockStatement_ StatementExpression_ IfStatement_ BlockStatement_ StatementExpression_ IfStatement_ BlockStatement_ StatementExpression_ IfStatement_ BlockStatement_ StatementExpression_ MethodInvocation_ ReturnStatement_ BlockStatement_ ReturnStatement_ MethodDeclaration_close IfStatement_ ReturnStatement_ StatementExpression_ MethodInvocation_ StatementExpression_ TryStatement_ IfStatement_ StatementExpression_ MethodInvocation_ IfStatement_ StatementExpression_ MethodInvocation_ CatchClause_ CatchClauseParameter_e StatementExpression_ MethodInvocation_ StatementExpression_ StatementExpression_ StatementExpression_ MethodDeclaration_append FormalParameter_event IfStatement_ MethodInvocation_ BlockStatement_ ReturnStatement_ TryStatement_ LocalVariableDeclaration_ MethodInvocation_ IfStatement_ BlockStatement_ StatementExpression_ MethodInvocation_ StatementExpression_ MethodInvocation_ StatementExpression_ MethodInvocation_ CatchClause_ CatchClauseParameter_e StatementExpression_ MethodInvocation_ MethodDeclaration_setLocationInfo FormalParameter_locationInfo StatementExpression_ MethodDeclaration_requiresLayout ReturnStatement_,"package org apache log4j net import org apache log4j AppenderSkeleton import org apache log4j spi LoggingEvent import org apache log4j spi ErrorCode import org apache log4j helpers LogLog import javax jms import javax naming InitialContext import javax naming Context import javax naming NameNotFoundException import javax naming NamingException public class JMSAppender extends AppenderSkeleton TopicConnection topicConnection TopicSession topicSession TopicPublisher topicPublisher String topicBindingName String tcfBindingName boolean locationInfo public JMSAppender public void setTopicConnectionFactoryBindingName String tcfBindingName this tcfBindingName tcfBindingName public String getTopicConnectionFactoryBindingName return tcfBindingName public void setTopicBindingName String topicBindingName this topicBindingName topicBindingName public String getTopicBindingName return topicBindingName public boolean getLocationInfo return locationInfo public void activateOptions TopicConnectionFactory topicConnectionFactory try Context ctx new InitialContext topicConnectionFactory TopicConnectionFactory lookup ctx tcfBindingName topicConnection topicConnectionFactory createTopicConnection topicConnection start topicSession topicConnection createTopicSession false Session AUTO_ACKNOWLEDGE Topic topic Topic lookup ctx topicBindingName topicPublisher topicSession createPublisher topic ctx close catch Exception e errorHandler error ""Error while activating options for appender named ["" name ""]."" e ErrorCode GENERIC_FAILURE protected Object lookup Context ctx String name throws NamingException try return ctx lookup name catch NameNotFoundException e LogLog error ""Could not find name ["" name ""]."" throw e protected boolean checkEntryConditions String fail null if this topicConnection null fail ""No TopicConnection"" else if this topicSession null fail ""No TopicSession"" else if this topicPublisher null fail ""No TopicPublisher"" if fail null errorHandler error fail "" for JMSAppender named ["" name ""]."" return false else return true public synchronized void close if this closed return LogLog debug ""Closing appender ["" name ""]."" this closed true try if topicSession null topicSession close if topicConnection null topicConnection close catch Exception e LogLog error ""Error while closing JMSAppender ["" name ""]."" e topicPublisher null topicSession null topicConnection null public void append LoggingEvent event if checkEntryConditions return try ObjectMessage msg topicSession createObjectMessage if locationInfo event getLocationInformation msg setObject event topicPublisher publish msg catch Exception e errorHandler error ""Could not publish message in JMSAppender ["" name ""]."" e ErrorCode GENERIC_FAILURE public void setLocationInfo boolean locationInfo this locationInfo locationInfo public boolean requiresLayout return false"
org.apache.log4j.helpers.NullEnumeration,5,1,0,1,7,8,1,0,3,0.75,22,1.0,1,0.0,0.75,0,0,3.2,1,0.6,2,PackageDeclaration_org.apache.log4j.helpers ClassDeclaration_NullEnumeration FieldDeclaration_ ConstructorDeclaration_NullEnumeration MethodDeclaration_getInstance ReturnStatement_ MethodDeclaration_hasMoreElements ReturnStatement_ MethodDeclaration_nextElement ThrowStatement_,package org apache log4j helpers import java util Enumeration import java util NoSuchElementException public class NullEnumeration implements Enumeration private static final NullEnumeration instance new NullEnumeration private NullEnumeration public static NullEnumeration getInstance return instance public boolean hasMoreElements return false public Object nextElement throw new NoSuchElementException
org.apache.log4j.net.SocketServer,8,1,0,10,48,6,0,10,2,0.666666667,358,0.0,3,0.0,0.257142857,0,0,42.625,3,1.75,3,PackageDeclaration_org.apache.log4j.net ClassDeclaration_SocketServer FieldDeclaration_ FieldDeclaration_ FieldDeclaration_ MethodInvocation_ FieldDeclaration_ FieldDeclaration_ FieldDeclaration_ FieldDeclaration_ FieldDeclaration_ MethodDeclaration_main FormalParameter_argv IfStatement_ StatementExpression_ MethodInvocation_ StatementExpression_ MethodInvocation_ TryStatement_ StatementExpression_ MethodInvocation_ LocalVariableDeclaration_ WhileStatement_ BlockStatement_ StatementExpression_ MethodInvocation_ LocalVariableDeclaration_ MethodInvocation_ LocalVariableDeclaration_ MethodInvocation_ StatementExpression_ MethodInvocation_ LocalVariableDeclaration_ MethodInvocation_ IfStatement_ BlockStatement_ StatementExpression_ MethodInvocation_ StatementExpression_ MethodInvocation_ StatementExpression_ MethodInvocation_ CatchClause_ CatchClauseParameter_e StatementExpression_ MethodInvocation_ MethodDeclaration_usage FormalParameter_msg StatementExpression_ MethodInvocation_ StatementExpression_ MethodInvocation_ MethodInvocation_ StatementExpression_ MethodInvocation_ MethodDeclaration_init FormalParameter_portStr FormalParameter_configFile FormalParameter_dirStr TryStatement_ StatementExpression_ MethodInvocation_ CatchClause_ CatchClauseParameter_e StatementExpression_ MethodInvocation_ StatementExpression_ MethodInvocation_ StatementExpression_ MethodInvocation_ LocalVariableDeclaration_ IfStatement_ MethodInvocation_ BlockStatement_ StatementExpression_ MethodInvocation_ StatementExpression_ ConstructorDeclaration_SocketServer FormalParameter_directory StatementExpression_ StatementExpression_ MethodDeclaration_configureHierarchy FormalParameter_inetAddress StatementExpression_ MethodInvocation_ LocalVariableDeclaration_ MethodInvocation_ LocalVariableDeclaration_ MethodInvocation_ IfStatement_ BlockStatement_ StatementExpression_ MethodInvocation_ ReturnStatement_ MethodInvocation_ BlockStatement_ LocalVariableDeclaration_ MethodInvocation_ LocalVariableDeclaration_ IfStatement_ MethodInvocation_ BlockStatement_ LocalVariableDeclaration_ StatementExpression_ MethodInvocation_ StatementExpression_ MethodInvocation_ MethodInvocation_ ReturnStatement_ BlockStatement_ StatementExpression_ MethodInvocation_ ReturnStatement_ MethodInvocation_ MethodDeclaration_genericHierarchy IfStatement_ BlockStatement_ LocalVariableDeclaration_ IfStatement_ MethodInvocation_ BlockStatement_ StatementExpression_ StatementExpression_ MethodInvocation_ MethodInvocation_ BlockStatement_ StatementExpression_ MethodInvocation_ StatementExpression_ MethodInvocation_ ReturnStatement_,"package org apache log4j net import java net Socket import java net ServerSocket import java net InetAddress import java io File import java util Hashtable import org apache log4j import org apache log4j spi public class SocketServer static String GENERIC ""generic"" static String CONFIG_FILE_EXT "".lcf"" static Category cat Category getInstance SocketServer class static SocketServer server static int port Hashtable hierarchyMap LoggerRepository genericHierarchy File dir public static void main String argv if argv length 3 init argv 0 argv 1 argv 2 else usage ""Wrong number of arguments."" try cat info ""Listening on port "" port ServerSocket serverSocket new ServerSocket port while true cat info ""Waiting to accept a new client."" Socket socket serverSocket accept InetAddress inetAddress socket getInetAddress cat info ""Connected to client at "" inetAddress LoggerRepository h LoggerRepository server hierarchyMap get inetAddress if h null h server configureHierarchy inetAddress cat info ""Starting new socket node."" new Thread new SocketNode socket h start catch Exception e e printStackTrace static void usage String msg System err println msg System err println ""Usage: java "" SocketServer class getName "" port configFile directory"" System exit 1 static void init String portStr String configFile String dirStr try port Integer parseInt portStr catch java lang NumberFormatException e e printStackTrace usage ""Could not interpret port number ["" portStr ""]."" PropertyConfigurator configure configFile File dir new File dirStr if dir isDirectory usage ""["" dirStr ""] is not a directory."" server new SocketServer dir public SocketServer File directory this dir directory hierarchyMap new Hashtable 11 LoggerRepository configureHierarchy InetAddress inetAddress cat info ""Locating configuration file for "" inetAddress String s inetAddress toString int i s indexOf ""/"" if i 1 cat warn ""Could not parse the inetAddress ["" inetAddress ""]. Using default hierarchy."" return genericHierarchy else String key s substring 0 i File configFile new File dir key CONFIG_FILE_EXT if configFile exists Hierarchy h new Hierarchy new RootCategory Level Priority DEBUG hierarchyMap put inetAddress h new PropertyConfigurator doConfigure configFile getAbsolutePath h return h else cat warn ""Could not find config file ["" configFile ""]."" return genericHierarchy LoggerRepository genericHierarchy if genericHierarchy null File f new File dir GENERIC CONFIG_FILE_EXT if f exists genericHierarchy new Hierarchy new RootCategory Level Priority DEBUG new PropertyConfigurator doConfigure f getAbsolutePath genericHierarchy else cat warn ""Could not find config file ["" f ""]. Will use the default hierarchy."" genericHierarchy LogManager getLoggerRepository return genericHierarchy"
org.apache.log4j.test.MDCStress,10,2,0,6,38,9,0,6,6,0.747474747,327,0.0,2,0.884057971,0.222222222,0,0,30.6,4,2.0,1,PackageDeclaration_org.apache.log4j.test ClassDeclaration_MDCStress FieldDeclaration_ MethodInvocation_ FieldDeclaration_ MethodInvocation_ FieldDeclaration_ FieldDeclaration_ FieldDeclaration_ FieldDeclaration_ FieldDeclaration_ FieldDeclaration_ MethodDeclaration_main FormalParameter_args LocalVariableDeclaration_ LocalVariableDeclaration_ StatementExpression_ MethodInvocation_ IfStatement_ BlockStatement_ StatementExpression_ MethodInvocation_ TryStatement_ StatementExpression_ MethodInvocation_ CatchClause_ CatchClauseParameter_e StatementExpression_ MethodInvocation_ StatementExpression_ MethodInvocation_ WhileStatement_ BlockStatement_ SynchronizedStatement_ StatementExpression_ MethodInvocation_ MethodInvocation_ TryStatement_ StatementExpression_ MethodInvocation_ StatementExpression_ MethodInvocation_ StatementExpression_ MethodInvocation_ CatchClause_ CatchClauseParameter_e StatementExpression_ MethodInvocation_ MethodDeclaration_usage StatementExpression_ MethodInvocation_ StatementExpression_ MethodInvocation_ MethodDeclaration_createChildren FormalParameter_n FormalParameter_currentDepth IfStatement_ ReturnStatement_ SynchronizedStatement_ StatementExpression_ MethodInvocation_ ForStatement_ VariableDeclaration_ BlockStatement_ StatementExpression_ StatementExpression_ StatementExpression_ MethodInvocation_ StatementExpression_ MethodInvocation_ FieldDeclaration_ FieldDeclaration_ ConstructorDeclaration_MDCStress FormalParameter_depth FormalParameter_totalThreads StatementExpression_ StatementExpression_ MethodDeclaration_run StatementExpression_ MethodInvocation_ StatementExpression_ MethodInvocation_ MethodInvocation_ StatementExpression_ MethodInvocation_ StatementExpression_ MethodInvocation_ StatementExpression_ MethodInvocation_ StatementExpression_ MethodInvocation_ MethodInvocation_ SynchronizedStatement_ StatementExpression_ StatementExpression_ MethodInvocation_ IfStatement_ BlockStatement_ StatementExpression_ MethodInvocation_ MethodDeclaration_maxThreadsConstained FormalParameter_a LocalVariableDeclaration_ ReturnStatement_ MethodDeclaration_randomInt FormalParameter_n LocalVariableDeclaration_ MethodInvocation_ ReturnStatement_ MethodDeclaration_randomID ReturnStatement_ MethodInvocation_ MethodInvocation_,"package org apache log4j test import org apache log4j import java util Random public class MDCStress extends Thread static Category root Category getRoot static Category log Category getInstance MDCStress class static Random random new Random 17 static final int BRANCHING_FACTOR 2 static final int LOOP_LENGTH 12 static int maxThreads static int threadCounter 0 static int totalThreads 0 public static void main String args Layout layout new PatternLayout ""%r [%t] depth=%X{depth} total=%X{total} - %m%n"" Appender appender new ConsoleAppender layout root addAppender appender if args length 1 usage try maxThreads Integer parseInt args 0 catch java lang NumberFormatException e System err println e usage while true synchronized MDCStress class createChildren randomInt BRANCHING_FACTOR 1 0 try root debug ""About to wait for notification."" MDCStress class wait root debug ""Got a notification."" catch InterruptedException e root warn ""Unpextected InterruptedException received."" e static void usage System err println ""Usage: "" MDCStress class "" maxThreads"" System exit 1 public static void createChildren int n int currentDepth if n 0 return synchronized MDCStress class n maxThreadsConstained n for int i 0 i n i threadCounter totalThreads log debug ""Creating Thread-"" totalThreads 1 new MDCStress currentDepth 1 totalThreads 1 start int depth int total MDCStress int depth int totalThreads this depth depth this total totalThreads public void run log debug ""Entered run()"" createChildren randomInt BRANCHING_FACTOR depth MDC put ""depth"" new Integer depth MDC put ""total"" new Integer this total log debug ""Set MDC variables."" createChildren randomInt BRANCHING_FACTOR depth synchronized MDCStress class threadCounter root debug ""Exiting run loop. "" threadCounter if threadCounter 0 MDCStress class notify static public int maxThreadsConstained int a int maxAllowed MDCStress maxThreads MDCStress threadCounter return a maxAllowed a maxAllowed public static int randomInt int n int r random nextInt n return r 0 r r public static String randomID return Integer toHexString random nextInt 0xFFFFFF"
org.apache.log4j.helpers.DateLayout,11,2,1,7,27,19,1,6,11,0.911111111,198,0.555555556,0,0.444444444,0.303030303,0,0,16.18181818,7,2.0,2,PackageDeclaration_org.apache.log4j.helpers ClassDeclaration_DateLayout FieldDeclaration_ FieldDeclaration_ FieldDeclaration_ FieldDeclaration_ FieldDeclaration_ FieldDeclaration_ FieldDeclaration_ FieldDeclaration_ FieldDeclaration_ MethodDeclaration_getOptionStrings ReturnStatement_ MethodDeclaration_setOption FormalParameter_option FormalParameter_value IfStatement_ MethodInvocation_ BlockStatement_ StatementExpression_ MethodInvocation_ IfStatement_ MethodInvocation_ BlockStatement_ StatementExpression_ MethodDeclaration_setDateFormat FormalParameter_dateFormat IfStatement_ BlockStatement_ StatementExpression_ StatementExpression_ MethodInvocation_ MethodInvocation_ MethodDeclaration_getDateFormat ReturnStatement_ MethodDeclaration_setTimeZone FormalParameter_timeZone StatementExpression_ MethodDeclaration_getTimeZone ReturnStatement_ MethodDeclaration_activateOptions StatementExpression_ MethodInvocation_ IfStatement_ BlockStatement_ StatementExpression_ MethodInvocation_ MethodInvocation_ MethodDeclaration_dateFormat FormalParameter_buf FormalParameter_event IfStatement_ BlockStatement_ StatementExpression_ MethodInvocation_ StatementExpression_ MethodInvocation_ StatementExpression_ MethodInvocation_ MethodDeclaration_setDateFormat FormalParameter_dateFormat FormalParameter_timeZone StatementExpression_ StatementExpression_ MethodInvocation_ MethodDeclaration_setDateFormat FormalParameter_dateFormatType FormalParameter_timeZone IfStatement_ BlockStatement_ StatementExpression_ ReturnStatement_ IfStatement_ MethodInvocation_ BlockStatement_ StatementExpression_ IfStatement_ MethodInvocation_ BlockStatement_ StatementExpression_ IfStatement_ MethodInvocation_ BlockStatement_ StatementExpression_ IfStatement_ MethodInvocation_ BlockStatement_ StatementExpression_ IfStatement_ MethodInvocation_ BlockStatement_ StatementExpression_ BlockStatement_ StatementExpression_ StatementExpression_ MethodInvocation_,"package org apache log4j helpers import org apache log4j Layout import org apache log4j helpers RelativeTimeDateFormat import org apache log4j helpers AbsoluteTimeDateFormat import org apache log4j helpers DateTimeDateFormat import org apache log4j helpers ISO8601DateFormat import org apache log4j spi LoggingEvent import java text DateFormat import java text SimpleDateFormat import java util Date import java util TimeZone import java text FieldPosition abstract public class DateLayout extends Layout public final static String NULL_DATE_FORMAT ""NULL"" public final static String RELATIVE_TIME_DATE_FORMAT ""RELATIVE"" protected FieldPosition pos new FieldPosition 0 final static public String DATE_FORMAT_OPTION ""DateFormat"" final static public String TIMEZONE_OPTION ""TimeZone"" private String timeZoneID private String dateFormatOption protected DateFormat dateFormat protected Date date new Date public String getOptionStrings return new String DATE_FORMAT_OPTION TIMEZONE_OPTION public void setOption String option String value if option equalsIgnoreCase DATE_FORMAT_OPTION dateFormatOption value toUpperCase else if option equalsIgnoreCase TIMEZONE_OPTION timeZoneID value public void setDateFormat String dateFormat if dateFormat null dateFormatOption dateFormat setDateFormat dateFormatOption TimeZone getDefault public String getDateFormat return dateFormatOption public void setTimeZone String timeZone this timeZoneID timeZone public String getTimeZone return timeZoneID public void activateOptions setDateFormat dateFormatOption if timeZoneID null dateFormat null dateFormat setTimeZone TimeZone getTimeZone timeZoneID public void dateFormat StringBuffer buf LoggingEvent event if dateFormat null date setTime event timeStamp dateFormat format date buf this pos buf append ' ' public void setDateFormat DateFormat dateFormat TimeZone timeZone this dateFormat dateFormat this dateFormat setTimeZone timeZone public void setDateFormat String dateFormatType TimeZone timeZone if dateFormatType null this dateFormat null return if dateFormatType equalsIgnoreCase NULL_DATE_FORMAT this dateFormat null else if dateFormatType equalsIgnoreCase RELATIVE_TIME_DATE_FORMAT this dateFormat new RelativeTimeDateFormat else if dateFormatType equalsIgnoreCase AbsoluteTimeDateFormat ABS_TIME_DATE_FORMAT this dateFormat new AbsoluteTimeDateFormat timeZone else if dateFormatType equalsIgnoreCase AbsoluteTimeDateFormat DATE_AND_TIME_DATE_FORMAT this dateFormat new DateTimeDateFormat timeZone else if dateFormatType equalsIgnoreCase AbsoluteTimeDateFormat ISO8601_DATE_FORMAT this dateFormat new ISO8601DateFormat timeZone else this dateFormat new SimpleDateFormat dateFormatType this dateFormat setTimeZone timeZone"
org.apache.log4j.net.test.SocketMin,8,1,0,7,42,14,0,7,2,0.75,308,0.0,2,0.0,0.238095238,0,0,37.0,4,1.5,2,PackageDeclaration_org.apache.log4j.net.test ClassDeclaration_SocketMin FieldDeclaration_ MethodInvocation_ MethodInvocation_ FieldDeclaration_ MethodDeclaration_main FormalParameter_argv IfStatement_ StatementExpression_ MethodInvocation_ StatementExpression_ MethodInvocation_ StatementExpression_ MethodInvocation_ IfStatement_ MethodInvocation_ StatementExpression_ MethodInvocation_ StatementExpression_ MethodInvocation_ StatementExpression_ MethodInvocation_ MethodDeclaration_usage FormalParameter_msg StatementExpression_ MethodInvocation_ StatementExpression_ MethodInvocation_ StatementExpression_ MethodInvocation_ MethodDeclaration_init FormalParameter_host FormalParameter_portStr LocalVariableDeclaration_ MethodInvocation_ StatementExpression_ MethodInvocation_ TryStatement_ LocalVariableDeclaration_ MethodInvocation_ StatementExpression_ MethodInvocation_ StatementExpression_ StatementExpression_ MethodInvocation_ StatementExpression_ MethodInvocation_ CatchClause_ CatchClauseParameter_e StatementExpression_ MethodInvocation_ StatementExpression_ MethodInvocation_ CatchClause_ CatchClauseParameter_e StatementExpression_ MethodInvocation_ StatementExpression_ MethodInvocation_ StatementExpression_ MethodInvocation_ MethodDeclaration_loop LocalVariableDeclaration_ MethodInvocation_ LocalVariableDeclaration_ StatementExpression_ MethodInvocation_ LocalVariableDeclaration_ LocalVariableDeclaration_ WhileStatement_ BlockStatement_ StatementExpression_ MethodInvocation_ StatementExpression_ MethodInvocation_ StatementExpression_ MethodInvocation_ StatementExpression_ MethodInvocation_ TryStatement_ StatementExpression_ MethodInvocation_ CatchClause_ CatchClauseParameter_e ReturnStatement_ IfStatement_ BreakStatement_ IfStatement_ BreakStatement_ IfStatement_ BlockStatement_ StatementExpression_ MethodInvocation_ StatementExpression_ MethodInvocation_ MethodDeclaration_test LocalVariableDeclaration_ StatementExpression_ MethodInvocation_ StatementExpression_ MethodInvocation_ StatementExpression_ MethodInvocation_ StatementExpression_ MethodInvocation_ StatementExpression_ MethodInvocation_ StatementExpression_ MethodInvocation_,"package org apache log4j net test import org apache log4j Category import org apache log4j BasicConfigurator import org apache log4j net SocketAppender import org apache log4j Priority import org apache log4j NDC import java io InputStreamReader public class SocketMin static Category cat Category getInstance SyslogMin class getName static SocketAppender s public static void main String argv if argv length 3 init argv 0 argv 1 else usage ""Wrong number of arguments."" NDC push ""some context"" if argv 2 equals ""true"" loop else test s close static void usage String msg System err println msg System err println ""Usage: java "" SocketMin class "" host port true|false"" System exit 1 static void init String host String portStr Category root Category getRoot BasicConfigurator configure try int port Integer parseInt portStr cat info ""Creating socket appender ("" host "","" port "")."" s new SocketAppender host port s setName ""S"" root addAppender s catch java lang NumberFormatException e e printStackTrace usage ""Could not interpret port number ["" portStr ""]."" catch Exception e System err println ""Could not start!"" e printStackTrace System exit 1 static void loop Category root Category getRoot InputStreamReader in new InputStreamReader System in System out println ""Type 'q' to quit"" int i int k 0 while true cat debug ""Message "" k cat info ""Message "" k cat warn ""Message "" k cat error ""Message "" k new Exception ""Just testing"" try i in read catch Exception e return if i 1 break if i 'q' break if i 'r' System out println ""Removing appender S"" root removeAppender ""S"" static void test int i 0 cat debug ""Message "" i cat info ""Message "" i cat warn ""Message "" i cat error ""Message "" i cat log Priority FATAL ""Message "" i cat debug ""Message "" i new Exception ""Just testing."""
org.apache.log4j.xml.SAXErrorHandler,4,1,0,2,17,6,1,1,4,2.0,53,0.0,0,0.0,0.875,0,0,12.25,1,0.75,3,PackageDeclaration_org.apache.log4j.xml ClassDeclaration_SAXErrorHandler MethodDeclaration_error FormalParameter_ex StatementExpression_ MethodInvocation_ MethodInvocation_ MethodInvocation_ StatementExpression_ MethodInvocation_ MethodInvocation_ MethodInvocation_ MethodDeclaration_fatalError FormalParameter_ex StatementExpression_ MethodInvocation_ MethodDeclaration_warning FormalParameter_ex StatementExpression_ MethodInvocation_ MethodInvocation_ MethodInvocation_ StatementExpression_ MethodInvocation_ MethodInvocation_ MethodInvocation_,"package org apache log4j xml import org xml sax ErrorHandler import org xml sax SAXParseException import org apache log4j helpers LogLog public class SAXErrorHandler implements ErrorHandler public void error SAXParseException ex LogLog error ""Parsing error on line "" ex getLineNumber "" and column "" ex getColumnNumber LogLog error ex getMessage ex getException public void fatalError SAXParseException ex error ex public void warning SAXParseException ex LogLog warn ""Parsing error on line "" ex getLineNumber "" and column "" ex getColumnNumber LogLog warn ex getMessage ex getException"
